t,q_base,q_shoulder,q_elbow,qd_base,qd_shoulder,qd_elbow,qdd_base,qdd_shoulder,qdd_elbow,ee_x,ee_y,ee_z
0,0,0,0,-2.04282877226974e-06,1.03196201780527e-05,4.65361201056985e-05,-0.000608758895349814,0.00307522620852898,0.0138676708757804,-0.0388662168017259,-0.549467505035227,0.0618651928238058
0.01,-2.04282877226974e-08,1.03196201780527e-07,4.65361201056985e-07,-8.13041772576788e-06,4.10718822633425e-05,0.000185212828863502,-0.00121191288096874,0.00612213847301128,0.0276076605890675,-0.0388662232393126,-0.549467264431939,0.0618651911810313
0.02,-1.62608354515358e-07,8.2143764526685e-07,3.70425657727005e-06,-2.62810863916446e-05,0.000132762389638278,0.000598689331887048,-0.0024065388242327,0.0121569496900251,0.0548215206696392,-0.0388662680443262,-0.549465589842631,0.0618651797508633
0.03,-5.46050015555589e-07,2.75844399454609e-06,1.24391478387979e-05,-5.62611942104219e-05,0.000284210876063844,0.00128164324225629,-0.00357736956464648,0.0180715562874414,0.081493320430322,-0.0388663888748808,-0.54946107368672,0.061865148955449
0.04,-1.28783223872379e-06,6.50565516654373e-06,2.93371214223958e-05,-9.78284776845743e-05,0.000494193515387106,0.00222855574049349,-0.00472405607852723,0.0238641951258873,0.107615109029495,-0.0388666226140891,-0.549452337013078,0.0618650895060651
0.05,-2.50261956924707e-06,1.26423143022882e-05,5.70102626486677e-05,-0.000150742315780966,0.00076149477858159,0.00343394542284619,-0.00584676261231392,0.0295356959180089,0.133190628039686,-0.0388670053653064,-0.549438029305549,0.0618649925055316
0.06,-4.30267855434312e-06,2.17355507381755e-05,9.80160298793196e-05,-0.000214763729930853,0.00108490743374728,0.00489236830128721,-0.00694565341244557,0.0350868883764524,0.158223619033422,-0.0388675724438799,-0.549416828288126,0.0618648495871281
0.07,-6.79789416786413e-06,3.43404629772339e-05,0.000154857628674412,-0.000289655384029878,0.00146323254611064,0.00659841780351464,-0.00802089272536115,0.0405186022138635,0.182717823583231,-0.0388683583656755,-0.549387439729828,0.0618646530871583
0.08,-1.00957862349407e-05,5.10002016603883e-05,0.000229984385949612,-0.000375181584438076,0.00189527947802455,0.00854672477295182,-0.00907264479749969,0.0458316671428886,0.206676983261638,-0.0388693968326483,-0.54934859724935,0.0618643962483887
0.09,-1.43015258566256e-05,7.2246052537725e-05,0.000325792124133448,-0.000471108279979872,0.00237986588896841,0.0107319574687474,-0.0101010738753002,0.0510269128761738,0.230104839641174,-0.0388707207157113,-0.549299062119551,0.0618640734516869
0.1,-1.95179518345381e-05,9.85975194397565e-05,0.000444623535324561,-0.000577203061944081,0.00291581773554803,0.0131488215657753,-0.0111063442052018,0.0561051691263648,0.253005134294364,-0.038872362035151,-0.549237623071887,0.0618636804732667
0.11,-2.58455870955073e-05,0.000130562407248686,0.000588768555448954,-0.000693235164083907,0.00350196927149571,0.0157920601546347,-0.0120886200336431,0.0610672656061074,0.275381608793732,-0.0388743519388265,-0.549163096100874,0.0618632147650428
0.12,-3.33826551162162e-05,0.000168636904869671,0.000760464738417254,-0.000818975462616942,0.00413716304767018,0.01865645374165,-0.0130480656070634,0.0659140320280486,0.297238004711812,-0.0388767206783848,-0.549074324268732,0.0618626757556734
0.13,-4.22250963478461e-05,0.000213305668202089,0.000961897630281954,-0.000954196476225175,0.00482024991205668,0.0217368202488709,-0.0139848451719019,0.0706462981048344,0.318578063621129,-0.0388794975837113,-0.548970177510315,0.0618620651699661
0.14,-5.24665846407197e-05,0.000265041903110804,0.00119520114339467,-0.00109867236605498,0.00555008900976687,0.0250280150140725,-0.0148991229745971,0.0752648935491096,0.339405527094206,-0.0388827110358317,-0.54884955243852,0.0618613873643958
0.15,-6.41985436689457e-05,0.000324307448397427,0.0014624579305634,-0.00125217893571712,0.00632554778303887,0.028524930790755,-0.0157910632615884,0.0797706480735216,0.359724136703577,-0.0388863884384696,-0.548711372150324,0.0618606496765672
0.16,-7.75101633550621e-05,0.000391552858771582,0.00176569975920977,-0.00141449363128675,0.0071455019712373,0.0322224977481441,-0.0166608302793145,0.0841643913907152,0.379537634021763,-0.0388905561884575,-0.548554586033637,0.0618598627865388
0.17,-9.24884162946806e-05,0.000467217487822172,0.00210690788552629,-0.00158539554130341,0.00800883561085317,0.0361156834711903,-0.0175085882742146,0.0884469532133372,0.398849760621292,-0.0388952396451924,-0.548378169575195,0.0618590410879996
0.18,-0.00010921807418113,0.000551729570988645,0.00248801342863358,-0.00176466539677104,0.00891444103550404,0.0401994929605699,-0.018334501492728,0.0926191632540359,0.417664258074702,-0.0389004630993171,-0.548181124169691,0.0618582030673651
0.19,-0.000127781724230101,0.000645506308532253,0.00291089774473768,-0.00195208557115797,0.00986121887593389,0.0444689686326843,-0.0191387341812928,0.0966818512254519,0.435984867954502,-0.0389062497408035,-0.547962476930375,0.0618573716889442
0.2,-0.00014825978560429,0.000748953948507323,0.00337739280128727,-0.00214744008039689,0.0108480780600131,0.0489191903196599,-0.0199214505863486,0.100635846840235,0.453815331833228,-0.0389126216266042,-0.547721280501384,0.0618565747843867
0.21,-0.000170730525838039,0.000862467869732515,0.00388928155113088,-0.00235051458288494,0.0118739358127386,0.0535452752693489,-0.0206828149543352,0.104481979811034,0.471159391283426,-0.0389195996480354,-0.547456612872029,0.0618558454447114
0.22,-0.000195270077261988,0.000986432664762095,0.00444829830667424,-0.0025610963794836,0.0129377176562338,0.0583423781453285,-0.0214229915316901,0.108221079850489,0.488020787877593,-0.0389272034980418,-0.547167577193318,0.0618552224132725
0.23,-0.000221952453427711,0.00112122222285719,0.00505612911403745,-0.00277897441351874,0.0140383574097484,0.0633056910269008,-0.0221421445648523,0.111853976671245,0.50440326318825,-0.0389354516384928,-0.546853301596978,0.0618547504780944
0.24,-0.000250849565532363,0.00126719981295706,0.00571441212721226,-0.00300393927078064,0.0151747971896587,0.0684304434090935,-0.0228404383002622,0.115381499985957,0.520310558787964,-0.0389443612676494,-0.546512939017239,0.0618544808620782
0.25,-0.000282031238843324,0.00142471816665036,0.00642473798221932,-0.00323578317952399,0.0163459874094675,0.07371190220266,-0.0235180369843589,0.118804479507269,0.535746416249261,-0.0389539482879351,-0.546145667015672,0.0618544716096438
0.26,-0.000315565229122843,0.00159411956114641,0.00718865017126546,-0.00347430001046782,0.0175508867798041,0.0791453717340787,-0.0241751048635799,0.122123744947819,0.550714577144623,-0.0389642272741386,-0.545750687609344,0.0618547879684332
0.27,-0.000351517239052681,0.00177573590224645,0.0080076454169009,-0.00371928527679558,0.0187884623084239,0.0847261937455525,-0.0248118061843639,0.125340126020255,0.56521878304659,-0.0389752114421702,-0.545327227102576,0.061855502764776
0.28,-0.000389950934658754,0.00196988880731489,0.00888317404617651,-0.0039705361341551,0.0200576893002092,0.0904497473950105,-0.0254283051931507,0.128454452437227,0.579262775527705,-0.038986912618485,-0.544874535922574,0.0618566967716649
0.29,-0.000430927961735783,0.00217688968825063,0.0098166403648011,-0.0042278513806586,0.0213575513571684,0.0963114492561066,-0.0260247661363809,0.131467553911385,0.592850296160517,-0.0389993412102847,-0.544391888459208,0.0618584590680586
0.3,-0.000474507962271927,0.00239703983445826,0.0108094030312986,-0.00449103145688272,0.0226870403784368,0.102306753318221,-0.0266013532604925,0.134380260155371,0.605985086517537,-0.0390125061765995,-0.543878582909194,0.0618608873883849
0.31,-0.000520748590873437,0.00263063049581937,0.0118627754311655,-0.00475987844586845,0.0240451565602758,0.108431150986457,-0.0271582308119225,0.137193400881825,0.618670888171252,-0.0390264150003494,-0.543333941124948,0.0618640884611731
0.32,-0.000569705531189296,0.00287794296566378,0.0129780260510278,-0.00503419607312117,0.0254309083960733,0.114680171081646,-0.0276955630371122,0.1399078058034,0.630911442694239,-0.0390410736614763,-0.542757308468349,0.0618681783358012
0.33,-0.00062143251233586,0.00313924866374083,0.0141563788527984,-0.00531378970661069,0.0268433126763438,0.121049379840342,-0.0282135141825009,0.142524304632745,0.642710491659021,-0.0390564866112354,-0.542148053669652,0.0618732826963982
0.34,-0.00067598132532151,0.00341480921919065,0.0153990136478346,-0.00559846635677119,0.0282813944887282,0.127534380914826,-0.0287122484945237,0.145043727082488,0.654071776638056,-0.0390726567477269,-0.541505568691767,0.0618795371619913
0.35,-0.000733401839471284,0.0037048765535154,0.016707066471095,-0.00588803467650117,0.0297441872179936,0.134130815373103,-0.0291919302196226,0.147466902865292,0.664999039203937,-0.0390895853927451,-0.540829268600118,0.0618870875720436
0.36,-0.000793742018851533,0.00400969296355052,0.0180816299552967,-0.00618230496116364,0.0312307325460341,0.140834361698905,-0.0296527236042401,0.149794661693817,0.675496020929254,-0.0391072722700186,-0.540118591438267,0.0618960902565718
0.37,-0.000857047938694557,0.00432949120443608,0.0195237537050731,-0.00648108914858597,0.0327400804518699,0.147640735791688,-0.0300947928948104,0.152027833280678,0.68556646338644,-0.039125715484907,-0.539372998109477,0.0619067122900875
0.38,-0.000923363801823252,0.00466449457258792,0.0210344446711305,-0.00678420081905985,0.0342712892116477,0.154545690966634,-0.0305183023377713,0.154167247338528,0.695214108147981,-0.0391449115056183,-0.538591972264367,0.0619191317286508
0.39,-0.000992731955075754,0.00501491698866903,0.0226146675244057,-0.00709145519534139,0.0358234253986405,0.161545017954648,-0.0309234161795673,0.156213733580038,0.704442696786533,-0.0391648551460055,-0.537775020194787,0.0619335378293651
0.4,-0.00106519290573008,0.00538096308056074,0.0242653450302234,-0.00740266914265119,0.0373955638832484,0.168634544902364,-0.0313102986666315,0.158168121717821,0.713255970874511,-0.039185539549996,-0.536921670734035,0.0619501312516999
0.41,-0.00114078533792878,0.005762828266334,0.025987358422453,-0.00771766116867402,0.0389867878329969,0.175810137372138,-0.0316791140454033,0.160031241464527,0.721657671984448,-0.0392069561777039,-0.536031475163477,0.0619691242400557
0.42,-0.00121954612910356,0.00616069883722067,0.0277815477776662,-0.00803625142355926,0.040596188712539,0.183067698342053,-0.032030026562331,0.161803922532842,0.729651541689046,-0.0392290947932711,-0.535104007125665,0.0619907407870402
0.43,-0.00130151036639996,0.00657475204058478,0.0296487123892941,-0.00835826169992064,0.0422228662836538,0.190403168205919,-0.032363200463843,0.163486994635365,0.73724132156061,-0.0392519434544794,-0.53413886254395,0.06201521677696
0.44,-0.00138671136310197,0.00700515616289375,0.0315896111417846,-0.00868351543283612,0.0438659286052463,0.197812524773266,-0.0326787999963814,0.165081287484764,0.744430753171772,-0.0392754885041706,-0.533135659548637,0.0620428001090725
0.45,-0.00147518067505669,0.00745207061268971,0.0336049628847594,-0.00901183769984827,0.045524492033349,0.205291783269355,-0.0329769894063908,0.166587630793702,0.751223578095126,-0.0392997145635103,-0.532094038409636,0.0620737508001848
0.46,-0.00156694811709894,0.00791564600356073,0.0356954468071717,-0.00934305522096393,0.0471976812211203,0.212836996335168,-0.0332579329402988,0.16800685427477,0.757623537902971,-0.0393246045271254,-0.531013661475573,0.0621083410662197
0.47,-0.00166204177947596,0.00839602423711211,0.0378617028114628,-0.00967699635865425,0.0488846291188444,0.220444254027414,-0.0335217948445449,0.169339787640618,0.763634374167868,-0.0393501395601412,-0.529894213119287,0.0621468553824158
0.48,-0.00176048804427202,0.00889333858593762,0.0401043318877199,-0.0100134911178548,0.0505844769739327,0.228109683818526,-0.0337687393655821,0.170587260603968,0.769259828462651,-0.0393762990971447,-0.528735399689605,0.0621895905218484
0.49,-0.00186231160183306,0.00940771377659076,0.0424238964878333,-0.0103523711459659,0.0522963743309238,0.235829450596667,-0.0339989307498517,0.171750102877471,0.774503642359865,-0.0394030608430918,-0.527536949469263,0.062236855572017
0.5,-0.00196753546719134,0.00993926607255609,0.0448209208996533,-0.0106934697328519,0.0540194790314821,0.243599756665723,-0.0342125332437723,0.172829144173669,0.77936955743157,-0.0394304007761767,-0.52629861263881,0.062288971929256
0.51,-0.0020761809964901,0.0104881033572204,0.0472958916211477,-0.0110366218108413,0.0557529572143972,0.251416841745298,-0.0344097110937835,0.173825214205224,0.783861315250389,-0.0394582931526773,-0.525020161246296,0.0623462732707797
0.52,-0.00218826790340817,0.011054325216844,0.0498492577345592,-0.0113816639547275,0.0574959833155866,0.259276982970731,-0.034590628546345,0.174739142684865,0.787982657389235,-0.039486710513788,-0.523701389182526,0.0624091055041937
0.53,-0.00230381427558465,0.0116380230235321,0.0524814312805624,-0.0117284343817682,0.0592477400680945,0.267176494893083,-0.0347554498478859,0.17557175932519,0.791737325420443,-0.0395156236944473,-0.522342112161624,0.0624778266943443
0.54,-0.00242283659104353,0.0122392800182059,0.0551927876324209,-0.0120767729516853,0.0610074185020904,0.275111729479139,-0.0349043392448335,0.176323893838824,0.795129060916307,-0.039545001834165,-0.520942167706617,0.0625528069674101
0.55,-0.00254534973461835,0.0128581713935739,0.0579836658701452,-0.0124265211666649,0.0627742179448709,0.283079076111409,-0.0350374609836461,0.176996375938474,0.79816160544974,-0.0395748123898528,-0.519501415139732,0.0626344283921673
0.56,-0.00267136701437683,0.0134947643771033,0.0608543691546491,-0.0127775221713582,0.0645473460208599,0.291074961588134,-0.0351549793107549,0.17759003533674,0.800838700593091,-0.0396050211506558,-0.518019735577066,0.0627230848384016
0.57,-0.00280090017804552,0.0141491183139911,0.0638051651019078,-0.01312962075288,0.0663260186516057,0.299095850123271,-0.0352570584725844,0.178105701746211,0.803164087918507,-0.0396355922547831,-0.516497031927242,0.0628191818124615
0.58,-0.00293395942943443,0.0148212847501355,0.0668362861571145,-0.0134826633408099,0.0681094600557841,0.307138243346504,-0.0353438627155963,0.178544204879649,0.805141508999199,-0.0396664882083315,-0.514933228893663,0.0629231362699864
0.59,-0.00307055344486171,0.0155113075151068,0.0699479299688379,-0.0138364980071919,0.0698969027491987,0.315198680303255,-0.0354155562862289,0.178906374449709,0.806774705407636,-0.0396976699060933,-0.513328272979936,0.0630353764058711
0.6,-0.00321068938957827,0.0162192228051194,0.0731402597631796,-0.0141909744665344,0.0716875875447783,0.323273737454657,-0.0354723034309043,0.179193040168936,0.808067418715771,-0.0397290966543387,-0.511682132498004,0.063156341421557
0.61,-0.0033543729341924,0.0169450592660024,0.0764134047179311,-0.01454594407581,0.0734807635525774,0.33136002867757,-0.0355142683960594,0.179405031749944,0.809023390496293,-0.0397607261955581,-0.509994797578504,0.0632864812697795
0.62,-0.00350160827109447,0.017688838076171,0.079767460336731,-0.0149012598344556,0.0752756881797772,0.339454205264583,-0.0355416154281526,0.179543178905513,0.809646362322119,-0.0397925147351498,-0.508266280182858,0.0634262563769205
0.63,-0.00365239813088152,0.0184505730295979,0.0832024888232227,-0.0152567763843731,0.0770716271306877,0.347552955924013,-0.0355545087736238,0.179608311348284,0.809940075765649,-0.0398244169700345,-0.506496614116548,0.0635761373431533
0.64,-0.00380674379878193,0.0192302706187847,0.0867185194552113,-0.0156123500099281,0.0788678544067428,0.355653006779896,-0.0355531126788909,0.179601258790762,0.809908272399115,-0.0398563861191773,-0.504685855043035,0.0637366046205983
0.65,-0.00396464513108008,0.0200279301177328,0.0903155489588206,-0.0159678386379509,0.0806636523065029,0.363751121371995,-0.0355375913904014,0.179522850945694,0.809554693795255,-0.0398883739559931,-0.502834080497744,0.0639081481697286
0.66,-0.00412610057154095,0.0208435436649148,0.0939935418826512,-0.0163231018377361,0.0824583114256567,0.371844100655801,-0.0355081091545951,0.179373917525722,0.808883081526537,-0.0399203308426135,-0.500941389901514,0.0640912670943108
0.67,-0.0042911071678348,0.0216770963462459,0.0977524309719367,-0.0166780008210428,0.0842511306570174,0.379928783002526,-0.0354648302179194,0.179155288243483,0.807897177165608,-0.0399522057659855,-0.49900790457291,0.0642864692551801
0.68,-0.00445966058796181,0.0225285662780551,0.101592117542702,-0.0170323984420945,0.0860414171905264,0.388002044199113,-0.0354079188268231,0.178867792811706,0.806600722285222,-0.0399839463757755,-0.497033767738751,0.0644942708631921
0.69,-0.00463175513667669,0.0233979246900565,0.105512471855919,-0.0173861591975793,0.0878284865132515,0.39606079744823,-0.0353375392277087,0.178512260942858,0.804997458457208,-0.0400154990240469,-0.495019144542214,0.0647151960517146
0.7,-0.00480738377191339,0.0242851360083202,0.109513333491666,-0.0177391492266487,0.0896116624093835,0.404101993368257,-0.0352538556670145,0.178089522349562,0.803091127254056,-0.0400468088066781,-0.492964222047859,0.0649497764290601
0.71,-0.00498653812120966,0.0251901579382441,0.113594511723284,-0.0180912363109195,0.0913902769602427,0.412122619993311,-0.0351570323912328,0.177600406744755,0.800885470249407,-0.0400778196064878,-0.490869209242879,0.0651985506112879
0.72,-0.00516920849813178,0.026112941547525,0.117755785891533,-0.0184422898744733,0.0931636705442786,0.420119702773246,-0.035047233646775,0.177045743840953,0.79838422901525,-0.0401084741380283,-0.488734337033915,0.0654620637358263
0.73,-0.00535538391869913,0.0270534313491297,0.121996905778749,-0.018792180983855,0.0949311918370618,0.428090304573616,-0.034924623680051,0.176426363350619,0.795591145123508,-0.0401387139940106,-0.486559858238714,0.0657408669564156
0.74,-0.00554505211780888,0.0280115653842663,0.126317591983005,-0.0191407823480744,0.096692197811291,0.436031525675716,-0.0347893667375322,0.175743094986579,0.79250996014725,-0.0401684796933203,-0.48434604757195,0.0660355169198769
0.75,-0.00573819956566062,0.0289872753053555,0.130717536292263,-0.0194879683186057,0.0984460537367934,0.443940503776561,-0.0346416270656577,0.174996768461484,0.789144415658943,-0.0401977107305811,-0.482093201624493,0.0663465752252647
0.76,-0.005934811484181,0.0299804864590021,0.135196402058536,-0.0198336148893875,0.100192133180521,0.451814413988895,-0.0344815689108548,0.174188213487909,0.785498253231195,-0.0402263456272235,-0.479801638835399,0.0666746078659763
0.77,-0.00613487186344837,0.0309911179689659,0.139753824572041,-0.0201775996968228,0.101929818006552,0.459650468841185,-0.034309356519561,0.173318259778501,0.781575214436405,-0.0402543219840121,-0.477471699455938,0.0670201846554271
0.78,-0.00633836347811745,0.0320190828191332,0.14438941143536,-0.0205198020197787,0.103658498376091,0.467445918277623,-0.0341251541382115,0.172387737045892,0.777379040846831,-0.0402815765349843,-0.475103745504918,0.0673838786369276
0.79,-0.00654526790384395,0.0330642879364877,0.149102742937594,-0.020860102779587,0.105377572747469,0.475198049658122,-0.0339291260132683,0.171397475002875,0.772913474035641,-0.0403080452027518,-0.472698160714615,0.0677662654784304
0.8,-0.00675556553370919,0.0341266342740826,0.153893372428522,-0.0211983845400441,0.107086447876148,0.482904187758335,-0.0337214363911641,0.170348303361999,0.768182255575094,-0.040333663155114,-0.470255350466595,0.0681679228528392
0.81,-0.00696923559464483,0.0352060168940107,0.15876082669276,-0.0215345315074103,0.108784538814709,0.490561694769624,-0.0335022495183124,0.169241051835765,0.763189127037239,-0.0403583648629314,-0.467775741716728,0.0685894298046064
0.82,-0.0071862561638574,0.0363023250503767,0.163704606323915,-0.0218684295304104,0.110471268912864,0.49816797029908,-0.0332717296411655,0.168076550136982,0.757937829995038,-0.040382084159205,-0.465259782908712,0.0690313661033669
0.83,-0.00740660418525303,0.037415442272268,0.168724186098742,-0.0221999661002336,0.112146069817449,0.505720451369524,-0.0330300410061669,0.166855627978286,0.752432106021012,-0.0404047542993077,-0.462707943875421,0.0694943115853923
0.84,-0.00763025548586207,0.0385452464467257,0.173819015351305,-0.0225290303505337,0.113808381472429,0.5132166124195,-0.0327773478597958,0.165579115072454,0.746675696688397,-0.0404263080223093,-0.460120715727412,0.0699788454836668
0.85,-0.00785718479226371,0.0396916099017166,0.178988518347132,-0.0228555130574295,0.115457652118898,0.520653965303292,-0.0325138144484219,0.164247841131868,0.740672343568432,-0.0404466776133387,-0.457498610727952,0.0704855457474201
0.86,-0.00808736574701066,0.0408543994891037,0.184232094657371,-0.0231793066395021,0.117093338295067,0.528030059290869,-0.0322396050184701,0.162862635869099,0.734425788233433,-0.0404657949669239,-0.454842162153908,0.0710149883519747
0.87,-0.00832077092505375,0.0420334766676179,0.189549119532949,-0.0235003051577989,0.11871490483628,0.535342481067961,-0.0319548838164946,0.161424328997301,0.727939772257951,-0.0404835916512484,-0.452151924141913,0.0715677465997945
0.88,-0.00855737185016664,0.0432286975858293,0.19493894427873,-0.023818404315832,0.120321824875013,0.542588854736028,-0.0316598150888357,0.159933750228675,0.721218037212645,-0.0404999989732631,-0.449428471519198,0.0721443904136343
0.89,-0.00879713901137039,0.0444399131651181,0.20040089662767,-0.0241335014595756,0.121913579840854,0.549766841812214,-0.0313545630819265,0.158391729275856,0.714264324670338,-0.0405149480445896,-0.44667239961853,0.0727454856227327
0.9,-0.00904004187935815,0.0456669691826464,0.205934281114975,-0.0244454955774706,0.12348965946053,0.556874141229435,-0.0310392920422914,0.156799095851895,0.707082376204953,-0.0405283698481528,-0.443884324076708,0.0733715932429919
0.91,-0.0092860489229198,0.0469097063543287,0.211538379452259,-0.0247542873004215,0.125049561757891,0.563908489336313,-0.0307141662162858,0.155156679668995,0.699675933386872,-0.0405401953054748,-0.441064880616105,0.0740232687521249
0.92,-0.00953512762536658,0.0481679604178042,0.217212450901701,-0.0250597789017963,0.12659279305391,0.570867659897172,-0.0303793498503731,0.153465310439929,0.692048737789618,-0.0405503553445663,-0.438214724808772,0.074701061360765
0.93,-0.00978724450095573,0.0494415622154069,0.222955732650202,-0.0253618742974289,0.12811886796669,0.577749464092105,-0.0300350071910241,0.15172581787756,0.684204530986648,-0.0405587809683466,-0.435334531822641,0.0754055132805483
0.94,-0.0100423651113152,0.050730337777138,0.228767440183543,-0.0256604790456168,0.129627309411461,0.584551750516905,-0.0296813024846324,0.14993903169428,0.676147054549273,-0.0405654033235252,-0.432424996149414,0.076137158990206
0.95,-0.0103004540818681,0.0520341084036361,0.23464676766054,-0.0259555003471216,0.131117648600576,0.591272405183091,-0.0293183999776364,0.148105781602666,0.667880050049649,-0.0405701537698745,-0.429486831313755,0.0768965245007096
0.96,-0.0105614751182576,0.0533526907491495,0.240592888287205,-0.0262468470451695,0.132589425043514,0.597909351517898,-0.0289464639165066,0.146226897315586,0.659407259061106,-0.0405729639498259,-0.42652076956342,0.0776841266205386
0.97,-0.0108253910227715,0.0546858969045064,0.246604954690898,-0.0265344296254517,0.134042186546887,0.604460550364313,-0.0285656585477262,0.14430320854594,0.650732423157701,-0.0405737658583166,-0.423527561540032,0.0785004722221411
0.98,-0.0110921637107666,0.0560335344800872,0.252682099294491,-0.026818160216124,0.135475489214433,0.610923999981052,-0.0281761481176487,0.142335545005885,0.641859283909695,-0.0405724919128165,-0.420507975930218,0.0793460575106794
0.99,-0.0113617542270939,0.0573954066887951,0.258823434690519,-0.0270979525878047,0.136888897447005,0.617297736042507,-0.027778096872706,0.140324736408025,0.632791582889091,-0.0405690750234647,-0.417462799096882,0.0802213672961584
1,-0.0116341227625227,0.0587713124290273,0.265028054015341,-0.0273737221535781,0.138281983942593,0.623579831638834,-0.0273716690594051,0.138271612465379,0.623533061670372,-0.0405634486632412,-0.414392834690427,0.0811268742700436
1.01,-0.0119092286701655,0.060161046367647,0.271295031323296,-0.0276453859689928,0.139654329696313,0.629768397275914,-0.0269570289241402,0.13617700289039,0.614087461825313,-0.0405555469381013,-0.411298903239787,0.0820630382874844
1.02,-0.0121870304819026,0.0615643990229536,0.277623421960859,-0.0279128627320609,0.141005524000401,0.63586158087534,-0.026534340713375,0.13404173739578,0.604458524926382,-0.0405453046570011,-0.408181841723157,0.0830303056562555
1.03,-0.0124674859248067,0.062981156847655,0.284012262940803,-0.0281760727832603,0.142335164444228,0.641857567774442,-0.0261037686735557,0.131866645694203,0.594649992546325,-0.0405326574017386,-0.40504250311839,0.0840291084335453
1.04,-0.0127505519375678,0.0644111023118382,0.290460573316348,-0.028434938105532,0.143642856914285,0.647754580726267,-0.0256654770510681,0.129652557498086,0.584665606256917,-0.0405175415965372,-0.40188175593304,0.0850598637317069
1.05,-0.0130361846869174,0.0658540139859407,0.296967354555328,-0.0286893823242816,0.14492821559419,0.65355087989958,-0.0252196300924018,0.127400302520376,0.574509107631737,-0.0404998945772973,-0.398700483714102,0.0861229730340946
1.06,-0.0133243395840534,0.067309666623722,0.30353159091434,-0.0289393307073801,0.146190862964693,0.659244762878902,-0.024766392044003,0.125110710473761,0.564184238243531,-0.0404796546604429,-0.395499584537535,0.0872188215221037
1.07,-0.013614971301065,0.0687778312452346,0.310152249812906,-0.0291847101651617,0.147430429803665,0.664834564664451,-0.0243059271522355,0.122784611070389,0.553694739662546,-0.0404567612112877,-0.392279970477724,0.0883477774145237
1.08,-0.0139080337873566,0.0702582752197953,0.316828282207629,-0.0294254492504248,0.148646555186101,0.670318657672153,-0.023838399663598,0.120422834023227,0.543044353462918,-0.0404311547118469,-0.389042567057055,0.0895101913203102
1.09,-0.0142034802860735,0.0717507623489566,0.323558622966349,-0.0296614781584337,0.14983888648413,0.675695451733709,-0.0233639738245715,0.118026209045274,0.532236821218501,-0.0404027768280219,-0.385788312675858,0.0907063956058669
1.1,-0.0145012633505253,0.0732550529494779,0.330342191242303,-0.0298927287269162,0.151007079367006,0.680963394096523,-0.0228828138815239,0.115595565848663,0.521275884499961,-0.0403715704760815,-0.382518158022996,0.0919367037779235
1.11,-0.0148013348606118,0.0747709039362967,0.33717789084828,-0.0301191344360641,0.152150797801103,0.686120969423709,-0.022395084080919,0.113131734146149,0.510165284880453,-0.0403374798883701,-0.379233065467468,0.0932014098830722
1.12,-0.0151036460392466,0.0762980689054999,0.344064610630777,-0.0303406304085346,0.153269714049929,0.691166699794132,-0.0219009486691901,0.11063554365056,0.498908763932182,-0.0403004506781652,-0.375934008431382,0.0945007879250144
1.13,-0.0154081474687825,0.0778362982172953,0.351001224844162,-0.0305571534094479,0.154363508674114,0.696099144702352,-0.021400571892779,0.108107824074391,0.487510063227863,-0.0402604299036157,-0.372621970744782,0.0958350913005525
1.14,-0.0157147891074356,0.0793853390789822,0.357986593524824,-0.0307686418463902,0.155431870531417,0.700916901058689,-0.0208941179981326,0.105549405130299,0.475972924340439,-0.0402173661306862,-0.369297945982782,0.0972045522553284
1.15,-0.0160235203057103,0.0809449356279236,0.365019562865336,-0.0309750357694106,0.15647449677672,0.705618603189161,-0.0203817512316275,0.10296111653074,0.464301088840579,-0.0401712094950368,-0.365962936785585,0.0986093813603043
1.16,-0.0163342898228238,0.0825148290145166,0.372098965588607,-0.0311762768710227,0.157491092862032,0.7102029228355,-0.0198636358397874,0.100343787988645,0.452498298302595,-0.0401219117627686,-0.362617954161954,0.100049767009938
1.17,-0.0166470458431307,0.0840947574851642,0.379223621322046,-0.0313723084862063,0.158481372536493,0.714668569155213,-0.0193399360690852,0.097698249216932,0.440568294300808,-0.0400694263899631,-0.359264016776781,0.101525874942989
1.18,-0.0169617359925479,0.0856844564652465,0.386392336971712,-0.0315630755924044,0.15944505784637,0.719014288721517,-0.0188108161658547,0.0950253299277295,0.428514818404529,-0.0400137085809476,-0.355902150223444,0.103037847786857
1.19,-0.0172783073549788,0.0872836586420916,0.393603907096476,-0.0317485248095234,0.160381879135048,0.723238865523303,-0.0182764403765158,0.0923258598335002,0.416341612185511,-0.0399547153452194,-0.352533386281681,0.104585804626314
1.2,-0.0175967064887384,0.0888920940479474,0.400857114282178,-0.0319286043999348,0.16129157504304,0.727341120965227,-0.0177369729476278,0.0896006686475908,0.404052417220107,-0.0398924055529598,-0.349158762161752,0.106169840597477
1.21,-0.0179168794429775,0.0905094901429524,0.408150729515781,-0.032103264268476,0.162173892507999,0.731319913867706,-0.0171925781255848,0.0868505860824111,0.391650975079122,-0.0398267399890743,-0.345779319735722,0.107790026507804
1.22,-0.0182387717741079,0.0921355718981074,0.415483512559532,-0.0322724559624464,0.163028586764689,0.735174140466809,-0.0166434201567898,0.0840764418503017,0.379141027334051,-0.0397576814056921,-0.342396104756714,0.109446408482883
1.23,-0.0185623285622264,0.0937700618782462,0.422854212325117,-0.0324361326716118,0.163855421345006,0.738902734414387,-0.0160896632876977,0.0812790656640541,0.366526315558335,-0.039685194573064,-0.339010166067044,0.111139007640721
1.24,-0.0188874944275401,0.0954126803250075,0.43026156724782,-0.0325942492282004,0.16465416807797,0.742504666777976,-0.0155314717647115,0.0784592872362515,0.353810581323471,-0.0396092463287953,-0.33562255479617,0.112867819794212
1.25,-0.0192142135467904,0.0970631452398056,0.437704305660677,-0.032746762106906,0.165424607089731,0.745978946040856,-0.0149690098344163,0.075617936280102,0.340997566204981,-0.0395298056253541,-0.332234323549448,0.114632815182415
1.26,-0.0195424296696782,0.0987211724668021,0.445181146168637,-0.0328936294248887,0.166166526803572,0.749324618102076,-0.014402441743111,0.0727558425076685,0.328091011772696,-0.0394468435757959,-0.328846525588687,0.116433938231217
1.27,-0.0198720861352882,0.100386475775877,0.452690798022718,-0.0330348109417682,0.166879723939884,0.75254076627631,-0.013831931737155,0.069873835631222,0.315094659597559,-0.0393603334976471,-0.325460214005572,0.118271107343927
1.28,-0.0202031258885136,0.1020587669456,0.460231961494163,-0.0331702680596318,0.167564003516196,0.755626511294027,-0.0132576440631856,0.0669727453642132,0.302012251255923,-0.0392702509548934,-0.322076440889008,0.120144214722273
1.29,-0.0205354914964809,0.103737755846201,0.467803328248599,-0.033299963823032,0.168219178847168,0.758581011301428,-0.0126797429676403,0.0640534014194338,0.288847528320257,-0.0391765737980179,-0.318696256487511,0.122053126218244
1.3,-0.0208691251649742,0.105423150522543,0.475403581720192,-0.0334238629189846,0.168845071544585,0.761403461860432,-0.0120983926968181,0.0611166335088078,0.275604232360116,-0.0390792822020381,-0.315320708367762,0.123997681217155
1.31,-0.0212039687548606,0.107114657277093,0.483031397485807,-0.0335419316769683,0.169441511517344,0.764093095948631,-0.0115137574970957,0.0581632713446411,0.262286104946857,-0.0389783587024925,-0.311950840570484,0.125977692552271
1.32,-0.0215399637985136,0.10881198075289,0.490685443639164,-0.0336541380689266,0.170008336971478,0.766649183959369,-0.0109260016151365,0.0551941446408008,0.2488968876585,-0.0388737882293287,-0.308587692764817,0.127992946451239
1.33,-0.0218770515162391,0.110514824016522,0.498364381164995,-0.033760451709271,0.17054539441016,0.769071033701801,-0.0103352892973432,0.0522100831096619,0.235440322066127,-0.0387655581386473,-0.305232299402383,0.130043202514582
1.34,-0.022215172832699,0.112222888641093,0.5060668643132,-0.0338608438548734,0.171052538633671,0.771357990400692,-0.00974178478998013,0.0492119164629059,0.221920149737764,-0.0386536582422589,-0.301885688872249,0.132128193726379
1.35,-0.0225542683933366,0.113935874789196,0.513791540973008,-0.0339552874050706,0.171529632739418,0.773509436696556,-0.00914565233964964,0.0462004744140515,0.208340112250044,-0.0385380808350137,-0.298548882658014,0.134247626497258
1.36,-0.0228942785808004,0.115653481295882,0.521537053047131,-0.0340437569016664,0.171976548121952,0.775524792645693,-0.00854705619270264,0.0431765866754765,0.194703951174324,-0.0384188207198632,-0.295222894498249,0.136401180739737
1.37,-0.0232351435313699,0.117375405751635,0.529302036825922,-0.0341262285289247,0.172393164472928,0.777403515720043,-0.0079461605955941,0.0401410829598339,0.181015408083074,-0.0382958752306205,-0.291908729551522,0.138588509975907
1.38,-0.0235768031513789,0.11910134458534,0.537085123361532,-0.0342026801135783,0.172779369781149,0.779145100807354,-0.00734312979490184,0.037094792980287,0.16727822455086,-0.0381692442523828,-0.288607383567268,0.140809241477382
1.39,-0.0239191971336414,0.120830993147258,0.544884938842069,-0.0342730911248227,0.173135060332534,0.78074908021106,-0.00673812803675754,0.0340385464481164,0.153496142144706,-0.0380389302395863,-0.28531984206373,0.143062976437381
1.4,-0.0242622649738754,0.122564045791991,0.552700104965753,-0.0343374426743134,0.173460140710111,0.782215023650248,-0.00613131956779574,0.0309731730769178,0.13967290244178,-0.0379049382316658,-0.282047079514227,0.145349290174769
1.41,-0.0246059459871277,0.12430019596146,0.560529239315074,-0.0343957175161786,0.173754523794072,0.783542538259895,-0.00552286863463383,0.0278995025800796,0.125812247016699,-0.03776727586629,-0.278790058542976,0.147667732369798
1.42,-0.024950179324199,0.126039136267872,0.568370955730951,-0.0344479000470061,0.174018130761712,0.784731268590582,-0.00491293948337925,0.0248183646688396,0.111917917435533,-0.0376259533901527,-0.275549729131713,0.150017827331247
1.43,-0.0252949039880678,0.127780558576694,0.576223864686886,-0.0344939763058462,0.174250891087449,0.785780896608606,-0.00430169636061322,0.0217305890564886,0.0979936552747417,-0.0374809836672972,-0.272327027838319,0.152399074294603
1.44,-0.0256400588503159,0.129524154089621,0.584086573663123,-0.0345339339742184,0.174452742542842,0.786691141696077,-0.00368930351286184,0.0186370054559154,0.0840432021087522,-0.0373323821849565,-0.269122877028663,0.154810947750862
1.45,-0.0259855826675522,0.131269613427551,0.591957687520807,-0.0345677623761035,0.174623631196567,0.787461760650781,-0.00307592518636323,0.0155384435789746,0.0700702995046209,-0.0371801670568953,-0.26593818412286,0.157252897805478
1.46,-0.026331414097838,0.133016626713553,0.599835808876139,-0.0345954524779456,0.174763511414422,0.788092547686169,-0.0024617256277025,0.0124357331389435,0.0560786890377307,-0.0370243590242403,-0.262773840857098,0.159724350566929
1.47,-0.0266774917171111,0.134764883655839,0.607719538474531,-0.0346169968886575,0.174872345859346,0.788583334431536,-0.00184686908338664,0.00932970384871778,0.0420721122840195,-0.036864981453791,-0.259630722562202,0.162224708564315
1.48,-0.0270237540356111,0.13651407363074,0.61560747556477,-0.0346323898596134,0.174950105491396,0.78893398993185,-0.00123151979965381,0.00622118542022154,0.028054310810266,-0.0367020603338039,-0.256509687460047,0.164753351193363
1.49,-0.0273701395143034,0.138263885765667,0.623498218273168,-0.0346416272846506,0.174996769567751,0.789144420647741,-0.000615842023037049,0.00311100756648919,0.0140290261907427,-0.0365356242672476,-0.253411575978923,0.167309635190141
1.5,-0.0277165865813041,0.140014009022095,0.631390363977725,-0.0346447067000741,0.175012325642726,0.789214570455665,3.46944695195361e-14,-1.38777878078144e-13,-8.32667268468867e-13,-0.0363657044625272,-0.250337210088917,0.16989289513175
1.51,-0.0280630336483049,0.141764132278522,0.639282509682281,-0.0346416272846499,0.174996769567748,0.789144420647724,0.000615842023037049,-0.0031110075664198,-0.0140290261907427,-0.0361923347216825,-0.24728739265834,0.172502443963212
1.52,-0.0284094191269971,0.14351394441345,0.647173252390679,-0.0346323898596134,0.174950105491398,0.78893398993185,0.00123151979957575,-0.00622118541987459,-0.0280543108080455,-0.036015551426064,-0.244262906832216,0.175137573549726
1.53,-0.0287556814454971,0.14526313438835,0.655061189480918,-0.0346169968886584,0.17487234585935,0.788583334431563,0.00184686908336062,-0.00932970384871778,-0.0420721122834644,-0.0358353935194963,-0.241264515433772,0.177797555253402
1.54,-0.0291017590647703,0.147011391330637,0.66294491907931,-0.0345954524779462,0.174763511414423,0.78809254768618,0.00246172562775454,-0.0124357331392211,-0.0560786890396736,-0.0356519024889406,-0.238292960389873,0.180481640533587
1.55,-0.0294475904950561,0.148758404616638,0.670823040434642,-0.0345677623761033,0.174623631196566,0.78746176065077,0.00307592518638926,-0.015538443579044,-0.0700702995048985,-0.0354651223426706,-0.235348962181254,0.183189061569795
1.56,-0.0297931143122924,0.150503863954568,0.678694154292326,-0.0345339339742184,0.174452742542842,0.786691141696082,0.00368930351282714,-0.0186370054557072,-0.0840432021073644,-0.0352750995859796,-0.232433219318421,0.185919031906269
1.57,-0.0301382691745404,0.152247459467495,0.686556863268563,-0.0344939763058468,0.174250891087452,0.785780896608623,0.0043016963606219,-0.0217305890565233,-0.0979936552755744,-0.0350818831944398,-0.229546407843981,0.188670747117139
1.58,-0.0304829938384093,0.153988881776317,0.694409772224498,-0.0344479000470059,0.174018130761712,0.784731268590571,0.00491293948341395,-0.0248183646690131,-0.111917917436921,-0.0348855245847366,-0.226689180862149,0.191443385491113
1.59,-0.0308272271754805,0.155727822082729,0.702251488640375,-0.0343957175161785,0.173754523794071,0.783542538259884,0.00552286863464423,-0.027899502580142,-0.125812247016299,-0.0346860775831062,-0.223862168096147,0.194236108734612
1.6,-0.0311709081887329,0.157463972252198,0.710080622989696,-0.0343374426743131,0.173460140710109,0.782215023650245,0.00613131956785778,-0.0309731730772228,-0.139672902442767,-0.0344835983914032,-0.2210659754741,0.197048062692225
1.61,-0.0315139760289668,0.159197024896932,0.71789578911338,-0.0342730911248213,0.173135060332527,0.780749080211029,0.00673812803672971,-0.0340385464480536,-0.153496142144827,-0.0342781455508332,-0.218301184744048,0.199878378083351
1.62,-0.0318563700112293,0.160926673458849,0.725695604593916,-0.0342026801135785,0.172779369781148,0.779145100807348,0.00734312979483973,-0.0370947929800164,-0.167278224549594,-0.0340697799033843,-0.215568353118605,0.202726171253848
1.63,-0.0321980296312384,0.162652612292554,0.733478691129527,-0.0341262285289245,0.172393164472927,0.777403515720037,0.00794616059564614,-0.040141082959938,-0.181015408083351,-0.0338585645509949,-0.212868012949725,0.205590544941507
1.64,-0.0325388945818078,0.164374536748307,0.741243674908317,-0.0340437569016655,0.171976548121949,0.775524792645681,0.00854705619258849,-0.0431765866748964,-0.194703951171676,-0.0336445648125001,-0.210200671434034,0.208470589054159
1.65,-0.0328789047692717,0.166092143254993,0.74898918698244,-0.0339552874050728,0.171529632739429,0.773509436696603,0.00914565233957896,-0.0462004744137841,-0.208340112248925,-0.0334278481783983,-0.207566810349065,0.211365381459181
1.66,-0.0332180003299092,0.167805129403096,0.756713863642249,-0.033860843854874,0.171052538633673,0.771357990400703,0.00974178479010306,-0.0492119164635212,-0.221920149740692,-0.0332084842634847,-0.204966885820734,0.214273988783198
1.67,-0.0335561216463692,0.169513194027667,0.764416346790454,-0.0337604517092707,0.170545394410158,0.76907103370179,0.0103352892972926,-0.052210083109444,-0.235440322064889,-0.0329865447574011,-0.202401328122287,0.21719546722072
1.68,-0.0338932093640946,0.171216037291299,0.772095284316285,-0.0336541380689281,0.170008336971485,0.766649183959405,0.0109260016152059,-0.055194144641113,-0.248896887659611,-0.0327621033731502,-0.199870541504937,0.220128863350501
1.69,-0.0342292044077477,0.172913360767097,0.779749330469642,-0.0335419316769666,0.169441511517336,0.764093095948597,0.0115137574972779,-0.0581632713454738,-0.262286104950882,-0.0325352357936314,-0.197374904060311,0.223073214958357
1.7,-0.034564047997634,0.174604867521646,0.787377146235257,-0.0334238629189826,0.168845071544575,0.761403461860388,0.0120983926966273,-0.0611166335078017,-0.275604232355952,-0.0323060196162507,-0.194914767614791,0.226027551865223
1.71,-0.0348976816661274,0.176290262197988,0.79497739970685,-0.033299963823034,0.16821917884718,0.758581011301478,0.0126797429675016,-0.0640534014188093,-0.288847528317482,-0.0320745342956639,-0.192490457655785,0.2289908967592
1.72,-0.0352300472740947,0.177969251098589,0.802548766461286,-0.0331702680596325,0.167564003516199,0.755626511294038,0.0132576440633678,-0.066972745365254,-0.302012251260364,-0.031840861084713,-0.190102273289857,0.231962266030365
1.73,-0.03556108702732,0.179641542268312,0.810089929932731,-0.0330348109417667,0.166879723939875,0.752540766276271,0.0138319317371724,-0.0698738356312567,-0.315094659597836,-0.0316050829736174,-0.187750487232671,0.234940670607137
1.74,-0.03589074349293,0.181306845577387,0.817599581786812,-0.0328936294248891,0.166166526803574,0.749324618102081,0.0144024417429896,-0.072755842507044,-0.328091011770059,-0.0313672846274845,-0.18543534583054,0.237925116792972
1.75,-0.0362189596158178,0.182964872804384,0.825076422294773,-0.0327467621069069,0.165424607089734,0.74597894604087,0.0149690098344424,-0.0756179362802061,-0.340997566205259,-0.0311275523222047,-0.183157069113428,0.240914607102219
1.76,-0.0365456787350681,0.184615337719182,0.832519160707629,-0.0325942492282002,0.16465416807797,0.742504666777976,0.0155314717647549,-0.0784592872363903,-0.353810581323888,-0.0308859738787984,-0.180915850879099,0.243908141093941
1.77,-0.0368708446003818,0.186257956165943,0.839926515630332,-0.0324361326716118,0.163855421345006,0.738902734414392,0.016089663287689,-0.0812790656641581,-0.366526315558613,-0.0306426385962846,-0.178711858808122,0.246904716202569
1.78,-0.0371944013885004,0.187892446146082,0.847297215395917,-0.0322724559624464,0.163028586764686,0.735174140466804,0.0166434201568505,-0.084076441850614,-0.379141027335439,-0.0303976371831413,-0.176545234609348,0.249903328564245
1.79,-0.0375162937196307,0.189518527901237,0.854629998439668,-0.0321032642684748,0.162173892507994,0.731319913867683,0.0171925781255674,-0.0868505860820989,-0.39165097507815,-0.030151061687429,-0.174416094195434,0.252902973837762
1.8,-0.0378364666738699,0.191135923996242,0.861923613673271,-0.0319286043999351,0.161291575043045,0.727341120965241,0.0177369729475324,-0.0896006686471051,-0.404052417218303,-0.0299030054256512,-0.172324527887956,0.255902648019006
1.81,-0.0381548658076294,0.192744359402098,0.869176820858973,-0.0317485248095241,0.160381879135052,0.723238865523317,0.0182764403765592,-0.0923258598338471,-0.416341612186621,-0.0296535629104267,-0.17027060065156,0.258901348247881
1.82,-0.0384714371700603,0.194343561578943,0.876388390983737,-0.0315630755924039,0.159445057846368,0.719014288721508,0.0188108161658373,-0.0950253299277642,-0.428514818404113,-0.0294028297770467,-0.16825435235661,0.261898073606682
1.83,-0.0387861273194775,0.195933260559025,0.883557106633403,-0.0313723084862074,0.158481372536497,0.714668569155235,0.0193399360690245,-0.0976982492167238,-0.440568294300114,-0.0291509027089955,-0.166275798069684,0.264891825908943
1.84,-0.0390988833397845,0.197513189029673,0.890681762366842,-0.0311762768710234,0.157491092862033,0.710202922835506,0.0198636358399173,-0.100343787989149,-0.452498298305625,-0.0288978793625097,-0.164334928371279,0.26788161047782
1.85,-0.039409652856898,0.199083082416266,0.897761165090113,-0.030975035769409,0.156474496776714,0.705618603189123,0.0203817512316705,-0.102961116530825,-0.464301088840823,-0.0286438582902542,-0.162431709700008,0.270866436913109
1.86,-0.0397183840551727,0.200642678965207,0.904794134430624,-0.03076864184639,0.155431870531417,0.70091690105869,0.0208941179979938,-0.10554940512969,-0.475972924337264,-0.0283889388641926,-0.160566084722542,0.273845319846014
1.87,-0.0400250256938258,0.202191719826894,0.911779503111287,-0.0305571534094492,0.15436350867412,0.696099144702377,0.0214005718928226,-0.108107824074582,-0.487510063229279,-0.02813322119773,-0.158737972728514,0.276817279680872
1.88,-0.0403295271233617,0.203729949138689,0.918716117324672,-0.0303406304085336,0.153269714049925,0.691166699794104,0.0219009486693115,-0.11063554365115,-0.498908763934541,-0.0278768060672075,-0.156947270049561,0.279781343323022
1.89,-0.0406318383019965,0.205257114107892,0.925602837107169,-0.0301191344360629,0.152150797801097,0.686120969423686,0.0223950840808243,-0.113131734145787,-0.510165284878133,-0.0276197948328251,-0.155193850501651,0.28273654489211
1.9,-0.0409319098120829,0.206772965094711,0.932438536713146,-0.0298927287269171,0.151007079367009,0.680963394096541,0.0228828138812778,-0.115595565847436,-0.521275884494598,-0.0273622893590738,-0.153477565849792,0.285681926420122
1.91,-0.0412296928765348,0.208277255695233,0.9392221049891,-0.0296614781584374,0.149838886484148,0.675695451733795,0.0233639738246058,-0.11802620904536,-0.532236821219162,-0.0271043919347525,-0.151798246294219,0.288616538533497
1.92,-0.0415251393752517,0.209769742824394,0.945952445747821,-0.029425449250425,0.148646555186102,0.670318657672158,0.0238383996639311,-0.120422834024802,-0.543044353470506,-0.0268462051926498,-0.150155700977098,0.291539441118741
1.93,-0.0418182018615433,0.211250186798955,0.952628478142543,-0.0291847101651588,0.147430429803652,0.664834564664384,0.0243059271523569,-0.122784611071014,-0.553694739665322,-0.0265878320289668,-0.148549718508777,0.294449703970975
1.94,-0.0421088335785548,0.212718351420467,0.959249137041109,-0.0289393307073778,0.146190862964682,0.659244762878852,0.0247663920439032,-0.125110710473344,-0.564184238241172,-0.0263293755225574,-0.146980067512575,0.297346407424918
1.95,-0.0423969884756909,0.214174004058248,0.96581337340012,-0.0286893823242807,0.144928215594185,0.653550879899561,0.0252196300921416,-0.127400302519023,-0.574509107625631,-0.0260709388540643,-0.145446497187113,0.300228642967864
1.96,-0.0426826212250404,0.215616915732351,0.9723201546391,-0.028434938105535,0.143642856914301,0.647754580726339,0.0256654770509727,-0.129652557497584,-0.584665606254974,-0.0258126252250227,-0.143948737885112,0.303095513834234
1.97,-0.0429656872378016,0.217046861196534,0.978768465014647,-0.0281760727832612,0.142335164444233,0.641857567774461,0.026103768673829,-0.131866645695644,-0.594649992552709,-0.0255545377770095,-0.142486501707635,0.305946135581366
1.98,-0.0432461426807057,0.218463619021236,0.98515730599459,-0.0279128627320584,0.141005524000388,0.635861580875285,0.0265343407134815,-0.134041737396361,-0.604458524928536,-0.0252967795109086,-0.141059483112675,0.308779636646218
1.99,-0.0435239444924427,0.219866971676542,0.991485696632153,-0.0276453859689916,0.139654329696306,0.629768397275891,0.0269570289239577,-0.13617700288952,-0.614087461821837,-0.0250394532063653,-0.139667359537023,0.311595158882762
2,-0.0437990504000855,0.221256705615162,0.997752673940108,-0.0273737221535793,0.138281983942598,0.623579831638848,0.0273716690592769,-0.138271612464746,-0.623533061667663,-0.0247826613415017,-0.138309792030308,0.314391858079826
2.01,-0.0440714189355143,0.222632611355394,1.00395729326493,-0.0270979525878061,0.136888897447011,0.617297736042537,0.0277780968726583,-0.140324736407696,-0.632791582887148,-0.0245265060129602,-0.136986425900118,0.317168904459253
2.02,-0.0443410094518416,0.223994483564102,1.01009862866096,-0.0268181602161261,0.135475489214444,0.610923999981105,0.0281761481177884,-0.142335545006551,-0.641859283913187,-0.0242710888563458,-0.135696891367091,0.319925483154267
2.03,-0.0446077821398368,0.225342121139683,1.01617577326455,-0.0265344296254503,0.13404218654688,0.604460550364274,0.0285656585479784,-0.144303208547209,-0.650732423163616,-0.0240165109671309,-0.134440804228849,0.322660794667973
2.04,-0.0448716980443506,0.22667532729504,1.02218783966824,-0.0262468470451665,0.1325894250435,0.597909351517833,0.0289464639163742,-0.14622689731494,-0.659407259057781,-0.0237628728220897,-0.133217766531688,0.325374055311992
2.05,-0.0451327190807402,0.227993909640553,1.02813396029491,-0.0259555003471228,0.131117648600582,0.591272405183118,0.0293183999773919,-0.148105781601557,-0.667880050044256,-0.0235102742013228,-0.132027367248888,0.32806449762526
2.06,-0.0453908080512931,0.229297680267051,1.03401328777191,-0.0256604790456187,0.129627309411469,0.584551750516948,0.0296813024847074,-0.149939031694607,-0.676147054550768,-0.0232588141109368,-0.130869182964542,0.330731370773059
2.07,-0.0456459286616525,0.230586455828782,1.03982499530525,-0.0253618742974287,0.128118867966689,0.577749464092103,0.0300350071911688,-0.151725817878201,-0.684204530990162,-0.023008590706433,-0.129742778561799,0.333373940926421
2.08,-0.0458980455372417,0.231860057626385,1.04556827705375,-0.0250597789017953,0.126592793053905,0.570867659897145,0.0303793498503991,-0.153465310440068,-0.692048737790384,-0.0227597012168684,-0.128647707914409,0.335991491622061
2.09,-0.0461471242396884,0.23311831168986,1.05124234850319,-0.0247542873004207,0.125049561757888,0.563908489336295,0.0307141662162641,-0.155156679668769,-0.699675933385485,-0.0225122418698389,-0.127583514580494,0.33858332410304
2.1,-0.0463931312832501,0.234361048861543,1.05684644684047,-0.02444549557747,0.123489659460529,0.556874141229435,0.0310392920422307,-0.156799095851687,-0.707082376203421,-0.022266307817343,-0.126549732497449,0.341148757640423
2.11,-0.0466360341512378,0.235588104879071,1.06237983132778,-0.0241335014595761,0.121913579840854,0.549766841812227,0.0313545630818181,-0.158391729275509,-0.714264324668811,-0.0220219930625731,-0.125545886676906,0.343687129836201
2.12,-0.0468758013124416,0.23679932045836,1.06784178367672,-0.0238184043158337,0.120321824875019,0.542588854736059,0.0316598150888053,-0.15993375022845,-0.721218037212367,-0.0217793903876858,-0.124571493898705,0.346197796907807
2.13,-0.0471124022375545,0.237994541376571,1.0732316084225,-0.0235003051578,0.118714904836285,0.535342481067979,0.0319548838166247,-0.161424328997891,-0.727939772260377,-0.0215385912825981,-0.123626063402821,0.348680133954599
2.14,-0.0473458074155976,0.239173618555085,1.07854863329808,-0.0231793066395012,0.117093338295061,0.528030059290851,0.0322396050185178,-0.162862635869273,-0.734425788234127,-0.021299685874853,-0.122709097578229,0.351133535206681
2.15,-0.0475759883703445,0.240336408142473,1.08379220960832,-0.0228555130574296,0.1154576521189,0.520653965303297,0.0325138144483157,-0.164247841131296,-0.740672343566561,-0.0210627628605979,-0.121820092647686,0.353557414256504
2.16,-0.0478029176767462,0.241482771597463,1.08896171260414,-0.0225290303505349,0.113808381472435,0.51321661241952,0.032777347859763,-0.165579115072312,-0.746675696687293,-0.0208279094367162,-0.12095853934744,0.355951204273699
2.17,-0.0480265689773552,0.242612575771921,1.09405654185671,-0.0221999661002343,0.112146069817454,0.505720451369551,0.0330300410062746,-0.166855627978871,-0.752432106022604,-0.0205952112341498,-0.120123923600906,0.358314358203631
2.18,-0.0482469169987509,0.243725692993813,1.09907612163154,-0.0218684295304094,0.110471268912858,0.498167970299068,0.0332717296412481,-0.168076550137522,-0.757937829997667,-0.0203647522524484,-0.119315727185333,0.360646348950172
2.19,-0.0484639375679634,0.244822001150178,1.10401990126269,-0.0215345315074094,0.108784538814703,0.490561694769597,0.0335022495182196,-0.169241051835162,-0.763189127035435,-0.0201366147955796,-0.118533428390557,0.362946669543253
2.2,-0.0486776076288991,0.245901383770107,1.10888735552693,-0.021198384540045,0.107086447876155,0.482904187758359,0.0337214363912983,-0.170348303362572,-0.768182255577731,-0.01991087940903,-0.11777650266892,0.365214833291735
2.21,-0.0488879052587643,0.246963730107702,1.11367798501786,-0.0208601027795834,0.105377572747452,0.475198049658043,0.0339291260135522,-0.171397475004428,-0.77291347404251,-0.019687624818229,-0.117044423275472,0.367450373922182
2.22,-0.0490948096844907,0.248008935225056,1.11839131652009,-0.0205198020197739,0.103658498376066,0.467445918277509,0.0341251541379449,-0.172387737044643,-0.777379040841072,-0.0194669278683194,-0.116336661897608,0.369652845704144
2.23,-0.0492983012991598,0.249036900075223,1.12302690338341,-0.0201775996968245,0.101929818006559,0.459650468841221,0.0343093565191576,-0.173318259776427,-0.781575214426899,-0.0192488634653009,-0.11565268927329,0.371821823562558
2.24,-0.0494983616784272,0.250047531585187,1.12758432589691,-0.0198336148893908,0.100192133180538,0.451814413988971,0.0344815689109004,-0.174188213487927,-0.785498253231819,-0.0190335045185711,-0.114991975797077,0.373956903177897
2.25,-0.0496949735969476,0.251040742738834,1.13206319166319,-0.0194879683186065,0.0984460537368003,0.443940503776585,0.0346416270658768,-0.174996768462637,-0.789144415664355,-0.0188209218848809,-0.114353992113141,0.37605770107471
2.26,-0.0498881210447994,0.252016452659923,1.13646313597244,-0.0191407823480732,0.0966921978112849,0.436031525675684,0.0347893667376579,-0.175743094987385,-0.792509960150788,-0.0186111843137266,-0.113738209694566,0.378123854699202
2.27,-0.0500777892439091,0.252974586695059,1.1407838221767,-0.0187921809838533,0.0949311918370526,0.428090304573569,0.0349246236800229,-0.176426363350523,-0.795591145122398,-0.0184043583941927,-0.11314410140816,0.380155022486534
2.28,-0.0502639646644764,0.253915076496664,1.14502494206392,-0.0184422898744728,0.0931636705442745,0.420119702773236,0.0350472336465256,-0.177045743839643,-0.798384229008797,-0.0182005085032619,-0.11257114206412,0.38215088391847
2.29,-0.0504466350413985,0.254837860105945,1.14918621623216,-0.0180912363109228,0.0913902769602597,0.412122619993393,0.035157032391116,-0.177600406744038,-0.80088547024692,-0.0179996967556036,-0.112018808949865,0.384111139572088
2.3,-0.0506257893906949,0.255742882035869,1.15326739446378,-0.0177391492266505,0.0896116624093937,0.404101993368297,0.0352538556670784,-0.178089522349937,-0.803091127256087,-0.0178019829548535,-0.111486582347395,0.386035511160198
2.31,-0.0508014180259315,0.256630093354133,1.15726825609953,-0.0173861591975813,0.0878284865132611,0.396060797448272,0.0353375392276473,-0.178512260942637,-0.804997458455527,-0.017607424546392,-0.110973946033588,0.387923741564142
2.32,-0.0509735125746465,0.257499451766134,1.16118861041275,-0.0170323984420975,0.086041417190541,0.388002044199187,0.0354079188270156,-0.17886779281273,-0.806600722289551,-0.0174160765716287,-0.110480387762834,0.389775594859673
2.33,-0.0511420659947735,0.258350921697943,1.16502829698351,-0.016678000821041,0.0842511306570064,0.379928783002481,0.0354648302182056,-0.179155288244913,-0.807897177173,-0.0172279916238011,-0.110005399731475,0.391590856336542
2.34,-0.0513070725910673,0.259184474379274,1.1687871860728,-0.0163231018377334,0.0824583114256427,0.371844100655727,0.0355081091546472,-0.179373917525843,-0.808883081527267,-0.0170432198052876,-0.109548479023513,0.393369332512488
2.35,-0.0514685280315282,0.260000087926456,1.17246517899663,-0.015967838637948,0.0806636523064896,0.363751121371935,0.0355375913902236,-0.179522850944774,-0.809554693790292,-0.0168618086864415,-0.109109128037124,0.395110851142274
2.36,-0.0516264293638263,0.260797747425404,1.17606220850024,-0.0156123500099289,0.0788678544067472,0.355653006779921,0.0355531126784714,-0.179601258788742,-0.809908272390025,-0.0166838032659439,-0.108686854891495,0.396815261222403
2.37,-0.0517807750317267,0.261577445014591,1.17957823913223,-0.0152567763843786,0.0770716271307147,0.347552955924135,0.0355545087736553,-0.179608311348528,-0.809940075766621,-0.0165092459326769,-0.108281173813571,0.398482432992171
2.38,-0.0519315648915139,0.262339179968019,1.18301326761872,-0.0149012598344558,0.0752756881797766,0.339454205264589,0.0355416154284963,-0.179543178907143,-0.809646362329716,-0.0163381764291145,-0.107891605504313,0.400112257931656
2.39,-0.0520788002284159,0.263082958778187,1.18636732323752,-0.0145459440758087,0.0734807635525719,0.331360028677541,0.0355142683961667,-0.179405031750374,-0.80902339049893,-0.016170631816228,-0.107517677484099,0.401704648757272
2.4,-0.05222248377303,0.26380879523907,1.18964046819227,-0.0141909744665325,0.0716875875447692,0.32327373745461,0.0354723034308793,-0.179193040168862,-0.808067418715529,-0.0160066464399016,-0.107158924416935,0.403259539415468
2.41,-0.0523626197177465,0.264516710529082,1.19283279798661,-0.0138364980071911,0.0698969027491946,0.31519868030323,0.0354155562861009,-0.178906374449088,-0.806774705404689,-0.0158462518988534,-0.106814888413172,0.404776885075137
2.42,-0.0524992137331739,0.265206733294054,1.19594444179834,-0.0134826633408105,0.0681094600557874,0.307138243346516,0.0353438627156629,-0.178544204880032,-0.805141508999906,-0.0156894770140528,-0.106485119310456,0.406256662119322
2.43,-0.0526322729845627,0.265878899730198,1.19897556285354,-0.0131296207528778,0.066326018651594,0.299095850123232,0.0352570584725639,-0.178105701746089,-0.803164087918028,-0.015536347799629,-0.106169174932674,0.407698868136717
2.44,-0.0527618061482314,0.266533253667086,1.2019263588008,-0.0127775221713592,0.0645473460208656,0.291074961588156,0.035154979310635,-0.1775900353361,-0.800838700591443,-0.0153868874352585,-0.105866621326676,0.409103521913517
2.45,-0.0528878234279899,0.267169846650615,1.2047970620853,-0.0124265211666651,0.062774217944872,0.283079076111403,0.0350374609837423,-0.176996375939042,-0.798161605451427,-0.0152411162400247,-0.105577032976603,0.410470663426073
2.46,-0.0530103365715647,0.267788738025983,1.20758794032303,-0.0120767729516843,0.0610074185020847,0.275111729479127,0.0349043392447456,-0.176323893838343,-0.795129060913165,-0.0150990516477354,-0.105299992995677,0.411800353834856
2.47,-0.0531293588870236,0.268389995020657,1.21029929667489,-0.0117284343817702,0.0592477400681051,0.26717649489314,0.0347554498477537,-0.175571759324505,-0.791737325417929,-0.0149607081836876,-0.105035093295325,0.413092675480154
2.48,-0.0532449052592001,0.268973692827345,1.21293147022089,-0.0113816639547293,0.0574959833155946,0.259276982970768,0.0345906285466324,-0.174739142686369,-0.787982657396435,-0.0148260974428657,-0.104781934731565,0.414347731879928
2.49,-0.0533569921661182,0.269539914686969,1.2154848363343,-0.0110366218108376,0.0557529572143777,0.251416841745211,0.0344097110939987,-0.173825214206252,-0.78386131525554,-0.0146952280695599,-0.104540127228608,0.415565647730231
2.5,-0.0534656376954169,0.270088751971633,1.21795980705579,-0.0106934697328493,0.0540194790314696,0.243599756665658,0.0342125332435972,-0.172829144172715,-0.779369557427633,-0.0145681057383876,-0.104309289879634,0.416746568908548
2.51,-0.0535708615607752,0.270620304267598,1.22035683146762,-0.0103523711459656,0.0522963743309234,0.235829450596658,0.033998930749797,-0.171750102877232,-0.774503642357869,-0.0144447331367028,-0.104089051024791,0.417890662480412
2.52,-0.0536726851183362,0.271134679458251,1.22267639606773,-0.0100134911178534,0.0505844769739249,0.2281096838185,0.0337687393653016,-0.170587260602678,-0.769259828456435,-0.0143251099483781,-0.103879048306435,0.418998116709593
2.53,-0.0537711313831322,0.271631993807077,1.22491902514399,-0.00967699635865959,0.0488846291188699,0.22044425402753,0.0335217948442719,-0.169339787639139,-0.76363437416238,-0.0142092328389364,-0.103678928701708,0.420069141072171
2.54,-0.0538662250455094,0.272112372040629,1.22708528114828,-0.00934305522096792,0.0471976812211422,0.212836996335253,0.0332579329406678,-0.168006854276514,-0.757623537910638,-0.0140970954420177,-0.103488348532574,0.421103966274735
2.55,-0.0539579924875516,0.2725759474315,1.22917576507069,-0.00901183769984623,0.0455244920333396,0.205291783269317,0.0329769894065995,-0.166587630794916,-0.751223578099328,-0.0139886883471589,-0.103306973453441,0.422102844276941
2.56,-0.0540464617995063,0.273022861881295,1.23119111681366,-0.00868351543283594,0.0438659286052439,0.197812524773266,0.0326787999962749,-0.16508128748432,-0.744430753170327,-0.0138839990888636,-0.103134478416587,0.42306604831866
2.57,-0.0541316627962083,0.273453266003604,1.23313201556616,-0.00835826169992073,0.0422228662836532,0.19040316820591,0.032363200463889,-0.163486994635558,-0.737241321562276,-0.0137830121369424,-0.102970547615576,0.423993872951841
2.58,-0.0542136270335047,0.273867319206969,1.23499918017778,-0.00803625142355816,0.0405961887125328,0.183067698342021,0.0320300265624698,-0.161803922533454,-0.729651541691023,-0.0136857088880978,-0.102814874406953,0.424886634077295
2.59,-0.0542923878246795,0.274265189777855,1.236793369533,-0.00771766116867133,0.0389867878329841,0.17581013737209,0.0316791140453007,-0.160031241463881,-0.721657671981511,-0.0135920676587288,-0.102667161210487,0.425744668986477
2.6,-0.0543679802568781,0.274647054963628,1.23851538292522,-0.00740266914265215,0.0373955638832551,0.168634544902391,0.0313102986662302,-0.158168121715818,-0.713255970866131,-0.0135020636789301,-0.102527119388312,0.426568336408394
2.61,-0.0544404412075325,0.27501310105552,1.24016606043104,-0.00709145519534673,0.0358234253986678,0.161545017954767,0.0309234161796623,-0.156213733580601,-0.704442696788931,-0.0134156690876559,-0.10239446910332,0.427358016561681
2.62,-0.0545098093607851,0.275363523471602,1.24174628328432,-0.0067842008190589,0.0342712892116431,0.154545690966612,0.0305183023381096,-0.15416724734027,-0.69521410815565,-0.0133328529290213,-0.102268939157238,0.42811411121191
2.63,-0.0545761252239137,0.275698526839753,1.24325697425038,-0.00648108914858454,0.0327400804518624,0.147640735791654,0.0300947928950044,-0.15202783328172,-0.685566463390352,-0.0132535811497088,-0.102150266808806,0.428837043734134
2.64,-0.0546394311437568,0.276018325080639,1.24469909800015,-0.00618230496115881,0.0312307325460087,0.140834361698805,0.0296527236042995,-0.149794661694069,-0.67549602093042,-0.0131778165974468,-0.10203819757258,0.429527259180684
2.65,-0.0546997713231369,0.276323141490673,1.24607366148435,-0.00588803467649855,0.029744187217981,0.134130815373046,0.029191930219271,-0.14746690286338,-0.664999039196588,-0.0131055190205279,-0.101932484998875,0.43018522435415
2.66,-0.0547571918372867,0.276613208824998,1.24738171430761,-0.00559846635677339,0.0282813944887411,0.127534380914873,0.0287122484944265,-0.1450437270821,-0.654071776636233,-0.0130366450683263,-0.101832890435419,0.430811427885553
2.67,-0.0548117406502723,0.276888769380448,1.24862434910265,-0.00531378970661002,0.026843312676339,0.121049379840321,0.0282135141826261,-0.142524304633518,-0.642710491662312,-0.0129711482927815,-0.101739182771354,0.431406380317575
2.68,-0.0548634676314189,0.277150075078525,1.24980270190442,-0.00503419607312087,0.0254309083960707,0.114680171081627,0.0276955630370418,-0.139907805802863,-0.630911442692227,-0.0129089791508007,-0.101651138164237,0.43197061419282
2.69,-0.0549124245717348,0.27739738754837,1.25091795252428,-0.00475987844586918,0.0240451565602817,0.108431150986477,0.0271582308118863,-0.137193400881613,-0.61867088816947,-0.0128500850075416,-0.101568539750752,0.432504684146943
2.7,-0.0549586652003363,0.277630978209731,1.25197132492415,-0.00449103145688314,0.0226870403784385,0.102306753318237,0.0266013532605226,-0.134380260155692,-0.6059850865181,-0.0127944101405279,-0.101491177341898,0.433009167006563
2.71,-0.0550022452008724,0.277851128355938,1.25296408759065,-0.00422785138065873,0.0213575513571679,0.0963114492561145,0.0260247661362788,-0.131467553910885,-0.592850296158852,-0.0127418957445486,-0.101418847103459,0.433484661891796
2.72,-0.0550432222279495,0.278058129236874,1.25389755390927,-0.00397053613415757,0.0200576893002208,0.0904497473950604,0.0254283051931252,-0.128454452437004,-0.579262775527444,-0.0126924799372898,-0.101351351222605,0.433931790323276
2.73,-0.0550816559235556,0.278252282141943,1.25477308253855,-0.00371928527679622,0.0187884623084278,0.0847261937455656,0.0248118061845284,-0.125340126021084,-0.565218783050157,-0.0126460977656455,-0.101288497561547,0.434351196333479
2.74,-0.0551176079334854,0.278433898483043,1.25559207778418,-0.003474300010467,0.0175508867797991,0.0791453717340573,0.0241751048634351,-0.122123744947105,-0.55071457714162,-0.0126026812126473,-0.10123009929919,0.434743546582192
2.75,-0.0551511419237649,0.278603299877539,1.25635598997323,-0.00323578317952752,0.0163459874094857,0.0737119022027332,0.0235180369840236,-0.118804479505435,-0.535746416240877,-0.0125621592049546,-0.101175974561818,0.435109530475947
2.76,-0.055182323597076,0.278760818231232,1.25706631582824,-0.00300393927078653,0.0151747971896904,0.0684304434092397,0.022840438300524,-0.11538149998741,-0.520310558793645,-0.0125244576208377,-0.101125946043861,0.435449860291216
2.77,-0.0552112207091806,0.278906795821332,1.25772459884141,-0.00277897441351704,0.0140383574097375,0.0633056910268603,0.022142144565241,-0.111853976673265,-0.504403263197894,-0.0124894992985873,-0.101079840619885,0.435765271301186
2.78,-0.0552379030853463,0.279041585379427,1.25833242964878,-0.00256109637948171,0.0129377176562251,0.0583423781452818,0.0214229915317977,-0.108221079850867,-0.488020787879905,-0.0124572040452764,-0.101037488948987,0.436056521905927
2.79,-0.0552624426367703,0.279165550174457,1.25889144640432,-0.00235051458288109,0.0118739358127201,0.0535452752692622,0.0206828149544914,-0.10448197981182,-0.471159391286447,-0.0124274886457974,-0.100998725072837,0.43632439376575
2.8,-0.0552849133770039,0.279279064095682,1.25940333515416,-0.00214744008039188,0.0108480780599887,0.0489191903195529,0.0199214505861721,-0.100635846839311,-0.453815331828987,-0.0124002668720953,-0.100963386008663,0.436569691937545
2.81,-0.0553053914383781,0.279382511735657,1.25986983021071,-0.00195208557115765,0.00986121887593393,0.0444689686326826,0.019138734180717,-0.0966818512227027,-0.435984867941994,-0.0123754494925075,-0.100931311338571,0.436793245013958
2.82,-0.0553239550884271,0.2794762884732,1.26029271452681,-0.00176466539677754,0.00891444103553462,0.040199492960713,0.018334501492561,-0.0926191632533156,-0.417664258071104,-0.0123529442811234,-0.100902342796603,0.43699590526516
2.83,-0.0553406847463137,0.279560800556367,1.26067382006993,-0.00158539554130643,0.00800883561086762,0.0361156834712606,0.0175085882746402,-0.0884469532154428,-0.398849760631092,-0.0123326560270638,-0.100876323855043,0.437178548783094
2.84,-0.0553556629992532,0.279636465185418,1.26101502819624,-0.00141449363128473,0.00714550197122576,0.0322224977480911,0.0166608302793782,-0.0841643913911115,-0.379537634023762,-0.012314486543584,-0.100853099311533,0.43734207562798
2.85,-0.0553689746189394,0.279703710595792,1.26131827002489,-0.00125217893571887,0.00632554778304539,0.0285249307907853,0.0157910632617164,-0.0797706480740178,-0.359724136705929,-0.0122983346768882,-0.100832514878632,0.437487409976973
2.86,-0.0553807065779676,0.279762976141079,1.26158552681206,-0.00109867236605041,0.0055500890097454,0.0250280150139725,0.0148991229747923,-0.0752648935499477,-0.339405527097769,-0.0122840963145495,-0.1008144167775,0.437615500274777
2.87,-0.0553909480662604,0.279814712375987,1.26181883032517,-0.000954196476223023,0.00482024991204643,0.0217368202488299,0.0139848451716391,-0.070646298103577,-0.318578063615016,-0.012271664393413,-0.100798651337511,0.437727319386141
2.88,-0.055399790507492,0.27985938113932,1.26202026321703,-0.000818975462617624,0.00413716304767386,0.0186564537416722,0.0130480656070596,-0.065914032028047,-0.297238004712263,-0.0122609289068599,-0.100785064603601,0.437823864750091
2.89,-0.0554073275755127,0.27989745563694,1.2621919594,-0.000693235164081831,0.00350196927148549,0.0157920601545847,0.0120886200335318,-0.0610672656055355,-0.275381608791924,-0.0122517769113037,-0.100773501953297,0.437906158535806
2.9,-0.0554136552107737,0.279929420524749,1.26233610442012,-0.000577203061946987,0.00291581773556315,0.0131488215658337,0.0111063442049391,-0.0561051691250202,-0.253005134288053,-0.0122440925317796,-0.100763807725403,0.437975247800091
2.91,-0.0554188716367517,0.279955771991652,1.26245493583132,-0.000471108279983048,0.00237986588898509,0.0107319574688236,0.0101010738754251,-0.0510269128768669,-0.230104839643585,-0.0122377569664871,-0.100755824862423,0.438032204646356
2.92,-0.0554230773763733,0.279977017842529,1.2625507435695,-0.000375181584438486,0.00189527947802581,0.00854672477296203,0.00907264479809223,-0.0458316671458902,-0.206676983275366,-0.0122326484901351,-0.100749394568856,0.438078126385088
2.93,-0.0554263752684404,0.279993677581212,1.26262587032678,-0.000289655384021203,0.00146323254606728,0.00659841780331626,0.00802089272533209,-0.0405186022137127,-0.182717823582479,-0.0122286424559329,-0.1007443559876,0.438114135695805
2.94,-0.0554288704840538,0.28000628249345,1.26268271192557,-0.000214763729931844,0.00108490743375156,0.00489236830131245,0.00694565341182589,-0.0350868883733368,-0.15822361901896,-0.012225611296066,-0.100740545896772,0.438141380790486
2.95,-0.0554306705430391,0.280015375729887,1.2627237176928,-0.000150742315784685,0.000761494778600546,0.00343394542293707,0.00584676261260185,-0.0295356959194303,-0.13319062804662,-0.0122234245204829,-0.100737798429333,0.438161035578537
2.96,-0.0554318853303695,0.280021512389022,1.26275139083403,-9.78284776798065e-05,0.00049419351536295,0.00222855574038005,0.00472405607871567,-0.0238641951268159,-0.107615109034009,-0.0122219487138228,-0.100735944817986,0.438174299833287
2.97,-0.0554326271125927,0.280025259600194,1.26276828880761,-5.62611942103719e-05,0.000284210876064228,0.00128164324225688,0.00357736956412002,-0.0180715562847488,-0.0814933204179578,-0.0122210475302903,-0.100734813167923,0.438182399360187
2.98,-0.0554330105542537,0.280027196606544,1.26277702369887,-2.62810863974061e-05,0.000132762389667973,0.000598689332020896,0.00240653882406863,-0.0121569496892848,-0.0548215206663815,-0.012220581686295,-0.100734228260055,0.438186586166696
2.99,-0.0554331527343206,0.280027914847988,1.26278026259425,-8.13041772899924e-06,4.10718822785316e-05,0.000185212828929249,0.00126298360077562,-0.00638012897999362,-0.0287710636032167,-0.0122204089506507,-0.100734011387469,0.438188138634051
3,-0.0554331731626082,0.280028018044189,1.26278072795545,-1.02141438189374e-06,5.15981006810051e-06,2.32680599565604e-05,0.000406520886449962,-0.00205359411392658,-0.00926064144646242,-0.0122203841321326,-0.100733980227929,0.438188361691011
3.01,-0.0554331731626082,0.280028018044189,1.26278072795545,0,0,0,5.10707190946868e-05,-0.000257990503405025,-0.00116340299782802,-0.0122203841321326,-0.100733980227929,0.438188361691011
3.02,-0.0554331731626082,0.280028018044189,1.26278072795545,0,0,0,0,0,0,-0.0122203841321326,-0.100733980227929,0.438188361691011
3.03,-0.0554331731626082,0.280028018044189,1.26278072795545,0,0,0,0,0,0,-0.0122203841321326,-0.100733980227929,0.438188361691011
3.04,-0.0554331731626082,0.280028018044189,1.26278072795545,0,0,0,0,0,0,-0.0122203841321326,-0.100733980227929,0.438188361691011
3.05,-0.0554331731626082,0.280028018044189,1.26278072795545,0,0,0,0,0,0,-0.0122203841321326,-0.100733980227929,0.438188361691011
3.06,-0.0554331731626082,0.280028018044189,1.26278072795545,0,0,0,0,0,0,-0.0122203841321326,-0.100733980227929,0.438188361691011
3.07,-0.0554331731626082,0.280028018044189,1.26278072795545,0,0,0,0,0,0,-0.0122203841321326,-0.100733980227929,0.438188361691011
3.08,-0.0554331731626082,0.280028018044189,1.26278072795545,0,0,0,0,0,0,-0.0122203841321326,-0.100733980227929,0.438188361691011
3.09,-0.0554331731626082,0.280028018044189,1.26278072795545,0,0,0,0,0,0,-0.0122203841321326,-0.100733980227929,0.438188361691011
3.1,-0.0554331731626082,0.280028018044189,1.26278072795545,0,0,0,0,0,0,-0.0122203841321326,-0.100733980227929,0.438188361691011
3.11,-0.0554331731626082,0.280028018044189,1.26278072795545,0,0,0,0,0,0,-0.0122203841321326,-0.100733980227929,0.438188361691011
3.12,-0.0554331731626082,0.280028018044189,1.26278072795545,0,0,0,0,0,0,-0.0122203841321326,-0.100733980227929,0.438188361691011
3.13,-0.0554331731626082,0.280028018044189,1.26278072795545,0,0,0,-0.00176933087269945,-0.000154119289691445,-0.000150782146213224,-0.0122203841321326,-0.100733980227929,0.438188361691011
3.14,-0.0554331731626082,0.280028018044189,1.26278072795545,-3.5386617453989e-05,-3.08238579382891e-06,-3.01564292426448e-06,-0.00176933087269945,-0.000154119289691445,-0.000150782146213224,-0.0122203841321326,-0.100733980227929,0.438188361691011
3.15,-0.0554338808949573,0.280027956396473,1.26278066764259,-3.5386617453989e-05,-3.08238579382891e-06,-3.01564292426448e-06,0.00176933087269945,0.000154119289691445,0.000150782146213224,-0.0122206567725496,-0.100734025143589,0.438188303936548
3.16,-0.0554338808949573,0.280027956396473,1.26278066764259,0,0,0,-0.000565747519908066,0.000448329303820438,0.000330080011656796,-0.0122206567725496,-0.100734025143589,0.438188303936548
3.17,-0.0554338808949573,0.280027956396473,1.26278066764259,-4.67015678521504e-05,5.88420028257985e-06,3.58595730887145e-06,-0.00233507839260752,0.000294210014128992,0.000179297865443573,-0.0122206567725496,-0.100734025143589,0.438188303936548
3.18,-0.0554348149263144,0.280028074080479,1.26278073936174,-4.67015678521504e-05,5.88420028257985e-06,3.58595730887145e-06,0.000385475526169104,-0.000385586545192939,-0.00028498629345286,-0.0122209978832836,-0.100734036819565,0.438188373193644
3.19,-0.0554348149263144,0.280028074080479,1.26278073936174,-3.89920573287683e-05,-1.82753062127894e-06,-2.11376856018575e-06,0.000385475526169104,-0.000385586545192939,-0.00028498629345286,-0.0122209978832836,-0.100734036819565,0.438188373193644
3.2,-0.0554355947674609,0.280028037529866,1.26278069708637,-3.89920573287683e-05,-1.82753062127894e-06,-2.11376856018575e-06,-0.00103855926704074,0.000299038361573078,0.000208692561010082,-0.0122212953337617,-0.100734078801616,0.438188332614017
3.21,-0.0554355947674609,0.280028037529866,1.26278069708637,-5.97632426695832e-05,4.15323661018263e-06,2.06008266001589e-06,-0.00103855926704074,0.000299038361573078,0.000208692561010082,-0.0122212953337617,-0.100734078801616,0.438188332614017
3.22,-0.0554367900323143,0.280028120594599,1.26278073828802,-5.97632426695832e-05,4.15323661018263e-06,2.06008266001589e-06,-0.00058441415649521,-0.000217282595527113,-0.000174650347517513,-0.0122217381497242,-0.100734109880303,0.438188372173535
3.23,-0.0554367900323143,0.280028120594599,1.26278073828802,-7.14515257994874e-05,-1.92415300359627e-07,-1.43292429033437e-06,-0.00297984281555363,0.000216785433354571,0.000111169247696274,-0.0122217381497242,-0.100734109880303,0.438188372173535
3.24,-0.0554382190628303,0.280028116746293,1.26278070962953,-0.000119360098980656,8.48894527727406e-06,4.28346761394138e-06,-0.00102562140164367,0.000204412885923544,0.000136367270253679,-0.0122222772354558,-0.100734171699006,0.438188344265396
3.25,-0.055439177234294,0.280028290373504,1.26278082395737,-9.19639538323607e-05,3.89584241811125e-06,1.29442111473921e-06,0.000616076636927864,-0.000272135100981563,-0.000194483953941393,-0.0122226221587572,-0.100734171016431,0.438188454182947
3.26,-0.055440058341907,0.280028194663141,1.26278073551796,-0.000107038566242099,3.0462432576428e-06,3.93788535113515e-07,-0.00143392351846516,5.75491691801043e-05,1.91892174372654e-05,-0.0122229633076834,-0.100734231451501,0.438188368827691
3.27,-0.0554413180056188,0.280028351298369,1.26278083183314,-0.000120642424201664,5.04682580171334e-06,1.67820546348452e-06,-0.00126113943539965,7.23734483454307e-05,3.34257749257105e-05,-0.0122234234665526,-0.10073424767543,0.438188461158838
3.28,-0.055442471190391,0.280028295599657,1.26278076908206,-0.000132261354950092,4.49371222455141e-06,1.06230403362772e-06,-0.00133179620859236,3.98442577542734e-05,7.5154393819332e-06,-0.012223863414117,-0.100734310134148,0.438188400334316
3.29,-0.0554439632327178,0.280028441172614,1.26278085307922,-0.000147278348373511,5.8437109567988e-06,1.82851425112318e-06,-0.00147116909826258,6.49880209369068e-05,2.40805192452953e-05,-0.0122244121997823,-0.100734338902879,0.438188480604491
3.3,-0.0554454167573585,0.280028412473876,1.26278080565235,-0.000161684736915343,5.79347264328955e-06,1.54391441853363e-06,-0.00155896980351053,5.64621614740356e-05,1.60506230528767e-05,-0.012224962821311,-0.100734407701535,0.438188434318061
3.31,-0.0554471969274561,0.280028557042067,1.26278088395751,-0.000178457744443722,6.97295418627952e-06,2.14952671218071e-06,-0.00167434365408816,6.93858118183755e-05,2.37873676312028e-05,-0.0122256203060734,-0.100734448986798,0.438188508892806
3.32,-0.0554489859122474,0.28002855193296,1.26278084864288,-0.000195171609997107,7.18118887965706e-06,2.01966177115769e-06,-0.00177245524018297,6.74977768122545e-05,2.06135364333453e-05,-0.0122262951611023,-0.100734526438518,0.438188474039848
3.33,-0.055451100359656,0.280028700665844,1.26278092435075,-0.00021390684924738,8.32290972252458e-06,2.56179744084761e-06,-0.00188569942683228,7.66378914496187e-05,2.55330728782232e-05,-0.0122270782570282,-0.100734580972104,0.43818854588508
3.34,-0.0554532640492323,0.280028718391154,1.26278089987883,-0.000232885598533752,8.71394670864944e-06,2.53032322872215e-06,-0.00223128071193123,0.000542799135361259,0.000373407205711551,-0.0122278922104646,-0.10073466893126,0.438188521228355
3.35,-0.0554557580716267,0.280028874944779,1.26278097495721,-0.000258532463486005,1.91788924297498e-05,1.00299415550786e-05,-0.00223989473678923,0.00043047158046483,0.000288408116277949,-0.0122288176502042,-0.100734737770928,0.438188592221865
3.36,-0.055458434698502,0.280029101969003,1.26278110047766,-0.000277683493269537,1.7323378317946e-05,8.29848555428114e-06,-0.0020202686222201,-0.000327979836206582,-0.000283395659161911,-0.012229805297422,-0.100734797539623,0.438188711573947
3.37,-0.0554613117414921,0.280029221412345,1.26278114092692,-0.000298937835930407,1.26192957056181e-05,4.36202837184041e-06,-0.00224056265119357,-0.000175798301610408,-0.000172206652826467,-0.0122308785893985,-0.100734891575628,0.438188748899126
3.38,-0.0554644134552206,0.280029354354917,1.26278118771823,-0.000322494746293408,1.38074122857379e-05,4.85435249775179e-06,-0.00243946290685165,0.000112614015751466,4.30617885793793e-05,-0.0122320353028025,-0.100734991960397,0.438188792191873
3.39,-0.055467761636418,0.280029497560591,1.26278123801397,-0.00034772709406744,1.48715760206475e-05,5.22326414342799e-06,-0.00258368707950831,0.000109580491347572,3.82340992199914e-05,-0.0122332839578741,-0.100735100397439,0.438188838709663
3.4,-0.055471367997102,0.280029651786438,1.26278129218351,-0.000374168487883575,1.59990221126893e-05,5.61903448215161e-06,-0.00270701250935922,0.000115349594181912,4.04543804011225e-05,-0.0122346288984123,-0.100735217205753,0.438188888801702
3.41,-0.0554752450061756,0.280029817541033,1.26278135039466,-0.000401867344254625,1.71785679042857e-05,6.03235175145044e-06,-0.00283389122333541,0.000120640962913976,4.22518070530841e-05,-0.0122360747768404,-0.10073534279614,0.43818894262262
3.42,-0.0554794053439871,0.280029995357796,1.26278141283055,-0.000430846312350283,1.84118413709688e-05,6.4640706232133e-06,-0.00296309648008946,0.000126054242322038,4.41023945141338e-05,-0.0122376263229383,-0.100735477582621,0.43818900034155
3.43,-0.0554838619324227,0.28003018577786,1.26278147967607,-0.000461129273856414,1.96996527507265e-05,6.91439964173312e-06,-0.00309466818322265,0.00013154961620021,4.59748561443262e-05,-0.0122392883567973,-0.10073562198782,0.438189062129072
3.44,-0.0554886279294642,0.280030389350851,1.26278155111854,-0.000492739676014736,2.1042833694973e-05,7.38356774609982e-06,-0.00322856808952429,0.000137126562327338,4.78691403182906e-05,-0.0122410657866966,-0.100735776442569,0.438189128157865
3.45,-0.055493716725943,0.280030606634534,1.26278162734743,-0.0005257006356469,2.24421839972732e-05,7.87178244809893e-06,-0.00336476289414244,0.000142782012740872,4.9783213107446e-05,-0.0122429636079136,-0.100735941385868,0.438189198602481
3.46,-0.0554991419421771,0.280030838194531,1.26278170855419,-0.000560034933897585,2.38984739497905e-05,8.37923200824874e-06,-0.00350321909313097,0.000148512949577073,5.17151144130422e-05,-0.0122449869014852,-0.10073611726483,0.438189273639187
3.47,-0.0555049174246209,0.280031084604013,1.26278179493207,-0.000595765017509519,2.54124429888147e-05,8.90608473635978e-06,-0.00364390330439071,0.000154316231459894,5.36628158576134e-05,-0.0122471408329731,-0.100736304534623,0.438189353445785
3.48,-0.0555110572425273,0.28003134644339,1.26278188667589,-0.000632912999985399,2.69847985789884e-05,9.45248832540101e-06,-0.00378678225426004,0.000160188616399326,5.56242246707583e-05,-0.0122494306512364,-0.100736503658433,0.438189438201422
3.49,-0.0555175756846206,0.280031624299985,1.26278198398184,-0.00067150066259472,2.86162153168012e-05,1.00185692297749e-05,-0.0039318227739761,0.000166126765538399,5.75971886851433e-05,-0.012251861687208,-0.10073671510741,0.438189528086407
3.5,-0.0555244872557792,0.280031918767697,1.26278208704727,-0.000711549455464921,3.03073338897563e-05,1.06044320991039e-05,-0.00407899179042867,0.000172127213732276,5.9579469691151e-05,-0.012254439352676,-0.100736939360636,0.438189623282003
3.51,-0.0555318066737299,0.280032230446663,1.26278219607048,-0.000753080498403293,3.20587595914467e-05,1.1210158623598e-05,-0.0042282563343654,0.000178186391475155,6.15687534288866e-05,-0.0122571691390699,-0.100737176905087,0.438189723970227
3.52,-0.0555395488657473,0.280032559942889,1.26278231125044,-0.000796114582152229,3.38710617192594e-05,1.18358071676816e-05,-0.0043795835402531,0.000184300633782052,6.35626590250736e-05,-0.0122600566162509,-0.1007374282356,0.438189830333622
3.53,-0.055547728965373,0.280032907867897,1.26278243278662,-0.000840672169208356,3.57447722670878e-05,1.24814118040994e-05,-0.0045329406361122,0.000190466135918665,6.55586962494679e-05,-0.0122631074313085,-0.10073769385485,0.438189942555049
3.54,-0.0555563623091315,0.280033274838334,1.26278256087868,-0.000886773394874473,3.76803844376327e-05,1.3146981092671e-05,-0.00468829495531286,0.000196678996283728,6.75543015971058e-05,-0.0122663273073592,-0.100737974273324,0.438190060817438
3.55,-0.0555654644332704,0.280033661475586,1.26278269572624,-0.000934438068314613,3.96783521927624e-05,1.38324978360416e-05,-0.00484561392346052,0.000202935203086341,6.95468244105156e-05,-0.0122697220423539,-0.100738270009307,0.438190185303556
3.56,-0.0555750510704977,0.280034068405378,1.26278283752864,-0.000983685673343684,4.17390884993596e-05,1.45379175808813e-05,-0.00500486506184911,0.00020923060409244,7.15335041201638e-05,-0.012273297507885,-0.100738581588864,0.438190316195751
3.57,-0.0555851381467373,0.280034496257356,1.26278298648459,-0.0010345353695516,4.38629642746112e-05,1.52631679184448e-05,-0.00516601599200039,0.000215560939237362,7.35114963346122e-05,-0.012277059648003,-0.100738909545833,0.438190453675696
3.58,-0.0555957417778888,0.280034945664663,1.26278314279199,-0.00108700599318369,4.60503072841067e-05,1.60081475075735e-05,-0.00532903443279409,0.000221921832438361,7.54778561873167e-05,-0.0122810144780341,-0.100739254421824,0.438190597924115
3.59,-0.055606878266601,0.280035417263501,1.26278330664754,-0.00114111605820748,4.83014009233784e-05,1.67727250421912e-05,-0.00549388819619591,0.000228308772581842,7.74295316752214e-05,-0.0122851680834051,-0.100739616766213,0.438190749120505
3.6,-0.0556185640990529,0.280035911692682,1.26278347824649,-0.00119688375710761,5.06164827357435e-05,1.75567381410779e-05,-0.00566054517484731,0.000234717115327187,7.93633647688805e-05,-0.0122895266184716,-0.100739997136151,0.438190907442849
3.61,-0.0556308159417431,0.280036429593156,1.26278365778231,-0.00125432696170442,5.29957432299221e-05,1.83599923375688e-05,-0.00582897336160945,0.000241142097401337,8.12760986290683e-05,-0.0122940963053513,-0.100740396096575,0.438191073067312
3.62,-0.055643650638287,0.280036971607546,1.26278384544634,-0.0013134632243398,5.54393246837703e-05,1.91822601136593e-05,-0.00599914085375531,0.000247578824941196,8.31643670595738e-05,-0.0122988834327604,-0.100740814220221,0.438191246167936
3.63,-0.0556570852062299,0.28003753837965,1.26278404142751,-0.00137430977877953,5.79473197287461e-05,2.00232796787603e-05,-0.00617101582146838,0.000254022264611908,8.50246895112149e-05,-0.0123038943548584,-0.100741252087645,0.438191426916319
3.64,-0.0556711368338626,0.280038130553941,1.26278424591193,-0.00143688354076916,6.05197699760084e-05,2.08827539038836e-05,-0.00634456652529383,0.000260467246243623,8.68534733022839e-05,-0.0123091354900933,-0.100741710287247,0.438191615481281
3.65,-0.0556858228770453,0.280038748775049,1.26278445908259,-0.00150120110928541,6.31566646536185e-05,2.17603491448059e-05,-0.00651976132259174,0.000266908467966287,8.86470147287708e-05,-0.0123146133200534,-0.100742189415304,0.438191812028528
3.66,-0.0557011608560483,0.280039393687234,1.26278468111892,-0.001567278767221,6.58579393353342e-05,2.2655694198459e-05,-0.00669656864899294,0.000273340480388961,9.04014918479134e-05,-0.0123203343883245,-0.100742690076002,0.438192016720295
3.67,-0.0557171684523897,0.280040065933836,1.26278491219647,-0.00163513248226527,6.86234742613978e-05,2.35683789817642e-05,-0.00687495703175637,0.000279757692150938,9.21129628128624e-05,-0.0123263052993486,-0.100743212881481,0.438192229714987
3.68,-0.0557338635056936,0.280040766156719,1.2627851524865,-0.00170477790785613,7.1453093178353e-05,2.44979534547163e-05,-0.00705489508307302,0.000286154383383196,9.37773725340205e-05,-0.0123325327172911,-0.100743758451877,0.438192451166798
3.69,-0.0557512640105469,0.2800414949957,1.26278540215554,-0.00177623038392673,7.43465619290617e-05,2.54439264324446e-05,-0.0072363514943413,0.000292524669903704,9.53905371359196e-05,-0.0123390233649087,-0.100744327415377,0.438192681225335
3.7,-0.0557693881133722,0.280042253087958,1.26278566136503,-0.00184950493774295,7.7303586576427e-05,2.64057641974347e-05,-0.00741929504119788,0.00029886251584621,9.69481500634472e-05,-0.0123457840224248,-0.100744920408274,0.43819292003521
3.71,-0.0557882541093017,0.280043041067431,1.26278593027082,-0.00192461628475068,8.03238122459859e-05,2.73828894337136e-05,-0.00760369458412471,0.000305161757391259,9.84457915187419e-05,-0.0123528215264065,-0.100745538075033,0.438193167735635
3.72,-0.0558078804390672,0.280043859564203,1.26278620902281,-0.00200157882942545,8.34068217242522e-05,2.83746800278095e-05,-0.00778951906317548,0.000311416070708502,9.98789079220683e-05,-0.012360142768649,-0.100746181068353,0.438193424460005
3.73,-0.0558282856858902,0.280044709203866,1.26278649776443,-0.00208040666601419,8.65521336601559e-05,2.93804675921549e-05,-0.00797673749318786,0.000317618971124033,0.000101242813577151,-0.0123677546950613,-0.10074685004925,0.438193690335458
3.74,-0.0558494885723875,0.280045590606876,1.26278679663217,-0.0021611135792892,8.97592011467329e-05,3.03995362993525e-05,-0.00816531896798142,0.000323763823389944,0.00010253269955296,-0.0123756643045591,-0.100747545687128,0.438193965482433
3.75,-0.055871507957476,0.280046504387888,1.26278710575515,-0.00224371304537382,9.30274101279548e-05,3.14311215832141e-05,-0.00835523266214455,0.000329843837798549,0.000103743628132591,-0.0123838786479589,-0.10074826865987,0.438194250014212
3.76,-0.0558943628332949,0.280047451155078,1.2627874252546,-0.0023282182325321,9.63560779027039e-05,3.24744088620043e-05,-0.00831042247467425,0.000416187527912947,0.000170751907613286,-0.0123924048268797,-0.100749019653927,0.438194544036453
3.77,-0.0559180723221267,0.280048431509447,1.26278775524333,-0.00240992149486731,0.000101351160686214,3.48461597354799e-05,-0.00849558411075007,0.000424777365226613,0.00017457975343138,-0.0124012499926455,-0.100749799364417,0.438194847646702
3.78,-0.0559425612631923,0.280049478178292,1.26278812217779,-0.0024981299147471,0.000104851625207236,3.5966003930632e-05,-0.00915216958252348,0.00027298827059985,4.67527100367348e-05,-0.0124103827287254,-0.100750596764607,0.438195186168639
3.79,-0.0559680349204216,0.280050528541951,1.26278847456341,-0.00259296488651778,0.000106810926098211,3.57812139362146e-05,-0.00935232922095324,0.00027659753931708,4.5023914596598e-05,-0.0124198862967558,-0.100751435642806,0.438195510139465
3.8,-0.0559944205609226,0.280051614396814,1.26278883780207,-0.00268517649916616,0.000110383575993578,3.68664822225639e-05,-0.00932113316047878,0.000359822036888335,0.000108695397682545,-0.0124297303000718,-0.100752305308501,0.43819584404287
3.81,-0.0560217384504049,0.280052736213471,1.26278921189305,-0.00277938754972735,0.000114007366835977,3.79551218898655e-05,-0.00952000580275971,0.000365111977179829,0.000109172587636807,-0.0124399223326113,-0.100753206542942,0.438196187861772
3.82,-0.0560500083119172,0.280053894544151,1.26278959690451,-0.00287557661522136,0.000117685815537174,3.90499339753e-05,-0.00971836467614596,0.000370519741277338,0.000109725114549877,-0.0124504697761767,-0.100754140086388,0.438196541646766
3.83,-0.0560792499827093,0.280055089929781,1.26278999289173,-0.00297375484325027,0.000121417761661524,4.0149624180863e-05,-0.00991781715950865,0.000375807630292748,0.000110146691767411,-0.0124613800567221,-0.100755106688509,0.438196905436875
3.84,-0.0561094834087822,0.280056322899384,1.26279039989699,-0.00307393295841153,0.000125201968143029,4.12528678106483e-05,-0.0101183270442839,0.000380967174751223,0.000110433315270164,-0.0124726606423359,-0.100756107108366,0.438197279259278
3.85,-0.0561407286418776,0.280057593969144,1.26279081794909,-0.00317612138413595,0.000129037105156549,4.23582904862662e-05,-0.0103198642198258,0.000385989117890339,0.000110579829737389,-0.0124843190421774,-0.10075714211458,0.438197663128725
3.86,-0.0561730058364649,0.280058903641487,1.2627912470628,-0.00328033024280805,0.000132921750500836,4.3464464405396e-05,-0.0105223986115489,0.000390864203364538,0.000110580716250475,-0.0124963628054141,-0.100758212485498,0.438198057046955
3.87,-0.0562063352467337,0.280060252404154,1.26279168723838,-0.00338656935636692,0.000136854389223839,4.45699048112757e-05,-0.010725900201642,0.000395583135831544,0.000110430139477202,-0.012508799520162,-0.100759319009363,0.438198461002077
3.88,-0.0562407372235922,0.280061640729272,1.2627921384609,-0.00349484824684089,0.000140833413217467,4.56730671949401e-05,-0.0109303390253938,0.000400136565270602,0.000110121984309153,-0.0125216368124316,-0.100760462484492,0.438198874967962
3.89,-0.0562762322116706,0.280063069072419,1.26279260069972,-0.0036051761368748,0.000144857120529251,4.67723444974588e-05,-0.011135685173292,0.000404515062002453,0.00010964987251505,-0.0125348823450752,-0.100761643719449,0.438199298903597
3.9,-0.0563128407463297,0.280064537871682,1.26279307390779,-0.00371756195030673,0.000148923714457516,4.78660646452411e-05,-0.0113419087880394,0.000408709094207315,0.000109007197712785,-0.0125485438167398,-0.100762863533232,0.438199732752446
3.91,-0.0563505834506767,0.280066047546708,1.26279355802101,-0.00383201431263559,0.000153031302413398,4.89524884517145e-05,-0.0115489800605814,0.000412709011410328,0.000108187135916537,-0.0125626289608225,-0.100764122755459,0.438200176441779
3.92,-0.0563894810325824,0.28006759849773,1.26279405295756,-0.00394854155151836,0.000157177894685723,5.00298073635718e-05,-0.0117568692326736,0.000416505043510095,0.000107182659969673,-0.0125771455444288,-0.100765422226561,0.438200629882004
3.93,-0.0564295542817071,0.280069191104601,1.26279455861716,-0.00406715169728906,0.0001613614032836,5.10961416511079e-05,-0.0119655465937764,0.00042008728787235,0.000105986555087867,-0.0125921013673354,-0.100766762797976,0.43820109296597
3.94,-0.0564708240665282,0.280070825725796,1.26279507488039,-0.00418785248339388,0.00016557964044317,5.21495384653292e-05,-0.0121749824783662,0.000423445694619494,0.000104591424410216,-0.0126075042609549,-0.10076814533236,0.438201565568267
3.95,-0.0565133113313749,0.28007250269741,1.26279560160793,-0.00431065134685639,0.000169830317175989,5.31879701393123e-05,-0.0123851472631948,0.000426570069683717,0.000102989700101474,-0.012623362087304,-0.100769570703788,0.438202047544509
3.96,-0.0565570370934654,0.28007422233214,1.26279613863979,-0.00443555542865778,0.000174111041836844,5.42093324673587e-05,-0.0125960113672371,0.000429450070088544,0.000101173645017383,-0.0126396827379749,-0.100771039797973,0.4382025387306
3.97,-0.0566020224399481,0.280075984918247,1.26279668579458,-0.00456257157420113,0.00017841931857776,5.52114430396599e-05,-0.0128075452505809,0.000432075193818049,9.91353626966784e-05,-0.0126564741331089,-0.100772553512486,0.438203038941993
3.98,-0.0566482885249494,0.280077790718511,1.26279724286865,-0.0046917063336694,0.000182752545713205,5.61920397212922e-05,-0.0130197194072331,0.000434434777596622,9.68667995816042e-05,-0.0126737442203729,-0.10077411275698,0.43820354797293
3.99,-0.0566958565666215,0.280079639969161,1.26279780963537,-0.00482296596234579,0.000187108014129693,5.7148779031292e-05,-0.0132325043675687,0.000436518004798066,9.43597450175288e-05,-0.0126915009739389,-0.100775718453424,0.438204065595671
4,-0.0567447478441963,0.280081532878794,1.26279838584424,-0.00495635642102077,0.000191482905809166,5.80792346216428e-05,-0.0134458706961435,0.000438313896427686,9.16058373599891e-05,-0.0127097523934647,-0.100777371536339,0.438204591559708
4.01,-0.0567949836950419,0.280083469627277,1.26279897122006,-0.00509188337626867,0.000195874292058247,5.89808957784918e-05,-0.0136597889864003,0.000439811307651342,8.85965695253299e-05,-0.0127285065030789,-0.100779072953045,0.438205125590968
4.02,-0.0568465855117217,0.280085450364635,1.26279956546215,-0.00522955220074878,0.000200279131962193,5.98511660121494e-05,-0.0138742298592552,0.000440998930706825,8.53232856591571e-05,-0.0127477713503658,-0.100780823663907,0.438205667391
4.03,-0.0568995747390569,0.280087475209917,1.26280016824339,-0.00536936797345377,0.000204694270672383,6.06873614916749e-05,-0.0140891639617961,0.00044186529268808,8.17771833582005e-05,-0.0127675550053545,-0.100782624642591,0.438206216636152
4.04,-0.0569539728711907,0.280089544250048,1.26280077920938,-0.00551133547998469,0.000209116437815955,6.14867096793134e-05,-0.014304561964181,0.000442398762067833,7.79493214418674e-05,-0.0127878655595083,-0.100784476876328,0.438206772976729
4.05,-0.0570098014486566,0.280091657538673,1.26280139797758,-0.00565545921273739,0.00021354224591374,6.22463479205123e-05,-0.0145203945556925,0.000442587539812208,7.38306138449418e-05,-0.0128087111247169,-0.10078638136618,0.438207336036144
4.06,-0.0570670820554455,0.280093815094967,1.26280202413634,-0.00580174337109855,0.000217968188612199,6.29633219562122e-05,-0.0147366324447638,0.000442419663682574,6.94118351686502e-05,-0.0128300998322898,-0.100788339127311,0.438207905410053
4.07,-0.0571258363160785,0.280096016902445,1.26280265724402,-0.00595019186163266,0.000222390639187391,6.36345846238853e-05,-0.0149532463523088,0.000441883010321461,6.46836223472419e-05,-0.0128520398319518,-0.100790351189268,0.438208480665479
4.08,-0.0571860858926781,0.28009826290775,1.26280329682803,-0.00610080829814472,0.000226805848818628,6.42569944031571e-05,-0.0151702070122189,0.000440965292336009,5.96364724268749e-05,-0.0128745392908386,-0.100792418596266,0.438209061339919
4.09,-0.0572478524820414,0.280100553019422,1.26280394238391,-0.00625359600187704,0.000231209945034111,6.48273140724228e-05,-0.0153874851685008,0.000439654061351078,5.42607481167295e-05,-0.0128976063924954,-0.100794542407476,0.438209646940437
4.1,-0.0573111578127157,0.280102887106651,1.26280459337431,-0.00640855800151475,0.00023559893004565,6.53422093654917e-05,-0.015605051568477,0.000437936709674582,4.85466800094525e-05,-0.0129212493358753,-0.100796723697323,0.438210236942759
4.11,-0.0573760236420717,0.280105264998023,1.26280524922809,-0.00656569703324658,0.000239968679227603,6.57982476726118e-05,-0.0158228769644279,0.000435800472654,4.24843638048645e-05,-0.0129454763343389,-0.100798963555785,0.438210830790332
4.12,-0.0574424717533806,0.280107686480236,1.26280590933927,-0.0067250155408033,0.000244314939498729,6.61918966415889e-05,-0.0160409321080274,0.000433232422991113,3.60637580908084e-05,-0.0129702956146551,-0.100801263088702,0.43821142789339
4.13,-0.0575105239528878,0.280110151296812,1.26280657306603,-0.00688651567540712,0.000248633327687425,6.6519522834428e-05,-0.0162591877469354,0.000430219480456732,2.92746965556327e-05,-0.0129957154160019,-0.10080362341809,0.438212027627997
4.14,-0.0575802020668888,0.280112659146789,1.26280723972972,-0.00705019929574201,0.000252919329107864,6.67773905727016e-05,-0.0164776146224246,0.00042674841105372,2.21068852114621e-05,-0.0130217439889681,-0.100806045682452,0.438212629335081
4.15,-0.0576515279388026,0.280115209683395,1.26280790861384,-0.00721606796785562,0.0002571682959085,6.69616605386572e-05,-0.0166961834658839,0.000422805822992171,1.45498962879453e-05,-0.0130483895945549,-0.10080853103711,0.438213232319459
4.16,-0.0577245234262459,0.280117802512708,1.26280857896293,-0.00738412296505968,0.000261375445567708,6.70683884984605e-05,-0.0169148649952814,0.000418378176408313,6.59318044589792e-06,-0.0130756605031781,-0.100811080654528,0.438213835848842
4.17,-0.0577992103981038,0.280120437192306,1.26280924998161,-0.00755436526776124,0.000265535859436666,6.70935241475752e-05,-0.0171336299113584,0.000413451779479001,-1.77393488802039e-06,-0.0131035649936694,-0.100813695724643,0.438214439152834
4.18,-0.0578756107316011,0.280123113229896,1.26280992083342,-0.00772679556328686,0.000269644481157288,6.70329098007001e-05,-0.0173524488940133,0.00040801279244166,-1.05622494082814e-05,-0.0131321113522781,-0.100816377455212,0.438215041421921
4.19,-0.0579537463093696,0.280125830081929,1.2628105906398,-0.00790141424564152,0.000273696115285499,6.68822791594096e-05,-0.0175712925999492,0.000402047231618579,-1.97826810487042e-05,-0.0131613078716722,-0.100819127072148,0.438215641806441
4.2,-0.0580336390165139,0.280128587152202,1.262811258479,-0.00807822141528584,0.000277685425789659,6.6637256179726e-05,-0.0177901316586978,0.000395540964009345,-2.94462682017089e-05,-0.0131911628499382,-0.100821945819869,0.438216239415551
4.21,-0.0581153107376753,0.280131383790445,1.26281192338493,-0.00825721687881547,0.000281606934565686,6.62933537953754e-05,-0.0180089366658996,0.000388479719503541,-3.95641680529875e-05,-0.0132216845895815,-0.100824834961658,0.438216833316175
4.22,-0.0581987833540902,0.280134219290893,1.26281258434608,-0.00843840014860384,0.00028545502017973,6.58459728186663e-05,-0.0182276781825033,0.000380849089904393,-5.01476471458008e-05,-0.0132528813965236,-0.100827795780011,0.438217422531947
4.23,-0.0582840787406474,0.280137092890849,1.26281324030438,-0.00862177044246554,0.000289223916363774,6.52904008524594e-05,-0.0184463267317706,0.000372634521295751,-6.12080908178553e-05,-0.0132847615791,-0.100830829577008,0.438218006042139
4.24,-0.0583712187629395,0.280140003769221,1.26281389015409,-0.00880732668323924,0.000292907710605645,6.46218110023092e-05,-0.0186648527930061,0.000363821328063697,-7.27569982041163e-05,-0.0133173334470551,-0.100833937674675,0.438218582780583
4.25,-0.0584602252743121,0.280142951045061,1.2628145327406,-0.00899506749832565,0.000296500342925048,6.38352608883771e-05,-0.0188832267964856,0.000354394696366222,-8.48059705794999e-05,-0.0133506053105368,-0.100837121415357,0.438219151634575
4.26,-0.0585511201129061,0.280145933776079,1.26281516685931,-0.00918499121916896,0.00029999560453297,6.29256915907191e-05,-0.01910141912207,0.000344339676911599,-9.7366720241823e-05,-0.0133845854790877,-0.100840382162096,0.438219711443777
4.27,-0.0586439250986955,0.280148950957151,1.26281579125444,-0.00937709588076706,0.00030338713646328,6.18879264835406e-05,-0.0193194000951348,0.000333641192729733,-0.000110451067736193,-0.0134192822606352,-0.100843721299005,0.438220260999102
4.28,-0.0587386620305214,0.280152001518808,1.26281640461784,-0.00957137922107165,0.000306668428387564,6.07166702359953e-05,-0.0195371399785947,0.000322284044867331,-0.00012407093297209,-0.0134547039604788,-0.100847140231658,0.438220799041594
4.29,-0.058835352683117,0.280155084325719,1.26281700558784,-0.00976783868033895,0.000309832817360626,5.94065078240988e-05,-0.0197546089718406,0.000310252909890145,-0.000138238332447877,-0.0134908588802746,-0.100850640387474,0.438221324261297
4.3,-0.0589340188041282,0.280158198175156,1.262817592748,-0.00996647140050847,0.000312873486585367,5.79519035870377e-05,-0.0199717772069634,0.000297532346400085,-0.000152965383692784,-0.0135277553170174,-0.100854223216111,0.43822183529611
4.31,-0.0590346821111271,0.280161341795451,1.26281816462591,-0.0101672742244782,0.000315783464288628,5.63472001502431e-05,-0.0201886147415766,0.000284106795312583,-0.000168264303046384,-0.0135654015620192,-0.10085789018986,0.438222330730642
4.32,-0.0591373642886177,0.280164513844441,1.262818719692,-0.01037024369534,0.000318555622491619,5.45866175261101e-05,-0.0204050915548637,0.000269960581666249,-0.000184147396220649,-0.0136038058998846,-0.100861642804043,0.43822280909505
4.33,-0.0592420869850339,0.280167712907901,1.26281925635826,-0.0105753760555755,0.000321182675921953,5.26642522258302e-05,-0.0206211775446409,0.000255077926419159,-0.000200627056634707,-0.0136429766074826,-0.100865482577419,0.438223268863868
4.34,-0.0593488718097293,0.28017093749796,1.26281977297704,-0.0107826672462328,0.000323657181020002,5.05740763934159e-05,-0.0208368425211733,0.000239442939504333,-0.000217715766526066,-0.0136829219529147,-0.100869411052585,0.438223708454839
4.35,-0.0594577403299586,0.280174186051521,1.26282026783979,-0.010992112905999,0.00032597153471204,4.83099368953087e-05,-0.0210520562015411,0.000223039622466343,-0.000235426096395384,-0.013723650194478,-0.100873429796386,0.438224126227722
4.36,-0.0595687140678492,0.280177456928654,1.26282073917578,-0.0112037083702636,0.000328117973469329,4.58655544655083e-05,-0.0212667882094212,0.000205851886925244,-0.000253770695013433,-0.0137651695796253,-0.100877540400329,0.438224520483103
4.37,-0.0596818144973639,0.28018074841099,1.26282118515088,-0.0114174486701874,0.000330088572450545,4.32345229950402e-05,-0.0214810080648262,0.000187863540834048,-0.000272762287201291,-0.0138074883439192,-0.100881744480995,0.438224889461194
4.38,-0.059797063041253,0.280184058700103,1.26282160386624,-0.0116333285315602,0.00033187524428601,4.04103087214826e-05,-0.0216946851782064,0.000169058293058391,-0.000292413677161012,-0.0138506147099827,-0.100886043680457,0.438225231340628
4.39,-0.0599144810679951,0.280187385915876,1.26282199335705,-0.0118513423737515,0.000333469738311713,3.73862494518198e-05,-0.0219077888534335,0.00014941977211154,-0.000312737741259193,-0.0138945568864426,-0.100890439666699,0.438225544237238
4.4,-0.060034089888728,0.280190728094869,1.26282235159123,-0.0120714843086288,0.000334863639728241,3.41555538962986e-05,-0.0221202882770828,0.00012893151671375,-0.000333747423586426,-0.0139393230668698,-0.100894934134041,0.438225826202845
4.41,-0.0601559107541676,0.280194083188671,1.26282267646813,-0.0122937481392932,0.000336048368645987,3.07113009800914e-05,-0.0223321525099916,0.000107576979129585,-0.000355455737066709,-0.0139849214287118,-0.100899528803558,0.43822607522402
4.42,-0.0602799648515139,0.280197449062242,1.26282296581725,-0.0125181273588287,0.000337015179310832,2.70464391549646e-05,-0.0222962004097696,0.000124359455094063,-0.000360126496956655,-0.0140313601322204,-0.100904225423512,0.438226289220856
4.43,-0.0604062733013442,0.280200823492257,1.26282321739691,-0.0127396721474886,0.000338535557747869,2.35087710409582e-05,-0.022498656780591,0.000109117945790909,-0.00039084429748198,-0.0140786473193727,-0.100909025769776,0.438226466045728
4.44,-0.0605347582944636,0.280204219773397,1.26282343599267,-0.0129681004944405,0.00033919753822665,1.92295532053248e-05,-0.0231944382517808,1.404501251487e-05,-0.000456530482306728,-0.0141267528088027,-0.100913923638592,0.438226614172615
4.45,-0.060665635311233,0.280207607443021,1.26282360198798,-0.0132035609125242,0.000338816457998166,1.43781613948238e-05,-0.023411001035609,-2.03664168870484e-05,-0.000471331935147965,-0.0141757601295664,-0.100918936078708,0.438226710204074
4.46,-0.0607988295127141,0.280210996102557,1.2628237235559,-0.0134363205151527,0.000338790209888909,9.8029145023657e-06,-0.0233798556052754,-1.54396184733629e-05,-0.000470914667816135,-0.0142256401896121,-0.100924057806981,0.438226762242767
4.47,-0.0609343617215361,0.280214383247219,1.26282379804627,-0.0136711580246297,0.000338507665628699,4.9598680385009e-06,-0.0235872151509116,-4.1641092795389e-05,-0.000497985222502861,-0.0142764010490847,-0.100929290696246,0.438226767854378
4.48,-0.0610722526732067,0.28021776625587,1.26282382275326,-0.0139080648181709,0.000337957388033002,-1.56789947691752e-07,-0.0237937086930396,-6.89732537743349e-05,-0.000525662359751611,-0.014328050742215,-0.100934636652895,0.438226724530448
4.49,-0.0612125230178995,0.28022114239498,1.26282379491047,-0.0141470321984905,0.000337128200553212,-5.5533791565311e-06,-0.0239993161155578,-9.74183768383826e-05,-0.000553995629370972,-0.0143805972780051,-0.100940097616333,0.438226629688183
4.5,-0.0613551933171765,0.280224508819881,1.26282371168568,-0.014388051140482,0.000336009020496234,-1.1236702535111e-05,-0.0242040046093843,-0.000126969882525331,-0.00058302970062925,-0.0144340486391582,-0.100945675558812,0.438226480668995
4.51,-0.0615002840407091,0.28022786257539,1.26282357017642,-0.0146311122906782,0.000334588802902706,-1.72139731691164e-05,-0.0244077412975767,-0.000157626212775961,-0.000612802700250571,-0.014488412780986,-0.100951372485408,0.43822627473708
4.52,-0.0616478155629901,0.280231200595939,1.26282336740621,-0.0148762059664336,0.000332856496240715,-2.34927565401227e-05,-0.0246104932108577,-0.000189389774834333,-0.000643347591311526,-0.0145436976302966,-0.100957190434084,0.438226009078024
4.53,-0.0617978081600378,0.280234519705315,1.26282310032129,-0.0151233221548953,0.000330801007406019,-3.00809249953466e-05,-0.024812227263535,-0.000222266115790977,-0.000674693261815076,-0.0145999110842653,-0.100963131475832,0.438225680797432
4.54,-0.061950282006088,0.280237816616087,1.26282276578771,-0.0153724505117043,0.000328411173924895,-3.69866217764239e-05,-0.0250129102318495,-0.000256263263665625,-0.000706865383448452,-0.0146570610092895,-0.100969197714884,0.438225286919579
4.55,-0.0621052571702719,0.280241087928793,1.26282236058885,-0.0156235803595323,0.000325675742132706,-4.4218232664316e-05,-0.0252125087397097,-0.000291391200195992,-0.000739887086043193,-0.0147151552398288,-0.100975391288962,0.438224824386064
4.56,-0.0622627536132787,0.28024433013093,1.26282188142306,-0.0158767006864985,0.000322583349920975,-5.17843634972881e-05,-0.0254109892428033,-0.000327661452553098,-0.000773779489371538,-0.0147742015772298,-0.100981714369571,0.438224290054485
4.57,-0.0624227911840019,0.280247539595792,1.26282132490158,-0.0161318001443884,0.000319122513081645,-5.96938224517464e-05,-0.0256083180132781,-0.000365086769289085,-0.000808562129472773,-0.0148342077885388,-0.100988169162323,0.438223680697121
4.58,-0.0625853896161664,0.280250712581191,1.26282068754661,-0.016388867046764,0.000315281614535194,-6.79556060867432e-05,-0.0258044611328699,-0.000403680860267676,-0.000844253283393932,-0.0148951816052996,-0.100994757907274,0.438222992999618
4.59,-0.0627505685249371,0.280253845228082,1.26281996578946,-0.0166478893670458,0.000311048895876291,-7.65788881196254e-05,-0.0259993844802155,-0.000443458188086743,-0.000880870230646352,-0.0149571307223392,-0.101001482879293,0.438222223559682
4.6,-0.0629183474035073,0.280256933559109,1.26281915596885,-0.0169088547363684,0.000306412450773459,-8.55730106996707e-05,-0.0261930537192833,-0.000484433806540615,-0.000918429462482204,-0.0150200627965396,-0.10100834638843,0.438221368885779
4.61,-0.0630887456196645,0.280259973477098,1.26281825432925,-0.0171717504414314,0.000301360219745479,-9.49474773692691e-05,-0.026385434296097,-0.000526623230023859,-0.000956946833441426,-0.0150839854455971,-0.101015350780309,0.438220425395841
4.62,-0.063261782412336,0.280262960763504,1.2628172570193,-0.0174365634222903,0.000295879986172982,-0.000104711947368499,-0.0265764914280131,-0.000570042329451461,-0.000996437692357475,-0.0151489062467681,-0.101022498436513,0.438219389415971
4.63,-0.0634374768881103,0.280265891076821,1.2628161600903,-0.0177032802699917,0.00028995937315645,-0.000114876231216418,-0.0267661900947516,-0.000614707250518671,-0.00103691698172231,-0.0152148327356015,-0.101029791774985,0.438218257179158
4.64,-0.0636158480177358,0.280268759950967,1.26281495949468,-0.0179718872241853,0.000283585841162608,-0.000125450287002945,-0.0269544950342847,-0.000660634345977426,-0.00107839931040602,-0.0152817724046578,-0.10103723325043,0.438217024823993
4.65,-0.063796914632594,0.280271562793644,1.26281365108456,-0.0182423701706774,0.000276746686236901,-0.000136444217424539,-0.0271413707351032,-0.000707840118046543,-0.00112089901416234,-0.0153497327022147,-0.101044825354714,0.438215688393387
4.66,-0.0639806954211493,0.280274294884692,1.26281223061033,-0.0185147146388874,0.000269429038801678,-0.000147868267286192,-0.0273267814284173,-0.000756341176078647,-0.00116443020115012,-0.0154187210309587,-0.101052570617273,0.438214243833304
4.67,-0.0641672089253718,0.28027695137442,1.26281069371921,-0.0187889057992457,0.000261619862715328,-0.000159732821447541,-0.0275106910833162,-0.00080615420672337,-0.00120900679079178,-0.015488744746662,-0.101060471605512,0.438212686991483
4.68,-0.0643564735371343,0.280279527281946,1.2628090359539,-0.0190649284605537,0.00025330595466721,-0.000172048403102028,-0.0276930634011339,-0.000857295938266308,-0.00125464253375486,-0.0155598111568464,-0.10106853092521,0.438211013616177
4.69,-0.0645485074945828,0.280282017493514,1.26280725275115,-0.0193427670672684,0.000244473943950002,-0.000184825672122639,-0.0278738618077637,-0.00090978311426074,-0.00130135102971484,-0.0156319275194305,-0.101076751220918,0.438209219354893
4.7,-0.0647433288784796,0.280284416760825,1.26280533944046,-0.019622405696709,0.000235110292381995,-0.000198075423696324,-0.0280530494485135,-0.00096363247478802,-0.00134914575622383,-0.0157051010413645,-0.101085135176361,0.438207299753138
4.71,-0.064940955608517,0.280286719699361,1.26280329124268,-0.0199038280562387,0.000225201294454242,-0.000211808587247115,-0.0282305891833696,-0.00101886074147009,-0.00139804006926652,-0.0157793388772469,-0.101093685514829,0.438205250253173
4.72,-0.0651414054396044,0.280288920786714,1.26280110326871,-0.0201870174803764,0.000214733077552593,-0.000226036225081655,-0.0284064435803016,-0.00107548460012657,-0.00144804720048122,-0.0158546481279288,-0.101102404999572,0.438203066192767
4.73,-0.0653446959581245,0.280291014360912,1.26279877051818,-0.0204719569278447,0.00020369160245171,-0.00024076953125674,-0.0285805749094858,-0.00113352068509222,-0.00149918027825325,-0.0159310358390992,-0.101111296434187,0.438200742803967
4.74,-0.0655508445781613,0.280292994618763,1.26279628787809,-0.0207586289785661,0.000192062663850749,-0.00025601983064672,-0.0287529451380403,-0.00119298557046999,-0.00155145232494327,-0.0160085089998572,-0.101120362662997,0.43819827521187
4.75,-0.0657598685376959,0.280294855614189,1.26279365012156,-0.0210470158306055,0.000179831891042311,-0.000271798577755605,-0.0289235159264,-0.0012538957595846,-0.00160487625189212,-0.0160870745412652,-0.101129606571439,0.438195658433402
4.76,-0.0659717848947734,0.280296591256584,1.26279085190653,-0.0213370992970941,0.000166984748659056,-0.000288117355684563,-0.0290922486207693,-0.00131626767041442,-0.00165946486330231,-0.0161667393348875,-0.10113903108643,0.438192887376113
4.77,-0.0661866105236378,0.280298195309163,1.26278788777445,-0.0216288608030209,0.000153506537634022,-0.000304987875021652,-0.0292591042474825,-0.00138011762768033,-0.00171523085124097,-0.0162475101913105,-0.101148639176737,0.438189956836969
4.78,-0.0664043621108338,0.280299661387337,1.26278475214903,-0.0219222813820437,0.00013938239610545,-0.000322421972709382,-0.0294240435111258,-0.00144546186062223,-0.00177218679897549,-0.0163293938586461,-0.101158433853341,0.438186861501165
4.79,-0.0666250561512786,0.280300982957085,1.262781439335,-0.0222173416732434,0.000124597300421578,-0.000340431611001161,-0.0295870267862637,-0.00151231649064855,-0.00183034517098255,-0.0164123970210178,-0.101168418169796,0.43818359594094
4.8,-0.0668487089442987,0.280302153333345,1.26277794351681,-0.022514021917769,0.000109136066292479,-0.000359028876129033,-0.0297480141136168,-0.00158069751801631,-0.00188971830850169,-0.0164965262970287,-0.101178595222572,0.43818015461441
4.81,-0.067075336589634,0.280303165678411,1.26277425875747,-0.0228123019555158,9.29833500612507e-05,-0.000378225977171195,-0.0299069651967132,-0.00165062081669536,-0.00195031843286486,-0.016581788238211,-0.101188968151406,0.438176531864402
4.82,-0.067304954983409,0.280304013000346,1.26277037899727,-0.0231121612217033,7.61236499585721e-05,-0.00039803524478633,-0.0300638393944098,-0.0017221021342275,-0.00201215763051459,-0.0166681893274577,-0.101199540139635,0.438172721917312
4.83,-0.0675375798140681,0.28030468815141,1.26276629805258,-0.023413578743404,5.85413073767014e-05,-0.000418469129781486,-0.0302185957176154,-0.00179515707784969,-0.00207524785689097,-0.0167557359774353,-0.101210314414527,0.438168718881964
4.84,-0.0677732265582771,0.280305183826494,1.26276200961467,-0.0237165331360556,4.02205084015774e-05,-0.00043954020192415,-0.030371192825205,-0.00186980110311583,-0.00213960092865321,-0.0168444345289776,-0.1012212942476,0.438164516748491
4.85,-0.0680119104767892,0.280305492561578,1.26275750724854,-0.0240210025999081,2.11452853143839e-05,-0.000461261148354551,-0.0305215890189695,-0.00194604951334054,-0.00220522850869039,-0.0169342912494599,-0.101232482954942,0.438160109387222
4.86,-0.0682536466102752,0.2803056067322,1.26275278439171,-0.024326964916435,1.2995181347675e-06,-0.000483644772097957,-0.0306697422394764,-0.00202391745265937,-0.0022721421144568,-0.0170253123311544,-0.101243883897509,0.438155490547591
4.87,-0.0684984497751179,0.280305518551941,1.2627478343531,-0.0246343974446976,-1.93330637388027e-05,-0.000506703990643686,-0.0308156100616867,-0.0021034198922909,-0.00234035310464512,-0.0171175038895654,-0.10125550048143,0.43815065385705
4.88,-0.0687463345591692,0.280305220070925,1.26274265031189,-0.0249432771176687,-4.07688797110496e-05,-0.000530451834190858,-0.0309591496909992,-0.00218457162803872,-0.00240987267030466,-0.0172108719617444,-0.101267336158291,0.438145592820012
4.89,-0.0689973153174713,0.280304703174346,1.26273722531641,-0.0252535804385176,-6.30244962995782e-05,-0.000554901444049781,-0.0311003179591233,-0.00226738727390771,-0.00248071183706184,-0.0173054225045853,-0.101279394425416,0.438140300816793
4.9,-0.0692514061679396,0.280303959580999,1.26273155228301,-0.0255652834768512,-8.6116625189205e-05,-0.000580066070932096,-0.0312390713208424,-0.0023518812461434,-0.00255288145123567,-0.0174011613930989,-0.101291678826138,0.438134771102585
4.91,-0.0695086209870083,0.280302980841843,1.26272562399499,-0.0258783618649344,-0.000110062121222445,-0.000605959073074493,-0.0313753658502101,-0.00243806776600833,-0.00262639217540754,-0.0174980944186669,-0.101304192950059,0.438128996806438
4.92,-0.0697689734052382,0.280301758338575,1.26271943310155,-0.0261927907938554,-0.00013487798050937,-0.000632593914440246,-0.0315091572359213,-0.0025259608509017,-0.00270125448453692,-0.0175962272872746,-0.1013169404333,0.438122970930265
4.93,-0.0700324768028854,0.280300283282232,1.26271297211671,-0.0265085450096529,-0.00016058133824048,-0.000659984162765233,-0.0316404007793284,-0.00261557429964728,-0.00277747865706919,-0.017695565617723,-0.101329924958744,0.438116686347857
4.94,-0.0702991443054313,0.28029854671181,1.2627062334183,-0.026825598809442,-0.000187189466502317,-0.000688143487581631,-0.0317690513908833,-0.00270692169096523,-0.0028550747660521,-0.0177961149398191,-0.101343150256264,0.438110135803931
4.95,-0.0705689887790742,0.280296539492902,1.26269920924695,-0.0271439260374705,-0.000214719772059784,-0.000717085658086274,-0.0318950635865456,-0.00280001637500929,-0.00293405267415128,-0.017897880692545,-0.101356620102942,0.438103311913181
4.96,-0.0708420228261807,0.280294252316369,1.26269189170513,-0.0274635000811729,-0.000243189794002502,-0.000746824541064655,-0.0320183914855477,-0.00289487146323758,-0.00301442203309681,-0.0180008682222049,-0.101370338323277,0.438096207159365
4.97,-0.0711182587806977,0.280291675697022,1.26268427275613,-0.0277842938671815,-0.000272617201324537,-0.000777374098748211,-0.0321389888069317,-0.00299149982133149,-0.00309619226868284,-0.0181050827805508,-0.101384308789383,0.438088813894404
4.98,-0.0713977087035243,0.280288799972342,1.26267634422316,-0.0281062798573115,-0.000303019790429133,-0.000808748386438313,-0.0322568088682452,-0.00308991406433663,-0.00317937257188392,-0.0182105295228855,-0.101398535421173,0.438081124337505
4.99,-0.0716803843778439,0.280285615301214,1.2626680977884,-0.0284294300445464,-0.000334415482611268,-0.000840961550185888,-0.032371804582286,-0.00319012654625904,-0.00326397189831338,-0.0183172135061439,-0.101413022186528,0.438073130574304
5,-0.0719662973044153,0.28028211166269,1.26265952499215,-0.0287537159489572,-0.000366822321354312,-0.000874027824404579,-0.032483928454415,-0.0032921493528506,-0.00334999896100883,-0.0184251396869516,-0.101427773101463,0.438064824556042
5.01,-0.0722554586968231,0.280278278854787,1.26265061723192,-0.0290791086136347,-0.000400258469668282,-0.000907961529406066,-0.0325931325826103,-0.00339599429355434,-0.00343746222098067,-0.0185343129196611,-0.101442792230268,0.438056198098751
5.02,-0.072547879476688,0.280274106493297,1.26264136576157,-0.0294055786006094,-0.000434742207225401,-0.000942777068824194,-0.0326993686534905,-0.00350167288956753,-0.00352636987666294,-0.0186447379543657,-0.10145808368565,0.438047242882473
5.03,-0.0728435702688352,0.280269584010642,1.26263176169054,-0.0297330959867045,-0.000470291927459631,-0.000978488926939323,-0.0328025879420655,-0.00360919637121163,-0.00361672986059837,-0.0187564194348902,-0.101473651628845,0.438037950450504
5.04,-0.073142541396422,0.280264700654748,1.26262179598303,-0.0300616303594507,-0.000506926134649632,-0.00101511166603616,-0.0329027413105439,-0.0037185756712731,-0.00370854983499968,-0.0188693618967586,-0.101489500269731,0.438028312208664
5.05,-0.0734448028760243,0.280259445487949,1.26261145945722,-0.0303911508129154,-0.000544663440885094,-0.00105265992363932,-0.0329997792056892,-0.00382982141070133,-0.0038018371784099,-0.0189835697651401,-0.10150563386692,0.438018319424587
5.06,-0.0737503644126804,0.28025380738593,1.26260074278456,-0.0307216259435645,-0.00058352256286366,-0.00109114840960436,-0.0330936516602232,-0.00394294389041843,-0.00389659897959388,-0.0190990473527705,-0.101522056727837,0.43800796322705
5.07,-0.0740592353948955,0.280247775036692,1.26258963648903,-0.0310530238461198,-0.000623522318693461,-0.00113059190323119,-0.0331843082905526,-0.00405795308827542,-0.00399284203256057,-0.0192157988578516,-0.10153877320878,0.437997234605319
5.08,-0.0743714248896027,0.280241336939556,1.26257813094649,-0.0313853121093756,-0.000664681624629167,-0.00117100525025557,-0.0332716982974477,-0.00417485864934017,-0.00409057282768363,-0.0193338283619272,-0.101555787714977,0.437986124408534
5.09,-0.0746869416370831,0.280234481404199,1.26256621638402,-0.0317184578120688,-0.000707019491680267,-0.00121240335978487,-0.0333557704648018,-0.00429366987436822,-0.00418979754446528,-0.019453139827736,-0.101573104700611,0.437974623345113
5.1,-0.0750057940458441,0.280227196549722,1.26255388287929,-0.0320524275186716,-0.000750555022116533,-0.00125480120114488,-0.0334364731593314,-0.00441439571161227,-0.00429052203932145,-0.0195737370970411,-0.101590728668845,0.437962721982196
5.11,-0.0753279901874565,0.280219470303757,1.26254112036,-0.0323871872752554,-0.00079530740591251,-0.0012982138005713,-0.0335137543341236,-0.00453704475142388,-0.00439275184671592,-0.0196956238884368,-0.10160866417182,0.437950410745113
5.12,-0.0756535377913492,0.280211290401604,1.26252791860328,-0.0327227026053541,-0.000841295917145009,-0.00134265623807919,-0.0335875615260401,-0.0046616252163938,-0.00449649216804614,-0.0198188037951316,-0.101626915810643,0.437937679916891
5.13,-0.0759824442395636,0.280202644385414,1.26251426723524,-0.0330589385057762,-0.000888539910240384,-0.00138814364393222,-0.0336578418567594,-0.00478814495205384,-0.00460174785332459,-0.0199432802827092,-0.101645488235356,0.437924519637786
5.14,-0.0763147165614648,0.280193519603399,1.2625001557304,-0.0333958594424893,-0.000937058816186088,-0.00143469119514569,-0.0337245420361064,-0.00491661141688501,-0.00470852340950542,-0.0200690566868646,-0.101664386144885,0.437910919904852
5.15,-0.0766503614284134,0.28018390320909,1.26248557341133,-0.0337334293464983,-0.000986872138578086,-0.00148231411212233,-0.0337876083610835,-0.00504703167703243,-0.00481682298769999,-0.0201961362111191,-0.10168361428698,0.437896870571547
5.16,-0.0769893851483947,0.280173782160628,1.26247050944816,-0.0340716116097109,-0.00103799944972673,-0.00153102765489969,-0.0338469867189963,-0.00517941239674748,-0.00492665036710641,-0.0203245219245111,-0.10170317745813,0.437882361347368
5.17,-0.0773317936606076,0.280163143220096,1.26245495285824,-0.0344103690808783,-0.00109046038651303,-0.00158084711946445,-0.0339026225905983,-0.00531375982409677,-0.00503800895723297,-0.0204542167592642,-0.101723080503461,0.437867381797525
5.18,-0.0776775925300123,0.280151972952897,1.26243889250577,-0.0347496640615229,-0.00114427464620867,-0.00163178783404435,-0.0339544610500067,-0.00545007979038911,-0.00515090178399364,-0.020585223508433,-0.101743328316619,0.437851921342656
5.19,-0.078026786941838,0.280140257727172,1.26242231710156,-0.0350894583018784,-0.00119946198232082,-0.00168386515514433,-0.0340024467680469,-0.0055883777000415,-0.00526533148026805,-0.0207175448235258,-0.101763925839633,0.437835969258565
5.2,-0.0783793816960499,0.280127983713251,1.26240521520267,-0.0354297129968838,-0.0012560422002095,-0.00173709446364971,-0.0337240445529279,0.00200912283851705,-0.0156319103383724,-0.020851183212105,-0.101784878062757,0.437819514676017
5.21,-0.0787353812017757,0.280115136883167,1.26238757521228,-0.0357639391929369,-0.00115927952555048,-0.00199650336191177,-0.0339441409445587,0.000252260944497146,-0.0135899021919083,-0.0209861410353652,-0.101806190024295,0.437802546580557
5.22,-0.0790946604799086,0.28010479812274,1.26236528513543,-0.036108595815775,-0.00125099698131956,-0.00200889250748788,-0.0346549951956323,-0.0166548645151613,0.00849112449629707,-0.0211224744728073,-0.101827244861727,0.43778485117377
5.23,-0.0794575531180912,0.280090116943541,1.26234739736213,-0.0364570390968496,-0.00149237681585371,-0.00182668087198583,-0.0343505693279258,-0.0145884412569609,0.00539377741970014,-0.0212600829795499,-0.101849423539294,0.437766867268827
5.24,-0.0798238012618456,0.280074950586423,1.26232875151799,-0.0367956072023335,-0.00154276580645877,-0.00190101695909388,-0.0340149631096,-0.00522704373353778,-0.0073161898222999,-0.0213989994598804,-0.101871948479049,0.437748323928113
5.25,-0.0801934652621379,0.280059261627412,1.26230937702295,-0.0371373383590416,-0.00159691769052447,-0.00197300466843182,-0.0341862901918065,-0.00559283051093282,-0.00712708696947828,-0.0215392458525825,-0.101894832097092,0.437729214778646
5.26,-0.0805665480290264,0.280043012232612,1.26228929142462,-0.0374793330061697,-0.00165462241667743,-0.00204355869848345,-0.0342099649538108,-0.00592760456677797,-0.0070125503315354,-0.0216808232299864,-0.101918084239725,0.437709529461567
5.27,-0.0809430519222613,0.280026169179078,1.26226850584898,-0.0378215376581178,-0.00171546978186003,-0.00211325567506253,-0.0338642511855406,0.00157224767080216,-0.0172959925148816,-0.021823732605015,-0.101941713833977,0.437689257197637
5.28,-0.0813229787821888,0.280008702836975,1.26224702631112,-0.0381566180298805,-0.00162317746326138,-0.00238947854878107,-0.0340969109064095,-0.000318168969777953,-0.0150910089546882,-0.0219679749119508,-0.101965729092439,0.437668386839657
5.29,-0.0817061842828589,0.279993705629813,1.26222071627801,-0.038503475876246,-0.00172183316125559,-0.00241507585415629,-0.0348637446688684,-0.0174612331008084,0.00730324658527121,-0.022113601321106,-0.101989510407591,0.437646700413263
5.3,-0.0820930482997137,0.27997426617375,1.26219872479404,-0.0388538929232579,-0.00197240212527756,-0.00224341361707564,-0.0344524669401525,-0.0154769885063504,0.00425224077670888,-0.0222605223643458,-0.102014452623769,0.437624646444113
5.31,-0.0824832621413241,0.279954257587307,1.26217584800566,-0.0391925252150491,-0.0020313729313826,-0.00233003103862211,-0.0340454990251274,-0.0061094836982569,-0.00850995534707445,-0.022408755375009,-0.102039773151044,0.437601944902629
5.32,-0.0828768988040147,0.279933638715123,1.26215212417327,-0.0395348029037604,-0.0020945917992427,-0.00241361272401713,-0.0338116421558056,0.00114142993474127,-0.0184563381228023,-0.0225583265357036,-0.102065485913661,0.437578590949579
5.33,-0.0832739581993992,0.279912365751323,1.26212757575118,-0.0398687580581652,-0.00200854433268778,-0.00269915780107815,-0.0340755276016592,-0.000830101476996007,-0.016149468961551,-0.02270923561654,-0.102091601989881,0.437554573487194
5.34,-0.083674273965178,0.279893467828469,1.26209814101725,-0.0402163134557936,-0.00211119382878262,-0.00273660210324816,-0.0349207311609921,-0.0177867420603261,0.00600946937322997,-0.022861524904708,-0.102117513640384,0.437529675459325
5.35,-0.0840782844685151,0.279870141874747,1.26207284370912,-0.040567172681385,-0.00236427917389431,-0.00257896841361355,-0.0343841993315088,-0.015930810876452,0.00307273793575496,-0.0230151269469326,-0.102144596669155,0.437504344568962
5.36,-0.0844856174188057,0.279846182244991,1.26204656164897,-0.0409039974424237,-0.00242981004631165,-0.00267514734453306,-0.033603222829548,0.000608456264400438,-0.0192528869352734,-0.0231700351397981,-0.102172081476521,0.437478298070406
5.37,-0.0848963644173636,0.279821545673821,1.26201934076223,-0.041239237137976,-0.0023521100486063,-0.00296402615231901,-0.0339762595873976,-0.00137907616090132,-0.0168862803528953,-0.0233262821690322,-0.102199983430122,0.437451532852013
5.38,-0.0853104021615652,0.279799140044019,1.26198728112593,-0.0415835226341717,-0.00245739156952968,-0.00301287295159096,-0.0345787428628864,-0.0178174725534658,0.00455312885783792,-0.0234839230520284,-0.102227721341507,0.437423839660029
5.39,-0.085728034870047,0.27977239784243,1.2619590833032,-0.0419308119952337,-0.00270845949967562,-0.00287296357516225,-0.034237144748763,-0.0161012580339513,0.00180061980380895,-0.0236428466936641,-0.102256617176553,0.437395648309987
5.4,-0.0861490184014699,0.279744970854025,1.26192982185442,-0.042268265529147,-0.00277941673020871,-0.00297686055551478,-0.0335086734116242,0.000821881747653103,-0.0210464187089327,-0.0238030902013364,-0.102285936442338,0.43736668669506
5.41,-0.08657340018063,0.279716809507826,1.26189954609209,-0.0426009854634662,-0.00269202186472256,-0.00329389194934089,-0.0337830780935373,-0.00136880911993313,-0.0184308431594382,-0.0239646696806636,-0.102315693642679,0.43733695079108
5.42,-0.0870010381107392,0.279691130416731,1.26186394401544,-0.0429439270910177,-0.00280679291260737,-0.00334547741870354,-0.0344525879575767,-0.0195297034610784,0.00528009331535892,-0.024127644720117,-0.102345245606127,0.437306209901155
5.43,-0.0874322787224503,0.279660673649574,1.26183263654371,-0.0432900372226177,-0.00308261593394414,-0.00318829008303371,-0.0336856895313038,-0.0102777260530047,-0.0075201072968841,-0.0242918939706624,-0.102376053689355,0.437274940416509
5.44,-0.0878668388551916,0.279629478098052,1.26180017821378,-0.0436176408816438,-0.00301234743366747,-0.00349587956464122,-0.0334500732262978,-0.00210399591208527,-0.0187078862062896,-0.0244574546623468,-0.102407304839712,0.437242842301781
5.45,-0.0883046315400832,0.2796004267009,1.26176271895242,-0.0439590386871437,-0.00312469585218584,-0.00356244780715949,-0.034272584566911,-0.0185471540585446,0.00279599054964995,-0.0246243950312109,-0.102438424832286,0.437209713721066
5.46,-0.0887460196289344,0.279566984181008,1.26172892925763,-0.044303092572982,-0.00338329051483835,-0.00343995975364822,-0.0334025356278681,-0.00912406299582265,-0.0102640083515709,-0.0247926226567825,-0.102470731693285,0.437175986701087
5.47,-0.0891906933915429,0.279532760890604,1.26169391975735,-0.0446270893997011,-0.0033071771121023,-0.00376772797419092,-0.0331730106898086,-0.00214722864239819,-0.0198849155641577,-0.0249621515178728,-0.102503496393035,0.43714138539852
5.48,-0.0896385614169285,0.279500840638766,1.26165357469815,-0.0449665527867782,-0.00342623508768632,-0.00383765806493139,-0.0336757864018121,-0.0135668161813175,-0.00509845245800526,-0.0251330558003026,-0.102536104813885,0.437105694818282
5.49,-0.0900900244472784,0.27946423618885,1.26161716659605,-0.0453006051277373,-0.00357851343572865,-0.00386969702335102,-0.0334192466348207,-0.0131355565048598,-0.00614368769412935,-0.025305239661535,-0.102569966440928,0.437069377791539
5.5,-0.0905445735194832,0.279429270370052,1.26157618075768,-0.0456349377194746,-0.00368894621778351,-0.00396053181881397,-0.0332941214217806,-0.0108667687390067,-0.00955169526250174,-0.0254787402322553,-0.102603804216149,0.437031969290775
5.51,-0.0910027232016679,0.279390457264494,1.26153795595967,-0.0459664875561729,-0.00379584881050879,-0.00406073092860106,-0.033153420906197,-0.0110724527101284,-0.00972082248974258,-0.0256535526364946,-0.102638734817777,0.436993852341489
5.52,-0.0914639032706067,0.279353353393841,1.26149496613911,-0.0462980061375985,-0.00391039527198608,-0.00415494826860883,-0.0330395376018498,-0.0112465384999405,-0.00992263357869451,-0.0258296667613816,-0.102673630528319,0.436954603264422
5.53,-0.0919286833244199,0.279312249359055,1.2614548569943,-0.0466272783082099,-0.00402077958050759,-0.00425918360017495,-0.0329218330025208,-0.0114562754967209,-0.0100817660858473,-0.0260070888661688,-0.102709655091012,0.436914623356503
5.54,-0.0923964488367708,0.279272937802231,1.26140978246711,-0.0469564427976489,-0.0041395207819205,-0.00435658359032577,-0.0327961111046957,-0.0116582109932389,-0.0102544636437674,-0.0261858018907532,-0.102745631795923,0.436873471080455
5.55,-0.0928678121803729,0.279229458943416,1.26136772532249,-0.0472832005303038,-0.00425394380037237,-0.0044642728730503,-0.0321122788739594,-0.00794345597300103,-0.0157543449080907,-0.0263658179027899,-0.102782776231445,0.436831565865061
5.56,-0.0933421128473769,0.279187858926224,1.26132049700965,-0.0475986883751281,-0.00429838990138052,-0.00467167048848759,-0.0324145604968885,-0.0121480523325545,-0.0105434013181297,-0.0265471129509455,-0.102819859143765,0.436788447380812
5.57,-0.0938197859478754,0.279143491145389,1.26127429191272,-0.0479314917402416,-0.00449690484702346,-0.00467514089941289,-0.0329083448155961,-0.0160597571975578,-0.0056360303546284,-0.0267296813139307,-0.1028578269712,0.436744431929665
5.58,-0.0943007426821817,0.279097920829283,1.26122699419166,-0.04825685527144,-0.00461958504533167,-0.00478439109558015,-0.0323481864644665,-0.012441364638644,-0.0109697233502295,-0.0269135463664962,-0.10289636758564,0.436699400389389
5.59,-0.0947849230533042,0.279051099444482,1.26117860409081,-0.0485784554695309,-0.00474573213979635,-0.00489453536641748,-0.0323134215833954,-0.012747025476694,-0.0109992194313841,-0.0270986861302256,-0.10293549075011,0.436653331899183
5.6,-0.0952723117915724,0.279003006186487,1.26112910348433,-0.048903123703108,-0.00487452555486555,-0.00500437548420784,-0.0321596310913896,-0.0129621794294043,-0.0111747855213842,-0.0272850952893233,-0.102975202858418,0.43660621015267
5.61,-0.0957629855273664,0.278953608933385,1.26107851658113,-0.0492216480913587,-0.00500497572838443,-0.00511803107684516,-0.0315343025796707,-0.0131290940719181,-0.0115575929371397,-0.0274728009146643,-0.103015517197341,0.436558028733555
5.62,-0.0962567447533995,0.27890290667192,1.26102674286279,-0.0495338097547014,-0.00513710743630391,-0.00523552734295063,-0.0313518827820286,-0.0133504325909472,-0.0117344353522838,-0.0276617326031721,-0.10305642702762,0.43650875118168
5.63,-0.0967536617224604,0.278850866784659,1.26097380603427,-0.0498486857469993,-0.00527198438020337,-0.00535271978389083,-0.0313956932604314,-0.0135994554491139,-0.0118079312349961,-0.0278519157767418,-0.103097945527762,0.436458370740232
5.64,-0.0972537184683396,0.278797466984316,1.26091968846711,-0.05016172361991,-0.00540909654528619,-0.00547168596765056,-0.0312081275330857,-0.0138237060572205,-0.0119861232839143,-0.0280433440120754,-0.103140079328035,0.436406870686054
5.65,-0.0977568961948586,0.278742684853753,1.26086437231491,-0.050472848297661,-0.00554845850134778,-0.00559244224956913,-0.0310134352452754,-0.0140494869843703,-0.0121656718482648,-0.0282360105599663,-0.103182835060829,0.436354234169899
5.66,-0.0982631754342927,0.278686497814289,1.26080783962212,-0.0507819923248155,-0.00569008628497359,-0.00571499940461585,-0.0308119662646284,-0.014276859372485,-0.0123462845841181,-0.028429908399404,-0.103226219374116,0.436300444242146
5.67,-0.0987725360413549,0.278628883128053,1.26075007232682,-0.0510890876229535,-0.00583399568879748,-0.00583936794125148,-0.0306036572697812,-0.0145057981883057,-0.0125279351775732,-0.0286250302348341,-0.103270238930138,0.436245483855289
5.68,-0.0992849571867518,0.278569817900513,1.2606910522633,-0.0513940654702111,-0.00598020224873971,-0.00596555810816732,-0.0303884440173385,-0.0147362773296596,-0.0127105972713833,-0.0288213684932755,-0.103314900404017,0.43618933586645
5.69,-0.0998004173507591,0.278509279083079,1.26063076116466,-0.0516968565033003,-0.00612872123539068,-0.00609357988667915,-0.0301662624700483,-0.0149682698562387,-0.0128942437433027,-0.0290189153214503,-0.103360210482337,0.436131983039951
5.7,-0.100318894316818,0.278447243475805,1.26056918066556,-0.0519973907196121,-0.00627956764586448,-0.00622344298303337,-0.029937048817211,-0.0152017479970598,-0.0130788466967544,-0.029217662582928,-0.103406175861701,0.436073408049971
5.71,-0.100840365165151,0.278383687730161,1.260506292305,-0.0522955974796445,-0.00643275619533186,-0.00635515682061424,-0.029700739504605,-0.0154366831159179,-0.0132643774708307,-0.0294176018552841,-0.103452803247251,0.436013593483269
5.72,-0.101364806266411,0.278318588351898,1.26044207752915,-0.0525914055097042,-0.00658830130818285,-0.00648873053244999,-0.0294572712546938,-0.015673045720158,-0.013450806632412,-0.0296187244272761,-0.103500099351159,0.435952521841989
5.73,-0.101892193275345,0.278251921703998,1.26037651769435,-0.0528847429047384,-0.00674621710973503,-0.00662417295326248,-0.0292065810852393,-0.0159108054616372,-0.0136381039689421,-0.0298210212960373,-0.10354807089109,0.435890175546525
5.74,-0.102422501124505,0.278183664009704,1.26030959407009,-0.053175537131409,-0.00690651741741558,-0.00676149261182882,-0.0289486063402087,-0.0161499311221297,-0.0138262384824358,-0.0300244831642899,-0.103596724588634,0.435826536938483
5.75,-0.102955704017974,0.278113791355649,1.26024128784211,-0.0534637150315426,-0.00706921573217762,-0.00690069772291119,-0.0286832847144606,-0.0163903906163892,-0.0140151783811614,-0.0302291004375793,-0.103646067167704,0.435761588283694
5.76,-0.103491775425136,0.27804227969506,1.26017158011563,-0.0537492028256982,-0.00723432522974338,-0.00704179617945206,-0.0284105542714346,-0.0166321509712121,-0.0142048911089419,-0.0304348632215314,-0.10369610535291,0.435695311775319
5.77,-0.104030688074488,0.277969104851054,1.26010045191852,-0.0540319261169713,-0.00740185875160187,-0.00718479554509004,-0.0281303534735252,-0.0168751783391653,-0.0143953433035133,-0.0306417613191332,-0.103746845867895,0.435627689537026
5.78,-0.104572413947476,0.277894242520028,1.26002788420473,-0.0543118098951687,-0.00757182879652668,-0.00732970304552232,-0.0278426212075278,-0.0171194379896935,-0.0145865007922081,-0.0308497842280393,-0.103798295433646,0.435558703626239
5.79,-0.105116924272391,0.277817668275124,1.25995385785761,-0.0545887785411218,-0.00774424751139573,-0.00747652556093419,-0.0275472968076951,-0.0173648942930306,-0.0147783286297107,-0.031058921137906,-0.103850460766774,0.435488336037466
5.8,-0.105664189518298,0.2777393575698,1.25987835369351,-0.0548627558313226,-0.0079191266823873,-0.00762526961811654,-0.0272443200827023,-0.0176115107322799,-0.014970791067953,-0.0312691609277531,-0.103903348577762,0.435416568705706
5.81,-0.106214179389017,0.277659285741476,1.25980135246525,-0.0551336649427759,-0.00809647772604133,-0.00777594138229326,-0.0269336313441832,-0.0178592498892477,-0.0151638515488892,-0.0314804921633575,-0.103956965569185,0.435343383509925
5.82,-0.106766862817154,0.277577428015279,1.25972283486586,-0.0554014284582063,-0.00827631168017224,-0.00792854664909432,-0.0266151714319206,-0.0181080734493009,-0.0153574727085153,-0.0316929030946771,-0.104011318433896,0.435268762276619
5.83,-0.107322207958182,0.277493759507873,1.25964278153227,-0.0556659683714143,-0.00845863919502734,-0.00808309083646356,-0.0262888817378009,-0.0183579421887488,-0.0155516163879804,-0.0319063816533103,-0.104066413853189,0.435192686783448
5.84,-0.107880182184582,0.277408255231379,1.25956117304913,-0.0559272060929623,-0.00864347052394723,-0.00823957897685393,-0.0259547042373771,-0.0186088159746988,-0.0157462436267865,-0.0321209154499893,-0.104122258494925,0.435115138762945
5.85,-0.108440752080041,0.277320890097394,1.25947798995273,-0.0561850624561618,-0.00883081551452133,-0.0083980157089993,-0.0256125815156981,-0.0188606537678193,-0.0159413146516764,-0.0323364917721108,-0.104178859011631,0.435036099906306
5.86,-0.109003883433705,0.277231638921088,1.25939321273495,-0.0564394577232762,-0.00902068359930361,-0.00855840526988745,-0.0252624567939628,-0.0191134136051659,-0.0161367888940063,-0.0325530975813061,-0.104236222038574,0.434955551867257
5.87,-0.109569541234506,0.277140476425408,1.25930682184733,-0.0566903115920411,-0.00921308378662464,-0.00872075148687942,-0.0249042739579803,-0.0193670526192424,-0.0163326249663452,-0.0327707195110506,-0.104294354191796,0.434873476265998
5.88,-0.110137689665546,0.277047377245356,1.25921879770521,-0.0569375432024358,-0.00940802465168845,-0.00888505776921435,-0.0245379775892904,-0.0196215270234287,-0.0165287806774627,-0.0329893438643165,-0.104353262066129,0.434789854693219
5.89,-0.110708292098555,0.276952315932374,1.25912912069195,-0.0571810711438269,-0.00960551432709322,-0.00905132710042868,-0.0241635129898677,-0.0198767920971329,-0.0167252130567538,-0.0332089566112684,-0.104412952233176,0.434704668714204
5.9,-0.111281311088423,0.276855266958814,1.25903777116321,-0.0574208134622332,-0.00980556049363111,-0.00921956203034943,-0.0237808262071553,-0.0201328022026104,-0.0169218783163879,-0.0334295433870061,-0.104473431239267,0.434617899872998
5.91,-0.1118567083678,0.276756204722501,1.25894472945134,-0.05765668766797,-0.0100081703711454,-0.00938976466675643,-0.0233898640732951,-0.0203895107841805,-0.0171187318620331,-0.0336510894893531,-0.104534705603378,0.434529529696665
5.92,-0.112434444841782,0.276655103551391,1.25884997586987,-0.0578886107436991,-0.0102133507093147,-0.00956193666759009,-0.0229905742281476,-0.0206468703511699,-0.0173157283217323,-0.0338735798766958,-0.104596781815033,0.434439539699612
5.93,-0.113014480582674,0.276551937708315,1.25875349071799,-0.058116499152533,-0.0104211077781688,-0.00973607923319108,-0.0225829051427632,-0.0209048324756549,-0.0175128215307508,-0.0340969991658734,-0.104659666332174,0.434347911387992
5.94,-0.113596774824833,0.276446681395828,1.25865525428521,-0.0583402688465544,-0.0106314473588278,-0.00991219309820511,-0.0221668061564908,-0.0211633478093794,-0.0177099645249037,-0.0343213316301205,-0.104723365578996,0.43425462626419
5.95,-0.114181285959605,0.276339308761138,1.25855524685603,-0.0585598352756628,-0.0108443747343564,-0.0100902785236891,-0.0217422275045156,-0.02142236606784,-0.0179071095712581,-0.0345465611970645,-0.104787885943762,0.434159665831375
5.96,-0.114767971530346,0.27622979390114,1.25845344871473,-0.0587751133966447,-0.0110598946801846,-0.0102703352896303,-0.0213091203467722,-0.0216818360210008,-0.0181042081648143,-0.03477267144678,-0.104853233776592,0.434063011598133
5.97,-0.115356788227538,0.276118110867535,1.25834984015023,-0.0589860176825982,-0.0112780114547764,-0.0104523626869854,-0.0208674367962585,-0.0219417055054539,-0.0183012110305476,-0.0349996456099012,-0.104919415387217,0.433964645083178
5.98,-0.115947691883998,0.276004233672045,1.25824440146099,-0.0591924621325699,-0.0114987287902937,-0.0106363595102412,-0.0204171299499689,-0.0222019214209372,-0.0184980681272835,-0.035227466565795,-0.104986437042716,0.433864547820129
5.99,-0.116540637470189,0.275888136291729,1.25813711296003,-0.0593943602815976,-0.0117220498831952,-0.0108223240495311,-0.0199581539209949,-0.022462429716793,-0.0186947286662005,-0.0354561168407958,-0.105054304965215,0.433762701362372
6,-0.11713557908963,0.275769792674381,1.25802795498,-0.0595916252109897,-0.0119479773846296,-0.0110102540835652,-0.0194904638650398,-0.0227231753892061,-0.0188911411369314,-0.0356855786065052,-0.105123025329572,0.43365908728799
6.01,-0.117732469974409,0.275649176744036,1.25791690787836,-0.0597841695588984,-0.0121765133909793,-0.0112001468722697,-0.0190140160174284,-0.0229841024964026,-0.0190872532757314,-0.0359158336781568,-0.105192604261029,0.433553687204767
6.02,-0.118331262480808,0.275526262406561,1.25780395204256,-0.0599719055313383,-0.0124076594345576,-0.0113919991490799,-0.0185287677185609,-0.0232451541403169,-0.019283012113206,-0.0361468635130493,-0.105263047832835,0.433446482755267
6.03,-0.118931908085036,0.275401023555345,1.25768906789538,-0.0601547449132696,-0.0126414164737856,-0.0115858071145339,-0.0180346774457788,-0.0235062724563975,-0.0194783639894971,-0.0363786492090501,-0.105334362063857,0.433337455621983
6.04,-0.119534357379073,0.275273434077086,1.25757223590027,-0.0603325990802539,-0.0128777848836856,-0.0117815664288698,-0.0175317048556725,-0.0237673986212536,-0.0196732545443013,-0.0366111715031695,-0.105406552916148,0.433226587532558
6.05,-0.120138560066641,0.275143467857671,1.2574534365668,-0.0605053790103831,-0.0131167644462107,-0.0119792722054199,-0.0170198108079229,-0.0240284728500747,-0.0198676287521944,-0.0368444107702098,-0.105479626292511,0.433113860265083
6.06,-0.120744464959281,0.275011098788162,1.25733265045616,-0.0606729952964124,-0.0133583543406871,-0.0121789190039137,-0.0164989574036285,-0.024289434393562,-0.0200614309242838,-0.0370783470214901,-0.105553588034015,0.432999255653455
6.07,-0.121352019972569,0.274876300770858,1.25720985818672,-0.0608353581584556,-0.0136025531340819,-0.0123805008239056,-0.0159691080245078,-0.0245502215221996,-0.0202546047378411,-0.0373129599036484,-0.105628443917511,0.432882755592815
6.08,-0.12196117212245,0.27473904772548,1.25708504043968,-0.0609923774569025,-0.013849358771131,-0.0125840110986705,-0.0154302273670834,-0.0248107715226617,-0.0204470932612937,-0.037548228697525,-0.105704199653109,0.432764342045043
6.09,-0.122571867521707,0.274599313595435,1.25695817796475,-0.0611439627057973,-0.0140987685645352,-0.0127894426891314,-0.0148822814840348,-0.0250710207163081,-0.0206388389490111,-0.037784132317127,-0.105780860881638,0.432643997044337
6.1,-0.123184051376566,0.274457072354189,1.2568292515859,-0.0612900230865832,-0.0143507791854572,-0.0129967878776507,-0.0143252378278339,-0.025330904454728,-0.0208297836546149,-0.0380206493086785,-0.105858433172076,0.432521702702844
6.11,-0.123797667983439,0.274312298011726,1.25669824220719,-0.061430467462354,-0.0146053866536297,-0.0132060383622237,-0.0137590652947813,-0.0255903570945918,-0.0210198686778339,-0.0382577578497563,-0.105936922018976,0.432397441216362
6.12,-0.124412660725813,0.274164964621117,1.25656513081865,-0.0615652043924788,-0.014862586327349,-0.0134171852512074,-0.0131837342686615,-0.025849312013487,-0.0212090347672919,-0.0384954357485163,-0.106016332839849,0.432271194870113
6.13,-0.125028972071288,0.274015046285179,1.25642989850217,-0.0616941421477272,-0.0151223728938995,-0.0136302190575696,-0.01259921667447,-0.0261077016374175,-0.0213972221036216,-0.0387336604430105,-0.106096670972538,0.432142946044569
6.14,-0.125646543568768,0.273862517163239,1.2562925264375,-0.0618171887259682,-0.0153847403600974,-0.0138451296932799,-0.0120054860263174,-0.0263654574442565,-0.0215843703199915,-0.0389724090005994,-0.106177941672573,0.432012677221352
6.15,-0.126265315845808,0.273707351477977,1.25615299590831,-0.0619342518682536,-0.0156496820427846,-0.0140619064639694,-0.0114025174825788,-0.0266225099532236,-0.0217704185223608,-0.0392116581174595,-0.106260150110504,0.431880370989185
6.16,-0.126885228606133,0.273549523522383,1.25601128830822,-0.0620452390756198,-0.0159171905591619,-0.0142805380637271,-0.0107902879081813,-0.0268787887652485,-0.0219553052676867,-0.0394513841181922,-0.106343301369214,0.431746010049915
6.17,-0.12750622062732,0.273389007666794,1.25586738514703,-0.0621500576264172,-0.0161872578180896,-0.0145010125693231,-0.0101687759255375,-0.0271342226114046,-0.0221389685372781,-0.0396915629555343,-0.106427400441219,0.431609577224584
6.18,-0.128128229758661,0.273225778366021,1.25572126805684,-0.0622486145941306,-0.01645987501139,-0.0147233174344726,-0.00953796197515565,-0.0273887393692855,-0.022321345729025,-0.0399321702101728,-0.106512452225948,0.431471055459565
6.19,-0.128751192919203,0.273059810166566,1.25557291879834,-0.0623408168659203,-0.0167350326054753,-0.0149474394839036,-0.00889782837930326,-0.0276422661011179,-0.0225023736305844,-0.0401731810906687,-0.106598461527018,0.431330427832756
6.2,-0.129375046095979,0.272891077713912,1.25542231926716,-0.0624265711617166,-0.0170127203334123,-0.0151733649070843,-0.00824835939383668,-0.027894729121532,-0.022681988371931,-0.0404145704334901,-0.106685433049488,0.43118767755982
6.21,-0.129999724342437,0.272719555759898,1.2552694515002,-0.062505784053797,-0.0172929271879059,-0.0154010792513422,-0.00758954126836558,-0.0281460540715481,-0.0228601253665292,-0.0406563127031595,-0.106773371397102,0.431042788000492
6.22,-0.130625161777055,0.272545219170154,1.25511429768213,-0.0625783619870839,-0.0175756414148433,-0.0156305674144149,-0.00692136229801783,-0.0283961659751748,-0.023036719248893,-0.0408983819925152,-0.106862281069532,0.430895742664928
6.23,-0.131251291582179,0.272368042931601,1.25495684015191,-0.0626442112997574,-0.0178608505074094,-0.0158618136363201,-0.00624381286069855,-0.0286449893200217,-0.0232117038146209,-0.041140752023092,-0.106952166459611,0.430746525220111
6.24,-0.13187804600305,0.272188002160005,1.25479706140941,-0.0627032382442979,-0.0181485412012437,-0.0160948014907073,-0.00555688545920986,-0.0288924481397658,-0.0233850119596071,-0.0413833961456201,-0.107043031850557,0.430595119496308
6.25,-0.132505356347065,0.272005072107576,1.2546349441221,-0.0627553490089416,-0.0184386994702047,-0.0163295138755122,-0.00486057474664836,-0.0291384661035425,-0.0235565755818033,-0.0416262873406462,-0.107134881413204,0.430441509493569
6.26,-0.133133152983229,0.271819228170601,1.25447047113189,-0.0628004497392309,-0.0187313105233146,-0.0165659330023434,-0.00415487753917314,-0.0293829666116595,-0.0237263255054383,-0.0418693982192767,-0.107227719203229,0.43028567938828
6.27,-0.133761365341849,0.27163044589711,1.25430362546205,-0.0628384465597251,-0.0190263588024379,-0.016804040385621,-0.0034397928137122,-0.0296258728367956,-0.0238941914649061,-0.0421127010240439,-0.107321549158386,0.43012761353976
6.28,-0.134389921914424,0.271438700994552,1.25413439032418,-0.0628692455955051,-0.0193238279800505,-0.0170438168316415,-0.0027153216988749,-0.0298671077953858,-0.0240601020378888,-0.0423561676298957,-0.107416375095738,0.429967296496901
6.29,-0.135018750253759,0.271243969337509,1.25396274912542,-0.0628927529937025,-0.0196237009583456,-0.0172852424263788,-0.00198146745323947,-0.0301065944175838,-0.0242239846059587,-0.0425997695453083,-0.107512200708908,0.429804713004851
6.3,-0.135647776974298,0.271046226975386,1.25378868547565,-0.0629088749445699,-0.0199259598684022,-0.0175282965237607,-0.00123823542017146,-0.0303442555255487,-0.0243857654142304,-0.0428434779135213,-0.107609029565322,0.429639848011737
6.31,-0.136276927752651,0.270845450140141,1.25361218319494,-0.062917517702106,-0.0202305860688566,-0.0177729577346634,-0.000485632986325934,-0.0305800138280144,-0.0245453696129784,-0.0430872635138946,-0.107706865103476,0.429472686675434
6.32,-0.13690612732834,0.270641615254008,1.25343322632096,-0.0629185876042964,-0.0205375601449624,-0.0180192039160202,0.00027633046670445,-0.0308137918945511,-0.0247027213339961,-0.043331096763385,-0.107805710630203,0.42930321437036
6.33,-0.137535299504737,0.270434698937241,1.25325179911662,-0.0629119910927719,-0.0208468619067476,-0.0182670121613433,0.00104764361165547,-0.0310455120383164,-0.0248577438599217,-0.0435749477181416,-0.107905569317946,0.429131416694316
6.34,-0.138164367150195,0.270224678015873,1.25306788607773,-0.0628976347320633,-0.0211584703857288,-0.0185163587932187,0.0018282932210525,-0.0312750962082794,-0.0250103598121015,-0.0438187860752194,-0.108006444202043,0.428957279475356
6.35,-0.138793252199378,0.270011529529527,1.25288147194076,-0.0628754252283508,-0.0214723638309132,-0.0187672193575854,0.0026182641963538,-0.0315024658569458,-0.0251604913609626,-0.0440625811744095,-0.108108338178009,0.428780788778687
6.36,-0.139421875654762,0.269795230739255,1.25269254169058,-0.0628452694481362,-0.0217885197028677,-0.0190195686204379,0.0034175395761963,-0.0317275417426954,-0.025308060497789,-0.044306302000186,-0.108211253998827,0.428601930913595
6.37,-0.140050157588341,0.269575759135469,1.25250108056835,-0.0628070744368269,-0.0221069146657671,-0.0192733805675411,0.00422610052744414,-0.0319502437579945,-0.0254529893023002,-0.0445499171837703,-0.108315194272227,0.428420692440403
6.38,-0.140678017143499,0.26935309244594,1.25230707407923,-0.0627607474375874,-0.0224275245780276,-0.0195286284064839,0.00504392630308522,-0.0321704907377753,-0.025595200225424,-0.0447933950053143,-0.108420161457969,0.428237060177443
6.39,-0.141305372537092,0.269127208643909,1.25211050800022,-0.0627061959107652,-0.0227503244805227,-0.0197852845720496,0.00587099417082028,-0.0323882002744259,-0.0257346163635042,-0.0450367033962046,-0.108526157865109,0.428051021208056
6.4,-0.141932141061714,0.268898085956329,1.25191136838779,-0.062643327554171,-0.0230752885835161,-0.020043320733754,0.00670727931383078,-0.0326032886041619,-0.0258711616524254,-0.0452798099414927,-0.108633185649262,0.427862562887595
6.41,-0.142558239088176,0.268665702872239,1.25170964158554,-0.0625720503244886,-0.0234023902526059,-0.0203027078050981,0.00755275470359934,-0.0328156704977087,-0.026004761046705,-0.0455226818824535,-0.108741246809846,0.427671672850457
6.42,-0.143183582068204,0.268430038151277,1.25150531423169,-0.062492272460099,-0.0237316019934702,-0.0205634159546881,0.00846296703375918,-0.0328777759704155,-0.0263206477979041,-0.0457652861192794,-0.108850343187317,0.42747833901711
6.43,-0.143808084537378,0.268191070832369,1.25129837326645,-0.0624027909838134,-0.0240599457720142,-0.0208291207610562,0.00931871688009136,-0.0330966172274432,-0.0264330734839792,-0.0460075892139159,-0.108960476460392,0.427282549601136
6.44,-0.14443163788788,0.267948839235837,1.25108873181647,-0.0623058981224971,-0.0243935343380191,-0.0210920774243677,0.0100721558612271,-0.0336088331063238,-0.0261699744641882,-0.046249551707773,-0.109071634888074,0.427084291012737
6.45,-0.145054202499828,0.267703200145609,1.25087653171796,-0.0622013478665889,-0.0247321224341407,-0.02135252025034,0.0109629297121573,-0.0337981394946964,-0.0263051397042054,-0.0464911518490878,-0.109183847522872,0.426883556396751
6.46,-0.145675664845212,0.267454196787154,1.25066168141146,-0.062086639528254,-0.025069497127913,-0.0216181802184518,0.0119198435551818,-0.0338332778183338,-0.0266267569914504,-0.0467323485468563,-0.109297101207824,0.426680332691877
6.47,-0.146295935290393,0.267201810203051,1.25044416811359,-0.0619629509954852,-0.0254087879905074,-0.021885055390169,0.0128209080884491,-0.0340251332894005,-0.0267441954643823,-0.0469731068777347,-0.109411396749514,0.426474609329982
6.48,-0.146914923865122,0.266946021027344,1.25022398030366,-0.061830221366485,-0.0257499997937011,-0.0221530641277395,0.0137294307374375,-0.0342156196244415,-0.0268557080796371,-0.0472133917709768,-0.109526734964889,0.426266376093499
6.49,-0.147532539717722,0.266686810207176,1.25000110683104,-0.0616883623807365,-0.0260931003829962,-0.0224221695517617,0.0146467766208566,-0.0344028238757327,-0.0269635230176265,-0.047453167841142,-0.109643116497457,0.426055623100666
6.5,-0.148148691112736,0.266424159019684,1.24977553691262,-0.0615372858340679,-0.0264380562712157,-0.022692334588092,0.0155729243068284,-0.0345866292924507,-0.027067599689905,-0.0476923993896714,-0.109760541812517,0.425842340812352
6.51,-0.148763285434404,0.266158049081752,1.24954726013928,-0.0613769038945999,-0.0267848329688452,-0.0229635215455598,0.0165078341002343,-0.034766932995509,-0.0271678794828094,-0.0479310504083448,-0.109879011194229,0.425626520039086
6.52,-0.149376229190629,0.265888462360307,1.24931626648171,-0.0612071291520632,-0.0271333949311259,-0.0232356921777482,0.0174514611431288,-0.0349436273653413,-0.0272643093346924,-0.0481690845829872,-0.109998524742629,0.425408151948067
6.53,-0.149987428017445,0.26561538118313,1.24908254629572,-0.0610278746717373,-0.027483705516152,-0.0235088077322537,0.0184037549408986,-0.0351166014001766,-0.0273568401542618,-0.0484064652974275,-0.110119082370575,0.42518722807013
6.54,-0.150596786684063,0.265338788249984,1.24884609032707,-0.0608390540532452,-0.0278357269591294,-0.0237828289808334,0.0193646590583531,-0.0352857422632952,-0.027445424984287,-0.0486431556377308,-0.110240683800683,0.42496374030668
6.55,-0.15120420909851,0.265058666643947,1.24860688971611,-0.0606405814905703,-0.0281894203614179,-0.0240577162319394,0.0203341110920805,-0.0354509367748229,-0.0275300172453669,-0.0488791183967051,-0.110363328562282,0.424737680936592
6.56,-0.151809598313875,0.264774999842756,1.24836493600243,-0.0604323718314036,-0.0285447456946259,-0.0243334293257408,0.0213120428613955,-0.0356120727183028,-0.0276105692154628,-0.0491143160786771,-0.110487015988411,0.424509042623083
6.57,-0.152412856535138,0.264487771730055,1.24812022112959,-0.0602143406333424,-0.028901661815784,-0.0246099276162487,0.0222983808072186,-0.035769039768505,-0.0276870309495205,-0.0493487109045237,-0.110611745212898,0.424277818420539
6.58,-0.153013885126541,0.26419696660644,1.2478727374501,-0.0599864042152592,-0.029260126489996,-0.0248871699447311,0.0232930465039688,-0.0359217300278277,-0.0277593496805226,-0.0495822648169381,-0.110737515167526,0.424044001781327
6.59,-0.153612584619443,0.263902569200255,1.2476224777307,-0.059748479703263,-0.0296200964163405,-0.0251651146098591,0.0242959572228277,-0.0360700381458284,-0.0278274697141364,-0.0498149394859085,-0.110864324579301,0.423807586562561
6.6,-0.154208854720607,0.263604564678113,1.24736943515791,-0.0595004850708027,-0.0299815272529126,-0.0254437193390139,0.0253070264876686,-0.0362138610823077,-0.0278913327201328,-0.0500466963143878,-0.110992171967812,0.423568567032844
6.61,-0.154802594320859,0.263302938655196,1.24711360334392,-0.0592423391735096,-0.0303443736379867,-0.0257229412642618,0.0263261645672768,-0.0363530975264926,-0.0279508783995176,-0.0502774964441305,-0.111121055642683,0.423326937878977
6.62,-0.155393701504077,0.262997677205354,1.24685497633262,-0.0589739617794572,-0.0307085892034424,-0.0260027369070042,0.0273532788833045,-0.0364876470832641,-0.0280060454287938,-0.0505073007616827,-0.111250973701102,0.423082694212623
6.63,-0.155982073556448,0.262688766871128,1.24659354860578,-0.0586952735958435,-0.031074126579652,-0.0262830621728377,0.0283882743062982,-0.0366174093690401,-0.0280567724370594,-0.0507360699045104,-0.111381924025389,0.422835831576958
6.64,-0.156567606975994,0.262376194673761,1.24632931508916,-0.0584061962933312,-0.0314409373908232,-0.0265638723557454,0.0294310533546879,-0.0367422830726424,-0.0281029989152622,-0.0509637642672577,-0.111513904280613,0.422586345953265
6.65,-0.157150197482315,0.262059948123311,1.24606227115866,-0.0581066525287498,-0.0318089722411048,-0.0268451221511429,0.0304815163067889,-0.0368621651308813,-0.0281446659416997,-0.0511903440081306,-0.111646911912205,0.422334233767525
6.66,-0.157729740026569,0.261740015228938,1.24579241264614,-0.0577965659671954,-0.0321781806934408,-0.0271267656745794,0.0315395612281763,-0.0369769502352861,-0.0281817163871282,-0.0514157690554021,-0.111780944143576,0.422079491896973
6.67,-0.158306128801659,0.261416384509442,1.24551973584517,-0.0574758613041863,-0.0325485112458105,-0.0274087564788854,0.0326050839356016,-0.0370865307896361,-0.0282140944867721,-0.0516399991140397,-0.111915997973704,0.421822117676653
6.68,-0.158879257252653,0.261089045004022,1.24524423751656,-0.0571444642884834,-0.0329199113092336,-0.0276910475643149,0.0336779778816024,-0.0371907975520889,-0.0282417445069457,-0.0518629936724499,-0.112052070174705,0.421562108905985
6.69,-0.159449018087429,0.260757986283258,1.24496591489388,-0.0568023017465542,-0.0332923271968523,-0.0279735913690244,0.0347581339412703,-0.037289641378965,-0.0282646081379362,-0.0520847120093422,-0.112189157289385,0.421299463855365
6.7,-0.160015303287584,0.260423198460085,1.24468476568918,-0.056449301609658,-0.0336657041368129,-0.0282563397270736,0.0358454400588165,-0.0373829563032152,-0.0282826205071851,-0.0523051132007051,-0.112327255628812,0.421034181272822
6.71,-0.160578004119622,0.260084672200521,1.24440078809934,-0.0560853929453779,-0.0340399863229166,-0.0285392437791681,0.0369397806806849,-0.0374706443146479,-0.028295704608208,-0.0525241561268945,-0.112466361269968,0.42076626039075
6.72,-0.161137011146491,0.259742398733627,1.2441139808136,-0.0557105059960443,-0.0344151170231058,-0.0288222538192378,0.0380410359122342,-0.0375526220660538,-0.0283037643945073,-0.0527417994798304,-0.112606470053571,0.420495700932729
6.73,-0.161692214239543,0.259396369860059,1.24382434302296,-0.0553245722271332,-0.0347910387642377,-0.0291053190670582,0.0391490803272777,-0.0376288293136522,-0.0283066772067229,-0.0529580017703077,-0.112747577582216,0.4202225031204
6.74,-0.162243502591034,0.259046577958342,1.24353187443226,-0.0549275243894987,-0.0351676936093789,-0.0293883873633722,0.0402637813926554,-0.0376992384309221,-0.0283042868947556,-0.0531727213354336,-0.112889679219021,0.419946667680324
6.75,-0.162790764727333,0.258693015987872,1.24323657527569,-0.0545192965992801,-0.0355450235328561,-0.0296714048049533,0.0413849975651978,-0.0377638634981614,-0.0282963999097996,-0.0533859163462238,-0.113032770087003,0.419668195850676
6.76,-0.163333888523019,0.258335677487685,1.24293844633616,-0.0540998244381947,-0.0359229708793421,-0.0299543153615682,0.0425125762524608,-0.0378227666426268,-0.0282827870857308,-0.0535975448154096,-0.113176845069413,0.419387089387529
6.77,-0.163872761216097,0.257974556570285,1.24263748896846,-0.0536690450742308,-0.0363014788657087,-0.030237060546668,0.0436463520049816,-0.0378760586265109,-0.0282631939996903,-0.0538075646055393,-0.113321898811241,0.419103350570371
6.78,-0.164407269424504,0.257609647910371,1.24233370512523,-0.0532268973980951,-0.0366804920518723,-0.030519579241562,0.0447663384189,-0.0381100625802014,-0.0280371899762815,-0.0540159334374766,-0.113467925721965,0.418816982206415
6.79,-0.164937299164058,0.257240946729247,1.24202709738363,-0.0527737183058529,-0.0370636801173127,-0.0307978043461936,0.0459078935743703,-0.0381826871265754,-0.0279779946248812,-0.0542226088994129,-0.11361491997948,0.418527987633248
6.8,-0.165462743790621,0.256868374308025,1.2417177490383,-0.0523087395266077,-0.0374441457944038,-0.0310791391340596,0.0470943161042174,-0.0378801114458415,-0.0283114273220269,-0.054427548523587,-0.11376289119879,0.41823636875344
6.81,-0.165983473954591,0.256492063813359,1.24140551460095,-0.0518318319837685,-0.0378212823462295,-0.0313640328926341,0.0482544541162668,-0.0378855817372862,-0.0282920381140119,-0.0546307097437667,-0.113911804431635,0.417942132744521
6.82,-0.166499380430296,0.2561119486611,1.24109046838045,-0.0513436504442824,-0.0382018574291495,-0.0316449798963399,0.0494007421929687,-0.0380673486014554,-0.0280694011044884,-0.0548320496999445,-0.114061666422625,0.417645283485104
6.83,-0.167010346963476,0.255728026664776,1.24077261500302,-0.0508438171399091,-0.0385826293182586,-0.0319254209147239,0.0505685143519378,-0.0380844191868146,-0.0280150278868914,-0.0550315255499939,-0.114212470351768,0.41734582643195
6.84,-0.167516256773095,0.255340296074735,1.24045195996215,-0.0503322801572436,-0.0389635458128858,-0.0322052804540777,0.0517413976444928,-0.0380958180974134,-0.0279536646114618,-0.0552290943546625,-0.114364209189639,0.417043767613133
6.85,-0.168016992566621,0.254948755748519,1.24012850939394,-0.0498089891870193,-0.0393445456802069,-0.0324844942069531,0.0529192297781964,-0.0381010117094843,-0.0278858986996928,-0.0554247130947627,-0.114516875665846,0.416739113615331
6.86,-0.168512436556835,0.254553405161131,1.23980227007802,-0.0492738955616797,-0.0397255660470755,-0.0327629984280715,0.0541018508241614,-0.038099772732471,-0.0278118522500203,-0.0556183386806537,-0.114670462267693,0.416431871587656
6.87,-0.169002470477855,0.254154244427577,1.23947324942538,-0.0487269521705361,-0.0401065411348563,-0.0330407312519535,0.0552891088601388,-0.038091751016399,-0.0277317728002804,-0.0558099279619072,-0.114824961236325,0.416122049245742
6.88,-0.169486975600246,0.253751274338434,1.23914145545298,-0.0481681133844769,-0.0404874010674035,-0.0333176338840772,0.0564808563545711,-0.0380764997840789,-0.0276460049992333,-0.0559994377371057,-0.114980364560153,0.415809654876439
6.89,-0.169965832745544,0.253344496406229,1.23880689674769,-0.0475973350434446,-0.0408680711305379,-0.0335936513519382,0.0576769413938512,-0.038053542850089,-0.0275549273737937,-0.0561868247638144,-0.115136663966034,0.415494697343075
6.9,-0.170438922301115,0.252933912915823,1.23846958242594,-0.0470145745565999,-0.0412484719244053,-0.033868732431553,0.0588771957208573,-0.0380224788419663,-0.0274588548138123,-0.0563720457688409,-0.115293850909682,0.41517718609074
6.91,-0.170906124236676,0.252519526967741,1.23812952209906,-0.0464197911290275,-0.0416285207073772,-0.0341428284482144,0.060081424575857,-0.037983097004776,-0.0273579239200928,-0.0565550574589037,-0.115451916567742,0.414857131150606
6.92,-0.171367318123695,0.252101342501675,1.23778672585697,-0.0458129460650828,-0.0420081338645008,-0.0344158909099549,0.0612894044911164,-0.0379354599797545,-0.0272519970822346,-0.0567358165316875,-0.115610851834259,0.41453454314248
6.93,-0.171822383157978,0.251679364290451,1.23744120428086,-0.0451940030392051,-0.0423872299069723,-0.0346878683898591,0.0625008924906255,-0.0378799046125521,-0.0271406342828504,-0.0569142796869814,-0.115770647323507,0.414209433275544
6.94,-0.172271198184479,0.251253597903536,1.23709296848918,-0.0445629282152703,-0.0427657319567518,-0.0349587035956119,0.0637156438943322,-0.0378169364192564,-0.0270231715161164,-0.0570904036373581,-0.115931293379137,0.41388181334849
6.95,-0.172713641722283,0.250824049651316,1.23674203020895,-0.0439196901613185,-0.0431435686353574,-0.0352283318201815,0.0649334297799248,-0.0377470456443007,-0.0268989001444344,-0.0572641451179024,-0.116092780087029,0.413551695750991
6.96,-0.173149591987706,0.250390726530829,1.23638840185277,-0.0432642596196718,-0.0435206728696378,-0.0354966815985006,0.0661622844477352,-0.037511309111018,-0.026950254677281,-0.0574354608949586,-0.116255097287367,0.413219093467964
6.97,-0.173578926914677,0.249953636193923,1.23603209657698,-0.0425964444723638,-0.0438937948175778,-0.0357673369137271,0.0673830543946189,-0.0374601898731336,-0.0267785945529908,-0.0576043077744977,-0.116418234581717,0.412884020086449
6.98,-0.174001520877153,0.249512850634477,1.2356730551145,-0.0419165985317794,-0.0442698766671005,-0.0360322534895604,0.0685905259642292,-0.0377146625664006,-0.0262385327937902,-0.0577706441265868,-0.116582168459158,0.412546489513154
6.99,-0.174417258885312,0.249068238660581,1.23531145150719,-0.0412246339530792,-0.0446480880689058,-0.0362921075696029,0.0698223219430348,-0.0375728973909099,-0.02612822920903,-0.0579344237207108,-0.116746916489901,0.412206516522995
7,-0.174826013556215,0.248619888873099,1.23494721296311,-0.0405201520929187,-0.0450213346149187,-0.036554818073741,0.0710633783030706,-0.0372704125387416,-0.0261898541830411,-0.0580956051336669,-0.116912451436583,0.411864117147719
7.01,-0.175227661927171,0.248167811968283,1.23458035514572,-0.0398033663870178,-0.0453934963196807,-0.0368159046532637,0.0722945762450315,-0.0371593183023546,-0.0260226061422322,-0.0582541454634199,-0.117078761881234,0.411519307370585
7.02,-0.175622080883955,0.247712018946705,1.23421089487004,-0.039074260568018,-0.0457645209809658,-0.0370752701965856,0.0735273994990746,-0.0370416422892564,-0.0258468513942565,-0.0584100018948907,-0.117245836248043,0.411172103771845
7.03,-0.176009147138531,0.247252521548663,1.23383884974178,-0.0383328183970363,-0.0461343291654658,-0.0373328416811488,0.0747617200915796,-0.0369156321630378,-0.0256642467254828,-0.0585631317079131,-0.117413662708806,0.410822523578666
7.04,-0.176388737251896,0.246789332363396,1.23346423803642,-0.0375790261661865,-0.0465028336242266,-0.0375885551310953,0.0759972682626411,-0.0367808046067632,-0.025475377815525,-0.05871349229288,-0.117582229163086,0.410470584664267
7.05,-0.176760727661855,0.246322464876179,1.23308707863916,-0.0368128730317835,-0.046869945257601,-0.0378423492374593,0.077233752630287,-0.0366372548809757,-0.0252801765910639,-0.0588610411658738,-0.117751523231631,0.410116305543226
7.06,-0.177124994712531,0.245851933458244,1.23270739105167,-0.0360343511135807,-0.0472355787218461,-0.0380941586629166,0.0784708766107027,-0.0364856315280771,-0.025077915869561,-0.0590057359818493,-0.11792153226124,0.409759705367424
7.07,-0.177481414684126,0.245377753301742,1.2323251954659,-0.0352434554995694,-0.0475996578881626,-0.0383439075548506,0.0797083449210447,-0.0363270640795281,-0.0248673173962865,-0.0591475345452915,-0.118092243340316,0.409400803923852
7.08,-0.177829863822523,0.244899940300481,1.23194051290057,-0.0344401842151599,-0.0479621200034366,-0.0385915050108423,0.0809458680890768,-0.0361628005166351,-0.0246469909419814,-0.0592863948183547,-0.118263643325119,0.40903962163286
7.09,-0.17817021836843,0.244418510901673,1.23155336536569,-0.0336245381377879,-0.0483229138984953,-0.0388368473736902,0.0821831717825248,-0.0359932364694628,-0.0244164676816727,-0.0594222749276481,-0.118435718871945,0.408676179544665
7.1,-0.178502354585278,0.243933482022511,1.2311637759531,-0.0327965207795093,-0.0486819847328259,-0.0390798343644758,0.0834200160213638,-0.0358164390032147,-0.0241776975785408,-0.0595551331731917,-0.1186084564564,0.408310499335666
7.11,-0.17882614878402,0.243444871207017,1.2307717686784,-0.0319561378173606,-0.0490392426785596,-0.039320401325261,0.0846562203817742,-0.0356273645477385,-0.0239359556152526,-0.0596849280454454,-0.118781842343637,0.407942603313677
7.12,-0.179141477341626,0.24295269716894,1.23037736792659,-0.0311033963718739,-0.0493945320237807,-0.0395585534767808,0.0858916580181282,-0.0354199050868061,-0.0236981774553118,-0.0598116182549555,-0.118955862479533,0.407572514438565
7.13,-0.179448216711457,0.242456980566541,1.22998059760886,-0.030238304656998,-0.0497476407802957,-0.0397943648743672,0.0871261531405767,-0.035192385681558,-0.0234675040556622,-0.0599351627702215,-0.119130502336612,0.407200256332471
7.14,-0.179746243434766,0.241957744353334,1.2295814806291,-0.0293608733090623,-0.0500983797374118,-0.0400279035578941,0.0883618314052236,-0.0348565994892369,-0.0233527739313737,-0.0600555208446665,-0.119305746852954,0.406825853224803
7.15,-0.180035434177639,0.241455012971793,1.2291800395377,-0.0284710680288936,-0.0504447727700804,-0.0402614203529947,0.0895915400254309,-0.0346753931453073,-0.0230410940205159,-0.0601726520077081,-0.119481580609079,0.406449329850524
7.16,-0.180315664795343,0.240948848897932,1.22877625222205,-0.0275690425085537,-0.050791887600318,-0.0404887254383044,0.0908178964185233,-0.0345285337632468,-0.0226491062626172,-0.0602865174158685,-0.119657980670965,0.406070710315568
7.17,-0.18058681502781,0.240439175219786,1.22837026502894,-0.0266547101005232,-0.0511353434453454,-0.040714402478247,0.0920445396837429,-0.0342696611630828,-0.0223953483879028,-0.0603970734353092,-0.119834951461622,0.405690022825921
7.18,-0.180848758997354,0.239926142029025,1.22796196417248,-0.0257281517148788,-0.0514772808235796,-0.0409366324060624,0.093266774113542,-0.0340620529320097,-0.0220658041661727,-0.0605042845310251,-0.120012452156219,0.405307294303429
7.19,-0.181101378062107,0.239409629603315,1.22755153238082,-0.0247893746182523,-0.0518165845039856,-0.0411557185615705,0.0944905695335505,-0.0336152459748152,-0.0219271217328594,-0.0606081066985072,-0.120190496419722,0.404922548361721
7.2,-0.181344546489719,0.238889810338946,1.22713884980125,-0.0238383403242078,-0.0521495857430759,-0.0413751748407196,0.0957063557455027,-0.0334904655334659,-0.0215425426635306,-0.0607085051502295,-0.120369038005111,0.404535819175961
7.21,-0.181578144868591,0.238366637888453,1.226724028884,-0.0228752475033423,-0.0524863938146549,-0.0415865694148411,0.096911297535522,-0.0333879224627623,-0.0210653768089224,-0.0608054387296632,-0.120548075298383,0.404147135164324
7.22,-0.181802051439786,0.237840082462652,1.22630711841295,-0.0219001143734974,-0.0528173441923312,-0.0417964823768981,0.0980987345873032,-0.0328120329630199,-0.0208749459852198,-0.0608988680778632,-0.120727605661827,0.403756507661366
7.23,-0.182016147156061,0.237310291004607,1.22588809923646,-0.0209132728115962,-0.0531426344739153,-0.0420040683345455,0.0993366319857858,-0.0324809082729936,-0.0207948498627091,-0.0609887576540323,-0.120907584537924,0.403363998059916
7.24,-0.182220316896018,0.236777229773174,1.22546703704626,-0.0199133817337817,-0.0534669623577911,-0.0422123793741522,0.100596332490964,-0.0322523586984216,-0.0206243324545508,-0.0610750702378804,-0.121088009974148,0.402969622254626
7.25,-0.182414414790737,0.236240951757451,1.22504385164898,-0.0189013461617769,-0.0537876816478837,-0.0424165549836365,0.101747188573959,-0.0319321999045683,-0.0200089593637316,-0.0611577636579311,-0.121268862850253,0.402573378509384
7.26,-0.182598343819253,0.235701476140216,1.22461870594659,-0.0178784379623025,-0.0541056063558824,-0.0426125585614269,0.102889735990138,-0.0316190846665565,-0.0195256756036876,-0.0612368038473689,-0.121450123690291,0.402175342107672
7.27,-0.182771983549983,0.235158839630333,1.22419160047775,-0.0168435514419741,-0.0544200633412148,-0.0428070684957103,0.104075489262452,-0.0312799836102266,-0.0192878927835882,-0.0613121549195124,-0.121631775379409,0.401775534469177
7.28,-0.182935214848093,0.234613074873392,1.22376256457667,-0.0157969281770535,-0.054731206028087,-0.0429983164170986,0.105216774630541,-0.0309524149830389,-0.0189255240278398,-0.0613837805912238,-0.121813800386744,0.401373986192163
7.29,-0.183087922113524,0.234064215509772,1.22333163414941,-0.0147392159493633,-0.0550391116408756,-0.0431855789762671,0.106512126227909,-0.0305615407778119,-0.0186580900678616,-0.0614516457956223,-0.121996180874831,0.400970730700038
7.3,-0.18322999916708,0.233512292640575,1.22289885299715,-0.0136666856524953,-0.0553424368436432,-0.0433714782184559,0.107807916409875,-0.0301089227012885,-0.0184599403070101,-0.0615157186623365,-0.122178900072058,0.400565803091509
7.31,-0.183361255826574,0.232957366772899,1.22246420458504,-0.0125830576211658,-0.0556412900949014,-0.0435547777824073,0.108821910727213,-0.0297829856565755,-0.0179886235891349,-0.0615759407788368,-0.122361929411989,0.400159229970834
7.32,-0.183481660319503,0.232399466838677,1.2220277574415,-0.011490247437951,-0.0559380965567747,-0.0437312506902386,0.110000294525514,-0.0296248793489758,-0.0173096541749161,-0.0616323055756386,-0.122545257985282,0.399751053164338
7.33,-0.183591060775333,0.231838604841763,1.22158957957124,-0.0103830517306556,-0.0562337876818809,-0.0439009708659056,0.111203751957549,-0.0292891056899579,-0.0168600372839743,-0.0616847651679552,-0.122728868539115,0.399341309742135
7.34,-0.183689321354117,0.231274791085039,1.22114973802418,-0.00926617239880002,-0.0565238786705739,-0.0440684514359181,0.112045755921765,-0.0285837197769174,-0.016801457524793,-0.0617332775010466,-0.122912745771064,0.398930035291042
7.35,-0.183776384223309,0.230708127268352,1.22070821054252,-0.00814213661222019,-0.0568054620774193,-0.0442370000164015,0.113096695920826,-0.0280363824932283,-0.0165947592562929,-0.0617778311218818,-0.123096862561626,0.398517268715736
7.36,-0.183852164086361,0.230138681843491,1.22026499802385,-0.00700423848038354,-0.0570846063204384,-0.0444003466210439,0.114500145259062,-0.0278213337209911,-0.0160059181779765,-0.0618184043751265,-0.123281196749957,0.398103044059159
7.37,-0.183916468992917,0.229566435141943,1.2198202036101,-0.005852133707039,-0.0573618887518391,-0.044557118379961,0.115706438224641,-0.027470428188858,-0.0155079738494275,-0.0618549351841498,-0.123465733785581,0.397687398965456
7.38,-0.183969206760502,0.228991444068454,1.21937385565626,-0.00469010971589068,-0.0576340148842156,-0.0447105060980325,0.116744843446288,-0.0269834565982144,-0.0151275478789004,-0.0618873989901638,-0.123650452322986,0.397270373062219
7.39,-0.184010271187234,0.228413754844259,1.21892599348814,-0.00351723683811319,-0.0579015578838034,-0.044859669337539,0.117856373644457,-0.0265429030987712,-0.0145996733109554,-0.0619157662042134,-0.123835331933401,0.396852005846858
7.4,-0.184039551497264,0.227833412910778,1.2184766622695,-0.0023329822430016,-0.058164872946191,-0.0450024995642516,0.118888063028738,-0.0260435111620198,-0.0142844988809683,-0.0619400056807788,-0.124020351633899,0.396432338754375
7.41,-0.184056930832095,0.227250457385335,1.21802594349685,-0.00113947557753849,-0.0584224281070438,-0.0451453593151584,0.119856295261669,-0.0255145760830284,-0.01421220571719,-0.0619600831033763,-0.12420548933333,0.396011424423092
7.42,-0.184062341008815,0.226664964348637,1.2175737550832,6.41436622317289e-05,-0.0586751644678516,-0.0452867436785954,0.121040718224008,-0.0248747987650286,-0.0136686007150656,-0.0619759870140542,-0.124390727626389,0.395589267869979
7.43,-0.18405564795885,0.226076954095978,1.21712020862328,0.00128133878694173,-0.0589199240823443,-0.0454187313294597,0.122108744648117,-0.0247384303567797,-0.0128216631457464,-0.0619876764867769,-0.124576046094109,0.395165925422106
7.44,-0.184036714233076,0.22548656586699,1.21666538045661,0.00250631855519412,-0.0591699330749872,-0.0455431769415103,0.122997326026533,-0.0247319389161326,-0.0122969333672298,-0.0619951113944422,-0.124761394253585,0.394741490755425
7.45,-0.184005521587746,0.224893555434478,1.21620934508445,0.00374128530747233,-0.059414562860667,-0.0456646699968043,0.124144225278963,-0.0235950645181912,-0.0121556207609663,-0.0619982912373195,-0.124946835467525,0.394315890476302
7.46,-0.183961888526926,0.224298274609777,1.21575208705668,0.00498920306077332,-0.059641834365351,-0.0457862893567296,0.1252216157136,-0.022851931721918,-0.011738035356377,-0.0619971652996645,-0.125132263993099,0.393889274899512
7.47,-0.183905737526531,0.223700718747171,1.21529361929731,0.00624571762174438,-0.0598716014951053,-0.0458994307039318,0.126148893890229,-0.0227215104076714,-0.0110766053208381,-0.0619917163001957,-0.125317677438397,0.393461650612152
7.48,-0.183836974174492,0.223100842579875,1.2148340984426,0.00751218093857797,-0.0600962645735044,-0.0460078214631464,0.12714666739711,-0.0220647255972461,-0.0107554973778261,-0.0619819161546006,-0.125503073708661,0.393033061881228
7.49,-0.183755493907759,0.222498793455701,1.21437346286805,0.00878865096968653,-0.0603128960070503,-0.0461145406514883,0.128126284743482,-0.0214971746558043,-0.010311006001138,-0.0619677419523928,-0.125688411896812,0.392603552225546
7.5,-0.183661201155098,0.221894584659734,1.21391180762957,0.0100747066334476,-0.0605262080666205,-0.0462140415831691,0.129083584445829,-0.0210513817056791,-0.00971552687124266,-0.0619491680170878,-0.125873677999199,0.392173167323137
7.51,-0.18355399977509,0.221288269294368,1.21344918203639,0.0113703226586032,-0.0607339236411639,-0.0463088511889132,0.130033248869019,-0.0204761957132241,-0.00925583687204925,-0.0619261704405777,-0.126058850178268,0.39174195235805
7.52,-0.183433794701926,0.22067990618691,1.21298563060579,0.012675371610828,-0.060935731980885,-0.0463991583206101,0.130981271894734,-0.0197253129939592,-0.00895426456825386,-0.0618987260670072,-0.126243905471528,0.391309953020184
7.53,-0.183300492342873,0.220069554654751,1.21252119886998,0.0139899480964978,-0.061128429901043,-0.0464879364802783,0.131899670559917,-0.0191400659041476,-0.00847155563022621,-0.0618668123991031,-0.12642882086504,0.390877215471434
7.54,-0.183153995739996,0.219457337588889,1.21205587187618,0.0153133650220263,-0.0613185332989679,-0.0465685894332147,0.132767473181199,-0.0190410203473898,-0.00750347883372218,-0.0618304083644869,-0.126613559780608,0.390443789896424
7.55,-0.182994225042433,0.218843183988771,1.21158982708131,0.0166452975601218,-0.0615092503079908,-0.0466380060569527,0.133658446988988,-0.0184458811277435,-0.0070093374816482,-0.0617894913462392,-0.126798127157662,0.390009716692814
7.56,-0.182821089788793,0.21822715258273,1.21112311175504,0.0179865339618061,-0.0616874509215228,-0.0467087761828476,0.134565520923295,-0.0173465762590822,-0.00698178130264357,-0.0617440403916821,-0.126982500364036,0.389575042109033
7.57,-0.182634494363197,0.217609434970341,1.21065565155766,0.0193366079785877,-0.0618561818331725,-0.0467776416830056,0.135419703854613,-0.0167235888870482,-0.00647318335367984,-0.0616940377825874,-0.127166628227304,0.389139822624115
7.58,-0.182434357629222,0.216990028946066,1.21018755892138,0.0206949280388983,-0.0620219226992638,-0.0468382398499212,0.136246185306144,-0.0162737874320064,-0.00578282434927205,-0.0616394635412128,-0.127350501220317,0.388704102919604
7.59,-0.182220595802419,0.216368996516356,1.20971888676066,0.0220615316847106,-0.0621816575818126,-0.046893298169991,0.13706535452009,-0.0156908407225584,-0.00521169839073204,-0.0615802993024429,-0.127534096067706,0.388267932301298
7.6,-0.181993126995527,0.21574639579443,1.20924969295798,0.0234362351293002,-0.062335739513715,-0.0469424738177359,0.137866920385309,-0.0151262788648798,-0.0046278994937297,-0.0615165273110078,-0.127717390403944,0.387831360163079
7.61,-0.181751871099833,0.215122281726081,1.2087800372843,0.0248188700924168,-0.0624841831591102,-0.0469858561598656,0.138651891306522,-0.0145374236864427,-0.0040672095779141,-0.0614481304842603,-0.127900362778067,0.387394435129657
7.62,-0.181496749593679,0.214496712131248,1.20830997583479,0.0262092729554305,-0.0626264879874438,-0.0470238180092941,0.139419601403187,-0.0138906134047181,-0.00353760400740406,-0.0613750925603453,-0.12808299136408,0.38695720550893
7.63,-0.181227685640724,0.213869751966332,1.20783956092412,0.0276072621204806,-0.0627619954272046,-0.0470566082400137,0.140023539634953,-0.0196774123208123,0.00566578937977861,-0.0612973981490501,-0.128265252801086,0.386519721049954
7.64,-0.180944604351269,0.213241472222704,1.20736884366999,0.0290097437481297,-0.0630200362338601,-0.0469105022216986,0.140896813794198,-0.0124714020526699,-0.00251625727709029,-0.0612150327198144,-0.128447122331773,0.386082033443391
7.65,-0.180647490765762,0.212609351241655,1.20690135087968,0.0304251983963645,-0.063011423468258,-0.0471069333855555,0.14176461900877,-0.00458291222520123,-0.0115878898154792,-0.0611278714852736,-0.128629051334422,0.38564441436723
7.66,-0.180336100383342,0.211981243753338,1.20642670500228,0.031845036128305,-0.0631116944783641,-0.0471422600180081,0.142292197786166,-0.0109203972595967,-0.00160610883582286,-0.0610362348210233,-0.128809586107802,0.385206256567595
7.67,-0.180010590043196,0.211347117352088,1.20595850567932,0.0332710423520877,-0.0632298314134499,-0.047139055562272,0.142963264862925,-0.0102848613492396,-0.00104541716828344,-0.0609396779018819,-0.128990556428626,0.384768471143068
7.68,-0.1796706795363,0.210716647125069,1.20548392389103,0.0347043014255636,-0.0633173917053489,-0.0471631683613738,0.143595342002871,-0.00970841948326589,-0.000276384362723336,-0.0608386005801584,-0.129170177123135,0.384330290235162
7.69,-0.179316504014684,0.210080769517981,1.20501524231209,0.0361429491921452,-0.0634239998031152,-0.0471445832495264,0.144231252773241,-0.0090134261742531,0.000252507864512841,-0.060732601317291,-0.129350099631766,0.383892537422089
7.7,-0.178947820552458,0.209448167129007,1.20454103222604,0.0375889264810283,-0.0634976602288339,-0.0471581182040836,0.144693377501354,-0.0160767471626255,0.0110805262521988,-0.0606220394502093,-0.129528718845799,0.383454553325099
7.71,-0.178564725485064,0.208810816313404,1.20407207994801,0.0390368167421722,-0.0637455347463677,-0.0469229727244825,0.145396776241293,-0.00363829167439036,-0.00353770552009086,-0.060506557210523,-0.129707500075619,0.383017036019317
7.72,-0.178167084217614,0.20817325643408,1.20360257277155,0.0404968620058542,-0.0635704260623217,-0.0472288723144854,0.146222694982923,0.00506462265944795,-0.0139432956609495,-0.0603863403815207,-0.129885594630291,0.382579701720753
7.73,-0.177754788244947,0.207539407792158,1.20312750250172,0.0419612706418308,-0.0636442422931787,-0.0472018386377015,0.146480299342027,-0.0167274767513163,0.0160451444629686,-0.0602615523643367,-0.130062271545249,0.382142307824593
7.74,-0.177327858804777,0.206900371588216,1.2026585359988,0.0434264679926947,-0.0639049755973481,-0.046907969425226,0.146834793416071,-0.013399571089365,0.0138930722377521,-0.0601317783582835,-0.130239167261063,0.381705521014226
7.75,-0.176886258885093,0.206261308280211,1.20218934311322,0.0448979665101521,-0.063912233714966,-0.0469239771929464,0.147483293042491,-0.000950070988198193,-0.000874666008406057,-0.0599972564319926,-0.13041530705922,0.381269119266805
7.76,-0.176429899474574,0.205622126913917,1.20172005645494,0.0463761338535446,-0.063923977017112,-0.0469254627453941,0.148033860529225,-0.0011262996868516,0.000587903318145775,-0.0598579648303026,-0.1305907045448,0.380833115630172
7.77,-0.175958736208022,0.204982828739869,1.20125083385831,0.0478586437207367,-0.0639347597087031,-0.0469122191265835,0.148458105954206,-0.000955456558318655,0.00196677817133205,-0.0597138963482792,-0.130765349469231,0.380397570403547
7.78,-0.17547272660016,0.204343431719743,1.20078181207241,0.0493452959726287,-0.0639430861482784,-0.0468861271819675,0.148861322669771,-0.000650666382714951,0.00317792273950991,-0.0595650452335529,-0.130939228605522,0.379962542785942
7.79,-0.174971830288569,0.203703967016903,1.20031311131467,0.050835870174132,-0.0639477730363574,-0.0468486606717933,0.14924179712795,-0.000239742034208174,0.00425771383327074,-0.0594114070847579,-0.131112326419455,0.37952809110867
7.8,-0.174456009196677,0.203064476259016,1.19984483885897,0.0523301319151877,-0.0639478809889626,-0.0468009729053021,0.149598317132808,0.000255574204574554,0.00523476185499543,-0.0592529787599552,-0.1312846255873,0.379094273031068
7.81,-0.173925227650265,0.202425009397124,1.19937709185657,0.0538278365167883,-0.0639426615522659,-0.0467439654346934,0.149929966952648,0.000818249961465085,0.00613152887230704,-0.0590897582985736,-0.131456107397887,0.378661145699475
7.82,-0.173379452466341,0.20178562302797,1.19890995955028,0.0553287312542406,-0.0639315159897333,-0.0466783423278559,0.150236010447535,0.00143492089044464,0.00696562498524852,-0.0589217448570226,-0.131626752066455,0.378228765873237
7.83,-0.172818653025181,0.201146379077329,1.19844352501001,0.0568325567257389,-0.063913963134457,-0.0466046529349884,0.15028534327285,0.00220307061177533,0.00775084934078514,-0.058748938656696,-0.131796538980607,0.377797190022747
7.84,-0.172242801331826,0.200507343765281,1.19797786649158,0.0583344381196977,-0.0638874545774978,-0.0465233253410402,0.150502560080771,0.00291685740227692,0.00849570666584165,-0.0585713409425812,-0.131965446893712,0.377366474404471
7.85,-0.171651964262787,0.199868629985779,1.19751305850319,0.0598426079273544,-0.0638556259864115,-0.0464347388016716,0.15114869078153,0.00342232647623516,0.00924369054290093,-0.0583889845881065,-0.132133449740142,0.376936691166987
7.86,-0.171045949173279,0.199230231245553,1.19704917171554,0.0613574119353282,-0.0638190080479731,-0.0463384515301822,0.151372826692689,0.00411420121020365,0.00999961241431647,-0.0582018162791121,-0.13230053327793,0.376507866610139
7.87,-0.17042481602408,0.19859224982482,1.19658628947258,0.0628700644612081,-0.0637733419622074,-0.0462347465533853,0.151342737705197,0.00496314901302352,0.0106933494310371,-0.0580098661894299,-0.132466673162319,0.376080071649179
7.88,-0.169788547884055,0.197954764406309,1.19612447678448,0.0643842666894322,-0.0637197450677126,-0.0461245845415615,0.15127890661694,0.000918927814602656,0.0178877986505371,-0.0578131395081566,-0.132631846512563,0.375653361948137
7.89,-0.169137130690292,0.197317854923466,1.19566379778175,0.065895642593547,-0.0637549634059153,-0.0458769905803745,0.151500895740491,0.0028245114614523,0.0170041311452575,-0.0576116423259031,-0.132796030385388,0.375227793153731
7.9,-0.168470635032184,0.196679665138191,1.19520693697287,0.067414284604242,-0.0636632548384835,-0.0457845019186563,0.151806060613358,0.00931034191812028,0.00997237331056472,-0.0574053143341594,-0.132959554114947,0.374803598553145
7.91,-0.167788844998207,0.196044589826696,1.19474810774338,0.0689317638058141,-0.0635687565675529,-0.0456775431141632,0.151765405138736,0.00971558791383864,0.0112126245256265,-0.0571943054034489,-0.133121609224978,0.374380433538593
7.92,-0.167091999756068,0.195408290006839,1.19429338611058,0.0704495927070168,-0.0634689430802068,-0.0455602494281438,0.151725975356482,0.00902290826408407,0.0139026670086348,-0.0569784888626653,-0.133282979178795,0.373958769783107
7.93,-0.166379853144066,0.194775210965092,1.19383690275482,0.0719662833129438,-0.0633882984022712,-0.0453994897739905,0.151741610618604,0.00986605986873036,0.0145049524534861,-0.0567580064793965,-0.133442845847408,0.37353825211647
7.94,-0.165652674089809,0.194140524038794,1.1933853963151,0.0734844249193888,-0.0632716218828322,-0.0452701503790741,0.151799732674574,0.0108775371088917,0.0148461099835909,-0.0565327184179831,-0.133602081340498,0.373119397742891
7.95,-0.164910164645679,0.193509778527435,1.19293149974724,0.0750022779664352,-0.0631707476600934,-0.0451025675743187,0.151636463379793,0.0117199786071903,0.015530732206493,-0.0563028016533741,-0.133759667844143,0.372701747319914
7.96,-0.16415262853048,0.192877109085592,1.19248334496362,0.0765171541869846,-0.0630372223106884,-0.0449595357349442,0.15144992125047,0.0123845184877441,0.0164508283002514,-0.0560680789544003,-0.133916664533586,0.372285910909899
7.97,-0.163379821561939,0.192249034081221,1.19203230903254,0.0780312763914447,-0.0629230572903385,-0.0447735510083137,0.151396991159183,0.0132436558063904,0.0170201768189381,-0.0558287880487761,-0.134071882291355,0.371871357195993
7.98,-0.162592003002652,0.191618647939785,1.19158787394345,0.0795450940101683,-0.0627723491945605,-0.0446191321985655,0.151232415134858,0.0142206625899917,0.0174825251402347,-0.0555846902822746,-0.134226564874037,0.371458773475194
7.99,-0.161788919681736,0.19099358709733,1.19113992638856,0.0810559246941418,-0.0626386440385387,-0.044423900505509,0.150768260997753,0.00919788759191928,0.02605759166885,-0.0553360712139842,-0.134379323091256,0.371047531148384
8,-0.160970884508769,0.190365875059015,1.19069939593334,0.0825604592301233,-0.0625883914427222,-0.0440979803651885,0.150754453893751,0.0159139237480156,0.0187884691743586,-0.0550826600802247,-0.134531594081388,0.37063841695936
8.01,-0.160137710497133,0.189741819268476,1.19025796678126,0.0840710137720167,-0.0623203655635784,-0.0440481311220218,0.150771038662416,0.0220934831479663,0.0122077696020638,-0.0548246991995181,-0.1346822309597,0.37023092358129
8.02,-0.159289464233328,0.189119467747743,1.1898184333109,0.0855758800033716,-0.0621465217797628,-0.0438538249731472,0.150286827196889,0.0177771589649595,0.0198162187561011,-0.0545621231469842,-0.134831579315801,0.369825285873523
8.03,-0.158426192897066,0.18849888883288,1.1893808902818,0.0870767503159547,-0.0619648223842792,-0.0436518067468998,0.149914462019241,0.0186135546888932,0.0205002884477154,-0.0542949548049204,-0.134979621627919,0.369421562852306
8.04,-0.157547929227009,0.187880171300057,1.18894539717596,0.0885741692437566,-0.061774250685985,-0.0434438192041929,0.149552023191631,0.0195010508014686,0.0210978373436377,-0.0540232133249611,-0.13512633612477,0.369019808921021
8.05,-0.15665470951219,0.187263403819161,1.18851201389771,0.0900677907797872,-0.0615748013682498,-0.043229850000027,0.149155378185307,0.0203898111789815,0.0216951093706682,-0.0537469187510511,-0.135271701260887,0.368620078385011
8.06,-0.155746573411414,0.186648675272692,1.18808080017596,0.0915572768074627,-0.0613664544624053,-0.0430099170167795,0.148724818279523,0.0212804511291056,0.0222905372965221,-0.0534660919698072,-0.135415695655216,0.368222425364739
8.07,-0.154823563976041,0.186036074729913,1.18765181555738,0.0930422871453776,-0.0611491923456677,-0.0427840392540966,0.148361084655677,0.0222979462381768,0.0226808128139808,-0.0531807547068119,-0.135558298097141,0.367826903783876
8.08,-0.153885727668506,0.185425691425779,1.18722511939088,0.0945244985005762,-0.0609204955376418,-0.0425563007604999,0.147872591517029,0.023199294730687,0.0232594319732335,-0.0528909295219025,-0.13569948755145,0.367433567356337
8.09,-0.15293307400603,0.18481766481916,1.18680068954217,0.0959997389757182,-0.060685206451054,-0.0423188506146319,0.147148718835009,0.0238516676087571,0.0242417430425737,-0.0525966294811386,-0.135839232221888,0.367042460606124
8.1,-0.151965732888992,0.184211987296758,1.18637874237859,0.0974674728772763,-0.0604434621854667,-0.0420714658996484,0.14657218226921,0.0247402951847217,0.0248404745019818,-0.0522978982637745,-0.135977532549909,0.366653654154872
8.11,-0.150983724548484,0.18360879557545,1.18595926022418,0.0989311826211026,-0.0601904005473595,-0.0418220411245923,0.146060929295889,0.0257544804836082,0.0252341715715539,-0.0519947516436466,-0.136114357849616,0.366267192594589
8.12,-0.149987109236569,0.183008179285811,1.1855423015561,0.100388691463194,-0.0599283725757945,-0.0415667824682173,0.145423286252612,0.0266513450981306,0.0258161772107952,-0.0516872154574661,-0.136249687843856,0.365883128678515
8.13,-0.14897595071922,0.182410228123935,1.18512792457481,0.101839648346155,-0.0596573736453969,-0.0413057175803764,0.144750526932531,0.0275485183460363,0.0263953831891607,-0.0513753163577709,-0.136383502454677,0.365501514888748
8.14,-0.147950316269646,0.181815031812903,1.18471618720449,0.103283702001845,-0.0593774022088738,-0.0410388748044341,0.144042589682043,0.0284457304685497,0.0269716840400904,-0.0510590818002812,-0.136515781809835,0.365122403423365
8.15,-0.146910276679183,0.181222680079757,1.18430714707872,0.104720500139796,-0.0590884590360259,-0.0407662838995746,0.14329937896456,0.0293427483355489,0.0275449394199225,-0.0507385400376248,-0.136646506247416,0.364745846184208
8.16,-0.145855906266851,0.180633262632182,1.1839008615265,0.106149689581136,-0.0587905472421628,-0.0404879760160357,0.142520812689567,0.0302393360024369,0.0281150115255545,-0.0504137201128104,-0.136775656320393,0.364371894764803
8.17,-0.144787282887561,0.180046869134914,1.1834973875584,0.107570916393587,-0.0584836723159772,-0.0402039836690635,0.141706822320362,0.0311352548242757,0.0286817651462555,-0.0500846518524547,-0.136903212801131,0.364000600438414
8.18,-0.143704487938979,0.179463589185863,1.18309678185312,0.108983826027543,-0.0581678421456773,-0.0399143407131106,0.140857353010672,0.0320302636297957,0.0292450676466323,-0.049751365859774,-0.137029156685829,0.36363201414624
8.19,-0.14260760636701,0.178883512292,1.18269910074414,0.1103880634538,-0.0578430670433813,-0.0396190823161309,0.139972363782017,0.0329241189352582,0.029804788879324,-0.0494138935073496,-0.137153469198894,0.363266186485753
8.2,-0.141496726669903,0.178306727844995,1.18230440020679,0.111783273303184,-0.0575093597669721,-0.0393182449355241,0.13905182773853,0.0338165752505387,0.0303608009536886,-0.0490722669296715,-0.137276131797258,0.362903167699198
8.21,-0.140371940900946,0.177733325096661,1.18191273584543,0.113169100008571,-0.0571667355383705,-0.0390118662970571,0.138095732322655,0.03470738538391,0.0309129780055529,-0.048726519015469,-0.137397126174614,0.362543007662233
8.22,-0.139233344669731,0.177163393134228,1.18152416288085,0.114545187949637,-0.0568152120592939,-0.038699985375413,0.137104079616582,0.0355963007347294,0.0314611959773017,-0.0483766833998325,-0.137516434265585,0.362185755872734
8.23,-0.138081037141953,0.176597020855475,1.18113873613792,0.115911181600903,-0.0564548095236759,-0.038382642377511,0.136076886662415,0.0364830715780824,0.0320053324021088,-0.0480227944561285,-0.137634038249799,0.361831461439753
8.24,-0.136915121037713,0.176034296943754,1.1807565100333,0.117266725682885,-0.0560855506277323,-0.0380598787273709,0.135014185790669,0.0373674473024014,0.0325452662569573,-0.0476648872877111,-0.137749920555887,0.361480173072635
8.25,-0.135735702628296,0.17547530984292,1.18037753856337,0.118611465316716,-0.0557074605776279,-0.0377317370523719,0.133916024963257,0.0382491765949665,0.0330808779008832,-0.0473029977194318,-0.137864063865386,0.361131939070299
8.26,-0.134542891731379,0.174920147732202,1.18000187529225,0.11994504618215,-0.055320567095833,-0.0373982611693532,0.132782468098233,0.0391280075666784,0.0336120490803112,-0.0469371622889473,-0.137976451116542,0.360786807310677
8.27,-0.133336801704653,0.174368898501004,1.17962957333999,0.12126711467868,-0.0549249004262943,-0.0370594960707657,0.131613595383972,0.0400036878394808,0.0341386630061063,-0.0465674182378267,-0.138087065508019,0.360444825240328
8.28,-0.132117549437805,0.173821649723676,1.17926068537084,0.12257731808983,-0.0545204933390433,-0.036715487909231,0.130409503575185,0.040875964540836,0.0346606045613097,-0.0461938035024593,-0.138195890502515,0.360106039864217
8.29,-0.130885255342856,0.173278488634223,1.1788952635818,0.123875304750184,-0.0541073811354776,-0.0363662839795394,0.129170306259885,0.0417445843025151,0.0351777605066044,-0.045816356704763,-0.138302909830266,0.359770497735675
8.3,-0.129640043342802,0.172739502100966,1.17853335969125,0.125160724215027,-0.053685601652993,-0.036011932699099,0.127896134135003,0.0426092932512989,0.0356900197168179,-0.0454351171426952,-0.138408107492466,0.359438244946531
8.31,-0.128382040858556,0.172204776601163,1.17817502492782,0.126433227432884,-0.0532551952704516,-0.0356524835852031,0.126587135282427,0.0434698369592582,0.0361972734525003,-0.0450501247805681,-0.13851146776458,0.359109327117444
8.32,-0.127111378794144,0.171674398195557,1.17782031001954,0.127692466920676,-0.0528162049138079,-0.035287987230049,0.125243475450348,0.0443259604693289,0.0366994155626151,-0.0446614202391659,-0.138612975199566,0.358783789388411
8.33,-0.125828191520142,0.171148452502887,1.17746926518322,0.128938096941891,-0.0523686760610651,-0.0349184952739508,0.123865338387026,0.0451774084103704,0.0371963425666048,-0.044269044785669,-0.138712614631,0.358461676409483
8.34,-0.124532616855306,0.170627024674336,1.17712194011407,0.130169773688416,-0.0519126567456005,-0.0345440603787169,0.122452926224492,0.046023925213226,0.0376879535781004,-0.0438730403233789,-0.138810371176105,0.358143032331674
8.35,-0.123224796046374,0.170110199367975,1.17677838397564,0.131387155466381,-0.0514481975568006,-0.0341647362023888,0.121006459882288,0.0468652554840874,0.0381741500878148,-0.0434734493812446,-0.138906230238672,0.357827900798082
8.36,-0.121904873745978,0.1695980607232,1.17643864539002,0.132589902886062,-0.0509753516359187,-0.0337805773769605,0.119526179504839,0.0477011446246621,0.0386548354101698,-0.0430703151031841,-0.139000177511885,0.357516324935205
8.37,-0.120572997988652,0.169090692335256,1.17610277242811,0.133777679056478,-0.0504941746643072,-0.0333916394941854,0.118012344917238,0.048531339672098,0.0391299138323324,-0.0426636812371999,-0.139092198981014,0.357208347344479
8.38,-0.119229320164849,0.168588177229914,1.17577081260013,0.134950149784407,-0.0500047248424767,-0.0329979791003139,0.116465235969794,0.0493555903250558,0.0395992895851923,-0.0422535921242807,-0.139182280925975,0.356904010094009
8.39,-0.117873994992964,0.168090597838407,1.1754428128461,0.136106983775874,-0.0495070628578062,-0.0325996537024816,0.114885152712432,0.0501736501947618,0.040062865527825,-0.0418400926870898,-0.139270409923739,0.356603354710519
8.4,-0.116507180489332,0.167598035972758,1.17511881952608,0.137247852838655,-0.0490012518385815,-0.0321967217897574,0.113272415329279,0.0509852780716129,0.0405205418213554,-0.0414232284184445,-0.139356572850561,0.356306422171495
8.41,-0.115129037936191,0.167110572801635,1.1747988784103,0.138372432082459,-0.0484873572963739,-0.0317892428660545,0.1116273636578,0.0517902389566446,0.0409722149430377,-0.041003045369598,-0.139440756884004,0.356013252897534
8.42,-0.113739731847682,0.16662828882683,1.17448303466876,0.139480400111811,-0.0479654470594486,-0.0313772774908967,0.109950356264639,0.0525883046610686,0.0414177772734023,-0.040579590138345,-0.13952294950476,0.355723886744884
8.43,-0.112339429933955,0.166151263860446,1.17417133286049,0.140571439207752,-0.0474355912031526,-0.0309608873205864,0.108241769125502,0.0533792535747945,0.0418571177197831,-0.0401529098569903,-0.139603138498243,0.355438362998195
8.44,-0.110928303063527,0.165679577002767,1.17386381692235,0.141645235494321,-0.0468978619879528,-0.030540135136501,0.106501993952811,0.0541628693138904,0.0422901238190872,-0.0397230521802215,-0.139681311955981,0.355156720363463
8.45,-0.109506525224068,0.165213306620687,1.17356053015776,0.142701479086808,-0.0463523338168747,-0.0301150848442046,0.104731436442426,0.054938938204155,0.0427166853293761,-0.0392900652729402,-0.139757458276842,0.354878996961199
8.46,-0.108074273481791,0.16475253032643,1.17326151522547,0.14373986422317,-0.0457990832238696,-0.0296858014299135,0.102930514785499,0.0557072457923376,0.0431366990431904,-0.0388539977981033,-0.139831566168145,0.354605230319847
8.47,-0.106631727939605,0.16429732495621,1.17296681412916,0.144760089382518,-0.045238188901028,-0.0292523508633408,0.10109965869629,0.0564675729797957,0.043550074097511,-0.0384148989046092,-0.139903624646745,0.354335457369461
8.48,-0.105179071694141,0.163847766548409,1.1726764682082,0.145761857397096,-0.0446697317642737,-0.0288147999479633,0.0992393091867446,0.0572196929217476,0.0439567362753321,-0.0379728182152503,-0.139973623040162,0.354069714435707
8.49,-0.103716490791663,0.163403930320924,1.1723905181302,0.146744875566253,-0.044093795042593,-0.0283732161378342,0.0973499191415268,0.0579633703088495,0.0443566291613591,-0.0375278058147283,-0.140041550987823,0.353808037234196
8.5,-0.102244174182816,0.162965890647557,1.17210900388544,0.147708855779926,-0.0435104643580967,-0.0279276673647361,0.0954319546996075,0.0586983654402041,0.0447497088235123,-0.0370799122377072,-0.140107398442439,0.353550460865181
8.51,-0.100762313676065,0.162533721033762,1.1718319647829,0.148653514660245,-0.042919827733789,-0.027478221961364,0.0934858979820603,0.0594244467633751,0.0451359268894946,-0.0366291884568802,-0.140171155671444,0.353297019808585
8.52,-0.0992711038896109,0.162107494092882,1.17155943944622,0.149578573739567,-0.0423219754228293,-0.0270249488269462,0.0915122531662754,0.0601414175778908,0.0455151938301195,-0.0361756858710178,-0.140232813258293,0.353047747919251
8.53,-0.0977707422012733,0.161687281525306,1.17129146580636,0.150483759723571,-0.0417169993822311,-0.0265679180847615,0.089511560495797,0.0608491642020183,0.0458873118329595,-0.0357194562929359,-0.140292362103164,0.352802678422186
8.54,-0.0962614286951393,0.161273154105237,1.17102808108452,0.151368804949484,-0.0411049921387888,-0.026107202590287,0.0874844247922062,0.0615477283294036,0.0462518732373634,-0.0352605519371799,-0.140349793422188,0.352561843907257
8.55,-0.0947433661022837,0.16086518168253,1.17076932175456,0.152233448219415,-0.040486044815643,-0.0256428806200143,0.0854315583304112,0.0622373825192479,0.0466081549654903,-0.034799025406858,-0.140405098743797,0.352325276322528
8.56,-0.0932167597307511,0.160463433208924,1.17051522347212,0.153077436116092,-0.0398602444884039,-0.0251750394909772,0.0833538038435101,0.0629186263322752,0.0469551286719237,-0.0343349296784503,-0.1404582699003,0.352093006965191
8.57,-0.0916818173799619,0.160067976792762,1.17026582096474,0.153900524296285,-0.0392276722889975,-0.0247037780465758,0.0812520303572862,0.0635919268753723,0.0472918388733111,-0.033868318083182,-0.14050929901373,0.351865066469763
8.58,-0.0901387492448254,0.159678879763144,1.17002114791119,0.154702476723237,-0.0385884059508965,-0.024229202713511,0.0791267578832719,0.0642569978276414,0.0476184259279331,-0.0333992442857892,-0.140558178479403,0.351641484796191
8.59,-0.0885877678454972,0.159296208673744,1.16978123691047,0.155483059453951,-0.0379425323324447,-0.0237514095280172,0.0769776262609894,0.0649116965062722,0.0479376265778375,-0.0329277622692111,-0.140604900961033,0.351422291226341
8.6,-0.0870290880557465,0.158920029116495,1.16954611972063,0.156242029248457,-0.037290172020771,-0.0232704501819543,0.0748035339163197,0.0655515091999918,0.0482553444093193,-0.0324539263434029,-0.140649459424007,0.351207514382145
8.61,-0.0854629272605279,0.158550405233329,1.16931582790683,0.156979130132277,-0.0366315021484448,-0.0227863026398307,0.072604418504537,0.0661716535291631,0.0485776186053331,-0.0319777911846334,-0.140691847229045,0.350997182271607
8.62,-0.0838895054531007,0.158187399073526,1.16909039366783,0.157694117618548,-0.0359667389501877,-0.0222988978098475,0.0703616587650961,0.0666889871100765,0.0490164145971037,-0.0314994118524521,-0.140732058251711,0.350791322339768
8.63,-0.082309044908157,0.157831070454325,1.16886984995063,0.158386363307579,-0.0352977224062433,-0.0218059743478887,0.0681410733896521,0.0673259163316176,0.0492703450105679,-0.0310188436933721,-0.140770086891312,0.350589961465613
8.64,-0.0807217781869492,0.157481444625401,1.16865427418087,0.159056939086341,-0.0346202206235554,-0.0213134909096362,0.0658865408872972,0.0680021234672507,0.0494485989371872,-0.0305361437332365,-0.140805934191367,0.35039312900663
8.65,-0.0791279061264302,0.157138666041854,1.16844358013244,0.159704094125325,-0.0339376799368983,-0.020817002369145,0.0636123836058488,0.0685650154579082,0.0497570663204904,-0.0300513628751977,-0.140839578500785,0.35020084234926
8.66,-0.0775276963044428,0.156802691026663,1.16823793413349,0.160329186758458,-0.0332489203143972,-0.0203183495832264,0.0612982156962912,0.0691405748005248,0.0500349510340635,-0.0295645660917491,-0.140871034940387,0.350013135672613
8.67,-0.0759213223912611,0.156473687635566,1.16803721314078,0.160930058439251,-0.0325548684408879,-0.0198163033484637,0.0589719863130499,0.0696500887930524,0.0503680124342756,-0.0290757958771187,-0.140900276177449,0.349830022851907
8.68,-0.0743090951356579,0.156151593657846,1.16784160806652,0.161508626484719,-0.0318559185385362,-0.0193109893345409,0.0567617503864349,0.0702684857990761,0.0505148688379733,-0.0285851293975234,-0.140927322628668,0.349651539303996
8.69,-0.0726911498615665,0.155836569264795,1.16765099335409,0.16206529344698,-0.0311494987249063,-0.0188060059717042,0.0543230767958152,0.0707530561032339,0.0508578728396721,-0.0280925965301912,-0.140952147020495,0.349477695576761
8.7,-0.071067789266718,0.155528603683348,1.16746548794709,0.162595088020635,-0.0304408574164714,-0.0182938318777474,0.0519499520151426,0.0712556196422915,0.0510931151103419,-0.0275982730176144,-0.140974760048655,0.349308521539591
8.71,-0.0694392481011539,0.155227752116466,1.16728511671653,0.163104292487282,-0.0297243863320605,-0.0177841436694974,0.049659542579741,0.0718105446174292,0.051239957069018,-0.027102215293274,-0.140995157168847,0.349144039943795
8.72,-0.0678057034169725,0.154934115956706,1.1671098050737,0.16358827887223,-0.0290046465241229,-0.0172690327363671,0.0471574147711841,0.0722585063100998,0.0515910524656626,-0.0266044645130004,-0.141013326116894,0.348984256271582
8.73,-0.0661674825237094,0.154647659185983,1.1669397360618,0.164047440782706,-0.0282792162058585,-0.0167523226201841,0.0447769462963442,0.0728264691636535,0.0516884028295438,-0.0261051008372666,-0.141029279428798,0.348829214038145
8.74,-0.0645247546013184,0.154368531632589,1.1667747586213,0.164483817798157,-0.0275481171408498,-0.0162352646797762,0.0423117679275978,0.0731333257468523,0.0521516737950222,-0.025604164350147,-0.141042996621674,0.348678910299842
8.75,-0.0628778061677463,0.154096696843166,1.16661503076821,0.164893676141258,-0.0268165496909215,-0.0157092891442837,0.0398878929293489,0.0736158182840261,0.0523243313466115,-0.0251017228634536,-0.141054490118566,0.348533380011943
8.76,-0.0612268810784933,0.153832200638771,1.16646057283841,0.165281575656744,-0.0260758007751694,-0.015188778052844,0.037524755465817,0.0742288180016529,0.0522588214924688,-0.0245978344155467,-0.14106375807267,0.348392641045298
8.77,-0.0595721746546115,0.153575180827663,1.16631125520715,0.165644171250574,-0.0253319733308884,-0.0146641127144344,0.0349713185270305,0.0744784471852169,0.0527471607426104,-0.0240925456540158,-0.141070782382555,0.348256693601131
8.78,-0.0579139976534816,0.153325561172153,1.16616729058412,0.165981002027285,-0.0245862318314649,-0.0141338348379917,0.032622176966742,0.0750333819520922,0.0526882621481474,-0.0235859297637575,-0.141075582809278,0.348125577014539
8.79,-0.0562525546140656,0.153083456191034,1.16602857851039,0.166296614789909,-0.0238313056918465,-0.0136103474714713,0.0302278429032291,0.0755464269580947,0.0526810184408538,-0.0230780350430844,-0.141078145575815,0.347999293095412
8.8,-0.0545880653576835,0.152848935058316,1.16589508363469,0.166585558885349,-0.0230753032923031,-0.0130802144691747,0.0278433681497234,0.0825019906362142,0.0440028707143788,-0.0225689126581291,-0.141078465062361,0.34787784944363
8.81,-0.0529208434363587,0.152621950125187,1.16576697422101,0.166853482152904,-0.0221812658791223,-0.0127302900571838,0.0250679682741081,0.0761325448824685,0.0533720061735044,-0.022058637067467,-0.141076555954372,0.347761280924612
8.82,-0.0512509957146255,0.152405309740734,1.16564047783355,0.167086918250831,-0.0215526523946537,-0.0120127743457046,0.0220274862239999,0.0627904957245543,0.0721170069739626,-0.0215473102017174,-0.141071931628061,0.347649315663529
8.83,-0.0495791050713421,0.152190897077294,1.16552671873409,0.167294031877384,-0.0209254559646312,-0.0112879499177046,0.0203385485682985,0.0824841134560613,0.045956021098583,-0.0210348376535621,-0.14106602386064,0.347542794469744
8.84,-0.0479051150770779,0.151986800621441,1.16541471883519,0.167493689222197,-0.0199029701255325,-0.011093653923733,0.0180685636066661,0.0842973272975114,0.0441533491125005,-0.0205214369866058,-0.14105742235819,0.34744090501999
8.85,-0.0462292312868982,0.151792837674784,1.16530484565562,0.167655403149517,-0.019239509418681,-0.0104048829354546,0.0147748425761808,0.0661387608466668,0.069367930715698,-0.0200071409755367,-0.141046157120841,0.347343703516153
8.86,-0.0445520070140873,0.151602010433067,1.16520662117648,0.167789186073721,-0.0185801949085991,-0.00970629530941892,0.0125021313667947,0.0775998848351137,0.0543057688178817,-0.0194918895118463,-0.141033471513104,0.347251889345115
8.87,-0.0428734475654236,0.151421233776612,1.16511071974943,0.167905445776853,-0.0176875117219786,-0.00931876755909686,0.0104562056905957,0.0881651427682336,0.0405093278554455,-0.0189758742645336,-0.141018155796508,0.347164788897196
8.88,-0.0411938980985504,0.151248260198628,1.1650202458253,0.167998310187533,-0.0168168920532345,-0.00889610875231003,0.00769080776962821,0.0785276957629456,0.0540950146094034,-0.0184591133121843,-0.141000612403736,0.347082639907094
8.89,-0.039513481361673,0.151084895935547,1.16493279757438,0.168059261932245,-0.0161169578067197,-0.00823686726690882,0.00507932092504171,0.073687649920984,0.0611350678791948,-0.0179416772666987,-0.140980527376802,0.347005275396592
8.9,-0.0378327128599055,0.150925921042493,1.16485550847996,0.168099896606034,-0.0153431390548148,-0.00767340739472616,0.00252734768049356,0.0789029400405405,0.0545040857669066,-0.0174235517461117,-0.140958829043652,0.346933227452541
8.91,-0.0361514834295524,0.150778033154451,1.16477932942649,0.168109808885855,-0.014538899005909,-0.00714678555157071,-0.000292934565407361,0.0791050352141227,0.0546539621176813,-0.0169048789574461,-0.140934341029286,0.346865838990468
8.92,-0.0344705166821885,0.150635143062375,1.16471257276893,0.168094037914726,-0.0137610383505324,-0.00658032815237256,-0.0022426725348163,0.0841804408657689,0.0481459270351998,-0.016385686117364,-0.14090815237091,0.346803726931119
8.93,-0.032789602671258,0.15050281238744,1.16464772286344,0.168064955435159,-0.0128552901885936,-0.00618386701086673,-0.0046556997643218,0.0833463312996884,0.0496406249073326,-0.0158660477228065,-0.140879280267065,0.346746346306496
8.94,-0.0311092175734851,0.150378037258603,1.16458889542872,0.168000923919439,-0.0120941117245385,-0.00558751565422584,-0.00758053099688631,0.0766239400825602,0.0591135570049115,-0.0153460046045155,-0.14084826519049,0.34669400488445
8.95,-0.029429584192869,0.150260930152949,1.16453597255036,0.167913344815221,-0.0113228113869423,-0.00500159587076842,-0.00999754472183361,0.0775356746314704,0.0581915179148405,-0.0148256088758716,-0.140815093143998,0.346646699821968
8.96,-0.0277509506771807,0.150151581030864,1.1644888635113,0.167800973025002,-0.0105433982319091,-0.00442368529592905,-0.0124738647368924,0.0782681311621602,0.0574844826517509,-0.0143049200223274,-0.140779755343597,0.346604429188924
8.97,-0.026073564732369,0.150050062188311,1.16444749884444,0.167663867520483,-0.00975744876369915,-0.00385190621773343,-0.0149434712487784,0.0788597049866009,0.0569432570496378,-0.0137839969315981,-0.140742246115569,0.34656719202151
8.98,-0.0243976733267711,0.149956432055591,1.16441182538695,0.167502103600027,-0.00896620413217716,-0.00328482015493632,-0.0174055014961264,0.079340038841514,0.0565288671494659,-0.0132628979289006,-0.140702562202646,0.346534988024249
8.99,-0.0227235226603685,0.149870738105668,1.16438180244134,0.167315757490561,-0.0081706479868689,-0.00272132887474414,-0.0198600363333652,0.0797319421295301,0.0562111625523911,-0.0127416808710367,-0.140660702247836,0.346507817320204
9,-0.02105135817696,0.149793019095853,1.16435739880945,0.16710490287336,-0.00737156528958659,-0.00216059690388852,-0.0225908960084514,0.0801040460989728,0.0560584142678146,-0.0122204032333275,-0.140616666399344,0.346485680255442
9.01,-0.0193814246029014,0.149723306799876,1.16433859050326,0.166863939570392,-0.00656856706488948,-0.00160016058938787,-0.025148251643759,0.0803886062049632,0.0558882629570005,-0.0116991221886951,-0.140570456006674,0.346468577248603
9.02,-0.0177140793855522,0.149661647754555,1.16432539559766,0.166601937840484,-0.00576379316548736,-0.00104283164474854,-0.027166073845548,0.0805471781873723,0.0555493619869281,-0.0111779273148468,-0.140522067820586,0.346456529158906
9.03,-0.0160493858460915,0.149608030936566,1.16431773387037,0.166320618093481,-0.00495762350114193,-0.00048917334964923,-0.0295500244552501,0.0807455584485012,0.0553644502609901,-0.010656823942525,-0.140471514537571,0.346449500863605
9.04,-0.0143876670236824,0.149562495284532,1.16431561213067,0.166010937351379,-0.00414888199651723,6.44573604713386e-05,-0.0321875665974379,0.0809302063993303,0.0553289417803972,-0.0101358918993478,-0.140418794639621,0.346447506788872
9.05,-0.012729167099064,0.149525053296636,1.16431902301758,0.165676866761532,-0.00333901937315535,0.000617405485958691,-0.0346235026534685,0.0810302041578288,0.055265013543251,-0.00961518833359002,-0.140363912914693,0.346450546592863
9.06,-0.0110741296884518,0.149495714897069,1.16432796024039,0.16531846729831,-0.00252827791336069,0.00116975763133633,-0.0369873819829011,0.0877611667660825,0.0462547143720313,-0.00909477036240128,-0.140306874611642,0.34645861950883
9.07,-0.00942279775309783,0.149474487738369,1.1643424181702,0.164937119121874,-0.00158379603783374,0.0015424997733993,-0.039342498224309,0.086198162295024,0.0483281817448298,-0.00857469506744182,-0.140247685385099,0.346471724316474
9.08,-0.0077753873060144,0.149464038976313,1.16435881023586,0.164531617333824,-0.000804314667460244,0.00213632126623291,-0.0419186899859018,0.0717232299522089,0.067817848971033,-0.00805507623938708,-0.140185881942747,0.346489604225264
9.09,-0.00613216540642143,0.149458401445019,1.16438514459553,0.164098745322156,-0.000149331438789594,0.00289885675281993,-0.0444318528458605,0.0823260192903128,0.0536605108009005,-0.00753583384868611,-0.140122524326747,0.346512821936277
9.1,-0.00449341239957135,0.149461052347537,1.16441678737091,0.163642980276907,0.000842205718345977,0.0032095314822509,-0.0466048098064341,0.0886798697052075,0.0449573460420216,-0.00701712024461107,-0.140057004421771,0.34654105844091
9.11,-0.00285930580088307,0.149475245559386,1.16444933522517,0.163166649126027,0.00162426595531468,0.00379800367366042,-0.0490496872152172,0.0781059703428012,0.0590849009091237,-0.0064990509185153,-0.139988756017662,0.346573991668855
9.12,-0.00123007941705058,0.149493537666643,1.16449274744439,0.162661986532602,0.00240432512520211,0.00439122950043345,-0.0515099639921354,0.0788498594199544,0.0580472176753471,-0.00598150702854575,-0.139919101562575,0.34661231369365
9.13,0.000393933929768903,0.14952333206189,1.16453715981518,0.162136449846185,0.00320126314371373,0.00495894802716734,-0.0537172965578631,0.0809726130170142,0.0549896231233383,-0.00546474398627434,-0.139846736743561,0.346655348620784
9.14,0.00201264957987304,0.149557562929517,1.16459192640493,0.161587640601445,0.00402377738554236,0.00549102196290019,-0.0562449056703452,0.0866336692301221,0.0473716112875409,-0.00494861431632122,-0.139772922330523,0.346703718124093
9.15,0.00362568674179773,0.149603807609601,1.16464698025444,0.161011551732778,0.00493393652831613,0.00590638025291813,-0.0586112479095179,0.0811874759293375,0.0544967612581294,-0.0044333872086591,-0.139696320673978,0.34675674134966
9.16,0.00523288061452852,0.149656241660084,1.16471005400999,0.160415415643255,0.00564752690412907,0.00658095718806276,-0.060790729809873,0.0760873566210024,0.0610445821641629,-0.00391896895563528,-0.139617971701962,0.346814938520155
9.17,0.00683399505466276,0.149716758147684,1.1647785993982,0.15979573713658,0.00645568366073615,0.00712727189620137,-0.0631278041681476,0.0807822985987989,0.0545675655227689,-0.00340545982146659,-0.139537547088198,0.346878127641599
9.18,0.00842879535726006,0.149785355333299,1.16485259944791,0.159152859559892,0.00726317287610502,0.00767230849851811,-0.065430117832718,0.0806875147331708,0.0544592058176639,-0.00289291739300533,-0.139455054028178,0.346946301855845
9.19,0.0100170522458608,0.149862021605206,1.16493204556817,0.158487134779926,0.00806943395539967,0.00821645601255472,-0.0677067545084546,0.0805581707378635,0.0543671632896908,-0.00238139786968054,-0.139370501577408,0.347019453686646
9.2,0.0115985380528588,0.149946744012407,1.16501692856816,0.157798724469723,0.00887433629086239,0.008759651764312,-0.0699670487759777,0.0804159429354222,0.0542687281435527,-0.00187095732618137,-0.139283899025818,0.347097575107999
9.21,0.0131730267352552,0.150039508331023,1.16510723860346,0.157087793804406,0.00967775281410808,0.00930183057542575,-0.0722105517430767,0.0802610263205723,0.0541637973339194,-0.00136165171956464,-0.139195255884477,0.347180657549032
9.22,0.0147402939289469,0.150140299068689,1.16520296517967,0.156354513434861,0.0104795568172738,0.00984292771099037,-0.0744367127713726,0.080093452352676,0.0540524199516025,-0.000853536884114114,-0.139104581884669,0.347268691895438
9.23,0.0163001170039523,0.150249099467369,1.16530409715768,0.155599059548979,0.0112796218611616,0.0103828789744578,-0.0766449778560318,0.0799132482334103,0.0539346501726735,-0.000346668525642371,-0.13901188697735,0.347361668490727
9.24,0.0178522751199264,0.150365891505912,1.16541062275916,0.15482161387774,0.012077821781942,0.0109216207144438,-0.0787615604057493,0.0795549316645639,0.0540004076227141,0.00015889778457397,-0.138917181332733,0.347459577137364
9.25,0.0193965492815071,0.150490655903007,1.16552252957197,0.154023828340864,0.0128707204944528,0.011462887126912,-0.0809281583508934,0.0793425926447245,0.0538785426557076,0.000663106616096424,-0.13882047533986,0.347562407097859
9.26,0.0209327516867436,0.150623305915801,1.1656398805017,0.153203050710723,0.0136646736348364,0.0119991915675579,-0.0832223301336231,0.0794497628061555,0.0533696970949647,0.00116591247081439,-0.138721791780977,0.347670148804832
9.27,0.0224606102957215,0.150763949375704,1.16576251340332,0.152359381738192,0.0144597157505759,0.0125302810688113,-0.0853590484328687,0.0792281607597791,0.0532165900556887,0.00166724120340271,-0.13862111762583,0.347782787174805
9.28,0.0239799393215076,0.150912500230813,1.16589048612308,0.151495869742065,0.0152492368500321,0.0130635233686718,-0.0874013572665876,0.0788274488628445,0.0532484144772338,0.00216704699445609,-0.138518475521125,0.347900311427613
9.29,0.025490527690563,0.151068934112705,1.16602378387069,0.15061135459286,0.0160362647278329,0.0135952493583561,-0.0894910722697406,0.0785722563270712,0.0530933782678148,0.00266527504402121,-0.138413876741877,0.348022708682037
9.3,0.0269921664133647,0.151233225525369,1.16616239111024,0.14970604829667,0.0168206819765735,0.0141253909340281,-0.0915592897991971,0.0783051134241352,0.0529318606773433,0.00316187071594295,-0.138307332759238,0.348149965516226
9.31,0.0284846486564963,0.151405347752236,1.16630629168937,0.148780168796876,0.0176023669963156,0.0146538865719029,-0.0936054829730185,0.0780258576860183,0.0527642020686803,0.00365677955295196,-0.138198855257545,0.348282067975402
9.32,0.0299677697893022,0.151585272865295,1.16645546884168,0.14783393863721,0.0183811991302938,0.0151806749754016,-0.0956291982000125,0.0777345860705803,0.0525904245096708,0.00414994728264505,-0.138088456133051,0.348419001573393
9.33,0.0314413274292405,0.151772971734842,1.16660990518888,0.146867584832876,0.0191570587177271,0.0157056950620963,-0.097629994748314,0.0774314002793851,0.052410549415407,0.00464131982342835,-0.137976147492603,0.348560751294207
9.34,0.0329051214859596,0.15196841403965,1.16676958274292,0.145881338742244,0.0199298271358815,0.0162288859637098,-0.099607444762042,0.0771164060460267,0.0522245983530068,0.00513084329043965,-0.137861941652269,0.348707301593644
9.35,0.0343589542040853,0.15217156827756,1.16693448290815,0.144875435937635,0.0206993868386476,0.0167501870291564,-0.101561133334138,0.076789712701834,0.052032593455463,0.00561846400145141,-0.137745851135943,0.348858636400978
9.36,0.0358026302047125,0.152382401776423,1.16710458648351,0.143850116075561,0.0214656213899183,0.0172695378328191,-0.103490658580733,0.076451432737287,0.0518345578771227,0.00610412848275838,-0.137627888673918,0.349014739120679
9.37,0.0372359565255967,0.152600880705358,1.16727987366481,0.14280562276602,0.0222284154933935,0.0177868781866989,-0.105395631722687,0.0761016813218982,0.0516305163240316,0.00658778347505155,-0.137508067201445,0.349175592634199
9.38,0.0386587426600329,0.152826970086291,1.16746032404724,0.141742203441107,0.0229876550163562,0.0183021481592997,-0.107275677177694,0.0757405757566308,0.0514204956686438,0.00706937593928119,-0.137386399857278,0.349341179301812
9.39,0.0400708005944188,0.153060633805685,1.167645916628,0.140660109222466,0.0237432270085261,0.0188152881000718,-0.10913043270441,0.0753682350591898,0.0512045254097449,0.00754885306251055,-0.137262899982212,0.349511480964529
9.4,0.0414719448444821,0.153301834626461,1.16783662980924,0.139559594787019,0.02449501971754,0.0193262386674946,-0.110959549601019,0.07498477958626,0.0509826380989974,0.00802616226375822,-0.137137581117633,0.349686478946068
9.41,0.0428619924901591,0.153550534200036,1.16803244140135,0.138440918230446,0.0252429226002512,0.0198349408620517,-0.112762692968278,0.0745903307938117,0.050754869590499,0.00850125119982771,-0.137010457004066,0.34986615405491
9.42,0.044240763209091,0.153806693078466,1.16823332862648,0.137304340927654,0.0259868263334162,0.0203413360593045,-0.114583236616453,0.074332268726977,0.0503336427358987,0.00897406777111691,-0.136881541579742,0.350050486586424
9.43,0.0456080793087121,0.154070270726704,1.16843926812253,0.136149253498117,0.0267295679747907,0.0208416137167697,-0.116328311321575,0.0739074301498023,0.0501043810939989,0.00944456012739968,-0.136750848979169,0.350239456325069
9.44,0.0469637482790535,0.154341284437962,1.16865016090082,0.134977774701222,0.0274649749364123,0.0213434236811846,-0.11795856231249,0.0731761980318533,0.0502462195707056,0.00991267042088038,-0.136618383000094,0.350433038413605
9.45,0.0483076348027367,0.154619570225433,1.16886613659616,0.133790082251867,0.0281930919354279,0.0218465381081838,-0.119659750454147,0.0727464266247204,0.0499871589849512,0.0103783605053953,-0.136484179864042,0.350631219992382
9.46,0.0496395499240908,0.154905146276671,1.16908709166298,0.132584579692139,0.0289199034689067,0.0223431668608836,-0.121378757231288,0.0724561928328763,0.0495316107324027,0.0108415724519556,-0.136348243208641,0.350833975127383
9.47,0.0509593263965794,0.155197968294811,1.16931299993337,0.131362507107241,0.0296422157920854,0.0228371703228319,-0.123021015577823,0.0720002609726242,0.049267267190347,0.0113022553480693,-0.136210587854183,0.351041281576945
9.48,0.0522668000662356,0.155497990592512,1.16954383506944,0.130124159380583,0.0303599086883592,0.0233285122046905,-0.124634451979892,0.0715332782321612,0.048998351183107,0.0117603586614882,-0.136071228878477,0.351253116599392
9.49,0.053561809584191,0.155805166468578,1.16977957017747,0.128869818067643,0.0310728813567286,0.023817137346494,-0.126219631067469,0.0710562723808847,0.0487239637714264,0.0122158321472012,-0.135930181547699,0.35146945695561
9.5,0.0548441964275884,0.156119448219647,1.17002017781637,0.127599766759233,0.0317810341359768,0.024302991480119,-0.127776358247165,0.0705693603732269,0.0484441919018662,0.0126686258526796,-0.135787461315194,0.351690278912191
9.51,0.0561138049193756,0.156440787151298,1.17026563000707,0.1263142909027,0.0324842685641931,0.0247860211845313,-0.129304459304037,0.0700726715877701,0.0481591097832865,0.0131186901231805,-0.135643083820391,0.351915558244636
9.52,0.0573704822456423,0.156769133590931,1.17051589824006,0.125013677573153,0.0331824875677322,0.0252661736757847,-0.130803780978352,0.0695663545300361,0.0478687695347702,0.0135659756066633,-0.135497064887428,0.352145270240545
9.53,0.0586140784708389,0.157104436902652,1.17077095348059,0.123698215283133,0.0338755956547939,0.0257433965752268,-0.132274186959672,0.069050575851609,0.0475732010447584,0.0140104332584142,-0.135349420523427,0.352379389702692
9.54,0.0598444465513051,0.157446645504027,1.17103076617156,0.122368193833959,0.0345634990847645,0.02621763769668,-0.133715553960531,0.0685255167534046,0.0472724156304114,0.0144520143455068,-0.135200166916458,0.352617890951961
9.55,0.061061442347518,0.157795706884347,1.17129530623452,0.121023904203922,0.035246105989862,0.026688844887835,-0.135127768583111,0.0679913675084882,0.0469664126734346,0.0148906704512247,-0.135049320433257,0.352860747830146
9.56,0.0622649246353835,0.158151567623824,1.17156454306932,0.119665638462297,0.0359233264349342,0.0271569659501486,-0.136510725365988,0.0674483209992694,0.0466551880801156,0.0153263534795521,-0.134896897616784,0.353107933702634
9.57,0.0634547551167639,0.158514173413046,1.17183844555352,0.118293689696603,0.0365950724098473,0.0276219486494373,-0.137864325955312,0.0668965659093191,0.0463387436228111,0.0157590156598011,-0.134742915183758,0.353359421461037
9.58,0.0646307984293155,0.158883469072021,1.17211698204231,0.116908351943191,0.0372612577531206,0.0280837408226048,-0.139188478990363,0.0663362799201178,0.0460170965838077,0.0161886095514041,-0.134587390022271,0.353615183525853
9.59,0.0657929221556276,0.159259398568109,1.17240012036997,0.115509920116795,0.0379217980082497,0.0285422905811134,-0.140483100045482,0.0657676230029752,0.0456902895011721,0.0166150880488794,-0.134430339189611,0.353875191849237
9.6,0.0669409968316514,0.159641905032186,1.17268782785393,0.114098689942281,0.03857661021318,0.0289975466126283,-0.141748110935668,0.065190730889234,0.0453583998764943,0.0170384043869741,-0.134271779910389,0.354139417917973
9.61,0.0680748959544734,0.160030930772372,1.17298007130223,0.112674957898082,0.0392256126260344,0.0294494585786433,-0.14298343797161,0.0646057094918649,0.0450215487458762,0.0174585121460108,-0.134111729575102,0.354407832756758
9.62,0.0691944959896132,0.160426417284707,1.1732768170255,0.111239021182849,0.0398687244030174,0.0298979775875458,-0.144189009478419,0.0640126325974731,0.0446799049121032,0.0178753652575042,-0.133950205739214,0.354680406931885
9.63,0.0702996763781303,0.160828305260433,1.17357803085398,0.109791177708514,0.0405058652779839,0.0303430566768854,-0.145364754247687,0.0634115472240876,0.0443336785521682,0.0182889180101464,-0.133787226122806,0.354957110555408
9.64,0.0713903195437834,0.161236534590266,1.17388367815904,0.108331726097895,0.0411369553474992,0.0307846511585892,-0.146510604432978,0.062802492557179,0.0439830953535856,0.0186991250562345,-0.133622808610731,0.355237913289803
9.65,0.0724663109000882,0.161651044367382,1.17419372387715,0.106860965619854,0.0417619151291274,0.0312227185839571,-0.147626507740374,0.0621855377880314,0.0436283428167945,0.0191059414184625,-0.133456971252954,0.355522784352954
9.66,0.0735275388561804,0.162071772892849,1.17450813253072,0.105379195943088,0.0423806661032598,0.0316572180149251,-0.148712452344788,0.0615608391246774,0.0432694874152892,0.0195093224966563,-0.133289732264445,0.355811692523014
9.67,0.0745738948189499,0.162498657689448,1.17482686823745,0.103886716572958,0.0429931319116209,0.0320881083322629,-0.14976850099509,0.0609287061113967,0.0429063766725599,0.0199092240735113,-0.133121110023647,0.356104606142379
9.68,0.0756052731876396,0.162931635531081,1.17514989469737,0.102383825923186,0.0435992402254877,0.0325153455483762,-0.150794817583834,0.0602896537831806,0.0425385616674339,0.0203056023179422,-0.132951123068316,0.35640149311972
9.69,0.0766215713374137,0.163370642493957,1.17547717514842,0.100870820221281,0.0441989249872846,0.0329388795656116,-0.15179165622085,0.0596444046558309,0.0421652952971342,0.0206984137847685,-0.132779790087721,0.356702320929168
9.7,0.0776226895920653,0.163815614030827,1.17580867228868,0.0993479927987686,0.0447921283186044,0.033358651454319,-0.152759284972856,0.0589938005701634,0.0417856663588548,0.0210876154107673,-0.132607129910913,0.357007056606509
9.71,0.0786085311933891,0.16426648506033,1.1761443481775,0.0978156345218244,0.0453788009986879,0.0337745928927887,-0.153697850741083,0.0583385999317088,0.0413989009528956,0.0214731645097429,-0.132433161492261,0.357315666743745
9.72,0.0795790022825018,0.164723190050801,1.17648416414653,0.096274035783947,0.0459589003172385,0.0341866294733769,-0.15460725435433,0.0576791875902425,0.041004780170774,0.0218550187720571,-0.132257903897519,0.357628117485175
9.73,0.080534011909068,0.165185663066674,1.17682808076697,0.0947234894347378,0.0465323847504927,0.0345946884962041,-0.155487148894961,0.0570153161644936,0.0406039913547504,0.0222331362744302,-0.132081376295795,0.35794437452928
9.74,0.0814734720711965,0.165653837745811,1.17717605791646,0.0931642928060478,0.0470992066405284,0.0349987093004719,-0.156337127706011,0.0563460770108848,0.0401981329756237,0.0226074755013161,-0.13190359796315,0.358264403139622
9.75,0.0823972977651889,0.166127647199485,1.17752805495298,0.0915967468806177,0.0476593062907104,0.0353986511557166,-0.157177468430448,0.0557740781557981,0.0396446256945031,0.0229779953708365,-0.131724588299972,0.358588168164056
9.76,0.0833054070088088,0.166607023871625,1.17788403093957,0.0900207434374389,0.0482146882036443,0.0357916018143619,-0.157954706844263,0.0550553984169447,0.0392844115924625,0.0233446552524467,-0.131544366856456,0.358915634056149
9.77,0.0841977126339376,0.167091940963558,1.17824388698927,0.0884376527437325,0.0487604142590492,0.0361843393875658,-0.158667895532763,0.0541287692246017,0.0392010799564213,0.0237074117254526,-0.131362946063415,0.359246760298252
9.78,0.0850741600636836,0.167582232156806,1.17860771772732,0.0868473855267834,0.0492972635881364,0.0365756234134904,-0.159423254564253,0.0534829721347887,0.0387124529856378,0.0240662334367281,-0.13118036281838,0.359581521504731
9.79,0.0859346603444734,0.16807788623532,1.17897539945754,0.0852491876524472,0.0498300737017451,0.0369585884472786,-0.160194985875699,0.0530353194446714,0.0379325259371432,0.024421075054008,-0.130996626998077,0.359919874216149
9.8,0.0867791438167325,0.168578833630841,1.17934688949627,0.0836434858092695,0.0503579699770298,0.0373342739322332,-0.160841805680295,0.052282165556377,0.037578301630982,0.024771897909954,-0.130811758633349,0.360261781319486
9.81,0.0876075300606588,0.169085045634861,1.17972208493618,0.0820323515388414,0.0508757170128726,0.0377101544798983,-0.161404670941431,0.0513189496568361,0.0375145659276003,0.0251186585987347,-0.13062577081261,0.360607199918649
9.82,0.0884197908475093,0.169596347971098,1.18010109258587,0.080415392390441,0.0513843489701665,0.0380845652507852,-0.162058812956257,0.0506606599478425,0.0369957775886457,0.0254613328582,-0.130438701511834,0.36095610575389
9.83,0.0892158379084676,0.170112732614264,1.1804837762412,0.0787911752797163,0.0518889302118294,0.0384500700316712,-0.162756037014364,0.0501852385823724,0.0361819395611211,0.0257998732701379,-0.130250560522312,0.361308451874668
9.84,0.0899956143531036,0.170634126575335,1.1808700939865,0.0771602716501538,0.0523880537418139,0.0388082040420076,-0.163281856357141,0.0494217853791203,0.0358058643033451,0.0261342434512918,-0.13006136860717,0.361664199888349
9.85,0.0907590433414706,0.171160493689101,1.18125994032204,0.0755255381525736,0.0528773659194118,0.039166187317738,-0.163687386073524,0.0484741564988173,0.0357276203808883,0.0264643986585781,-0.129871141062191,0.362023302722797
9.86,0.0915061251161551,0.171691673893723,1.18165341773286,0.073886523928683,0.0533575368717904,0.0395227564496254,-0.164230879116591,0.0477735731348425,0.0352216509243497,0.0267903233910922,-0.129679911905246,0.362385740055596
9.87,0.0922367738200444,0.172227644426537,1.18205039545103,0.0722409205702415,0.0538328373821087,0.0398706203362251,-0.164785440531423,0.0471566182854186,0.0345667583952596,0.027111968503688,-0.12948769460678,0.362751460752006
9.88,0.0929509435275599,0.172768330641365,1.18245083013958,0.0705908151180547,0.0543006692374987,0.0402140916175306,-0.165225962297483,0.0464097113744864,0.0341212044074908,0.0274292994287641,-0.129294510386167,0.363120424971856
9.89,0.0936485901224054,0.173313657811286,1.18285467728338,0.0689364013242919,0.0547610316095984,0.0405530444243749,-0.165645766942731,0.0456624473795678,0.0336634384429116,0.0277422817361285,-0.129100380558973,0.363492592332259
9.9,0.0943296715540457,0.173863551273557,1.18326189102807,0.0672778997792001,0.05521391818509,0.0408873603863888,-0.166042483042979,0.0449127864076574,0.0331961255301008,0.02805088122662,-0.12890532650702,0.363867921903514
9.91,0.0949941481179894,0.174417936174988,1.18367242449111,0.0656155516634324,0.0556592873377516,0.0412169669349769,-0.166385003902536,0.044060050388846,0.0329626975775779,0.0283550640325378,-0.128709369726949,0.364246372217398
9.92,0.0956419825873144,0.174976737020312,1.18408623036677,0.0639501997011495,0.0560951191928669,0.0415466143379404,-0.166722156036906,0.0432937143120543,0.032549391557983,0.0286547966730663,-0.128512531913382,0.364627901303887
9.93,0.0962731521120124,0.175539838558846,1.18450335677787,0.0622811085426944,0.0565251616239926,0.0418679547661365,-0.167089809958357,0.0427259848678979,0.0316652935664962,0.0289500536580368,-0.12831483865544,0.365012486308542
9.94,0.0968876047581683,0.176107240252792,1.18492358946209,0.0606084035019821,0.056949638890225,0.0421799202092703,-0.167388492109566,0.041980570638616,0.0311417554728813,0.0292407902804272,-0.128116303231357,0.365400053690269
9.95,0.0974853201820521,0.17667883133665,1.18534695518205,0.0589333387005028,0.057364773036765,0.0424907898755942,-0.167634180037403,0.0411290241852705,0.0308485434565516,0.0295269800278695,-0.127916951587263,0.365790574316279
9.96,0.0980662715321784,0.177254535713527,1.1857734052596,0.0572557199012341,0.0577722193739304,0.0427968910784014,-0.167867128916088,0.0402385666987295,0.0306030503066667,0.0298085914290997,-0.127716805642343,0.366184005094986
9.97,0.0986304345800767,0.177834275724129,1.18620289300362,0.0555759961221811,0.0581695443707396,0.0431028508817275,-0.168080120647944,0.0394466370832338,0.0301815917647121,0.030085593592524,-0.127515887601356,0.366580302934234
9.98,0.099177791454622,0.178417926600942,1.18663546227724,0.0538941174882753,0.058561152115595,0.0434005229136956,-0.168286536371451,0.0388918391239933,0.0293035989124015,0.0303579599166763,-0.127314226199023,0.366979439017259
9.99,0.0997083169298422,0.179005498766441,1.18707090346189,0.0522102653947522,0.0589473811532194,0.0436889228599755,-0.168456516919908,0.038133981191195,0.0287784060337706,0.0306256545098655,-0.127111830942576,0.367381345525159
10,0.100221996762517,0.179596874224006,1.18750924073444,0.0505249871498772,0.0593238317394189,0.043976091034371,-0.168593245731895,0.0372580357693734,0.0284697454006068,0.0308886505659195,-0.126908730128021,0.367785988883877
10.01,0.10071881667284,0.180191975401229,1.18795042528258,0.0488384004801144,0.0596925418686069,0.0442583177679877,-0.168716142623379,0.0365868846627496,0.0277855408745953,0.0311469192632443,-0.126704946092681,0.368193324816534
10.02,0.101198764772119,0.180790725061379,1.1883944070898,0.0471506642974097,0.0600555694326739,0.0445318018518629,-0.168808464998345,0.035794456591181,0.0273288690298075,0.0314004322689756,-0.12650050117245,0.368603308620795
10.03,0.101661829958788,0.181393086789883,1.18884106131962,0.0454622311801472,0.0604084310004306,0.0448048951485839,-0.168870312155884,0.0348010319218981,0.0272270485792445,0.0316491594390128,-0.126295411693443,0.369015884384693
10.04,0.102108009395722,0.181998893681387,1.18929050499277,0.0437732580542918,0.0607515900711119,0.0450763428234478,-0.169067677035277,0.0269261458311134,0.036405432975651,0.0318930792415887,-0.126089713004618,0.369431032533057
10.05,0.102537295119874,0.182608118591305,1.18974258817609,0.0420808776394418,0.0609469539170528,0.0455330038080969,-0.168954360970995,0.033431961457138,0.0258467683850196,0.0321321610813104,-0.125883420703176,0.369848691375571
10.06,0.102949626948511,0.183217832759728,1.19020116506893,0.040394170834872,0.0614202293002546,0.0455932781911482,-0.168806298174944,0.0404547638270544,0.0145874955548304,0.0323663836188154,-0.125677077343583,0.370269098305782
10.07,0.103345178536571,0.18383652317731,1.19065445373991,0.038704751675943,0.0617560491935939,0.0458247537191935,-0.168932542237613,0.0318626029549587,0.0248487568343959,0.0325957067990625,-0.125469143408624,0.37069135705273
10.08,0.10372372198203,0.1844529537436,1.19111766014331,0.0370155199901198,0.0620574813593538,0.0460902533278361,-0.168882368212123,0.0311139374437066,0.0243318602372042,0.0328201206060962,-0.125261679215905,0.371116519169504
10.09,0.104085488936374,0.185077672804497,1.19157625880647,0.0353271043117006,0.062378327942468,0.0463113909239375,-0.168824463043418,0.030274255587229,0.0238539417877376,0.0330395942666485,-0.125052761596291,0.37154351466052
10.1,0.104430264068264,0.185700520302449,1.19204388796179,0.0336390307292515,0.0626629664710984,0.0465673321635908,-0.16873398773105,0.0295180707279818,0.02331846876237,0.0332541033292354,-0.124844263853866,0.371973251139501
10.11,0.104758269550959,0.186330932133919,1.19250760544974,0.0319524245570794,0.0629686893570277,0.046777760299185,-0.168630672238867,0.0286825659249335,0.022845356399054,0.0334636291940766,-0.124634459374486,0.372404792677759
10.12,0.105069312559406,0.18695989408959,1.19297944316778,0.0302664172844739,0.0632366177895971,0.047024239291572,-0.168498977003825,0.0279232921474754,0.0222953642372436,0.0336681407097392,-0.124425016919038,0.372838917622546
10.13,0.105363597896648,0.187595664489711,1.19344809023557,0.0285824450170029,0.0635271551999772,0.0472236675839298,-0.168349387164944,0.0271725134108626,0.0216951501857976,0.0338676256638933,-0.12421442193428,0.373274814789509
10.14,0.105640961459746,0.18823043719359,1.19392391651945,0.0268994295411751,0.0637800680578143,0.0474581422952879,-0.168183860695816,0.0264398168354363,0.0213026179113348,0.0340620506257781,-0.124004124535948,0.373713138526982
10.15,0.105901586487472,0.188871265850867,1.19439725308148,0.0252187678030867,0.0640559515366859,0.0476497199421565,-0.16812733500346,0.0196102125572123,0.028851237311446,0.0342514060745251,-0.123792829659963,0.374153194770999
10.16,0.106145336815807,0.189511556224323,1.1948769109183,0.023536882841106,0.0641722723089585,0.0480351670415168,-0.167866374907115,0.019870760373451,0.0264663399901512,0.0344356650405037,-0.123581759940708,0.374595554349403
10.17,0.106372324144294,0.190154711297046,1.19535795642231,0.0218614403049445,0.0644533667441549,0.0481790467419595,-0.167443768466599,0.0274715014767549,0.0147370664741544,0.0346148018657478,-0.123370307688618,0.375039784320855
10.18,0.106582565621906,0.190800623559206,1.19584049185314,0.0201880074717741,0.0647217023384936,0.0483299083709999,-0.167221119816678,0.0261291727972224,0.0152277197754739,0.0347888043507947,-0.123158493232164,0.37548588220912
10.19,0.106776084293729,0.191449145343816,1.19632455458973,0.0185170179086107,0.0649759502000994,0.048483601137469,-0.166961897033336,0.0247820555015436,0.0154290914857663,0.0349576530539366,-0.122946352686981,0.375933804643468
10.2,0.106952905980078,0.192100142563208,1.19681016387589,0.0168487695311071,0.0652173434485245,0.0486384902007152,-0.166664078790653,0.0235490607571871,0.0154832839840354,0.0351213293104363,-0.122733919694767,0.376383506917183
10.21,0.107113059684351,0.192753492212787,1.19729732439374,0.0151837363327977,0.0654469314152431,0.0487932668171497,-0.166323036689301,0.0294268771260805,0.00596093300608883,0.0352798154185762,-0.122521225868721,0.37683494329442
10.22,0.107256580706734,0.193409081191513,1.19778602921223,0.0135223087973212,0.0658058809910461,0.048757708860837,-0.166082343685786,0.0270069270220946,0.00768190604127933,0.035433095828666,-0.122308300930844,0.377288067624143
10.23,0.107383505860298,0.194069609832608,1.19827247857096,0.011862089459082,0.065987069955685,0.0489469049379753,-0.165902641294416,0.0108131732928787,0.0278397320441224,0.0355811396457096,-0.122094651175874,0.377742581777339
10.24,0.107493822495916,0.194728822590627,1.19876496731099,0.0102042559714329,0.0660221444569037,0.0493145035017194,-0.165495956332078,0.0116310020145681,0.0249841077570879,0.0357239511692065,-0.121881447422899,0.378198997192938
10.25,0.107587590979726,0.195390052721746,1.19925876864099,0.00855217033244056,0.0662196899959764,0.0494465870931171,-0.16498720776266,0.0192629793825683,0.0131984964635296,0.0358614978858578,-0.121668083592535,0.378656930863019
10.26,0.107664865902565,0.196053216390546,1.19975389905285,0.0069045118161798,0.0664074040445551,0.04957847343099,-0.164579432117349,0.0182364555231619,0.0130782339145002,0.0359937754645538,-0.121454580011079,0.379116356840414
10.27,0.10772568121605,0.196718200802637,1.20025033810961,0.00526058169009364,0.0665844191064396,0.0497081517714071,-0.164184524098889,0.01720863633923,0.0128347365261352,0.0361207666940966,-0.121240967345236,0.379577223267786
10.28,0.107770077536367,0.197384904772675,1.20074806208828,0.00362082133420181,0.0667515767713397,0.0498351681615128,-0.163757391475516,0.0162458866597058,0.0125419032123134,0.0362424575369021,-0.121027273352096,0.380039481693079
10.29,0.107798097642734,0.198053232338064,1.20124704147284,0.0019854338605831,0.0669093368396337,0.0499589898356533,-0.163310808729963,0.0153240435838062,0.0122004074539771,0.0363588347657261,-0.120813524779096,0.38050308349849
10.3,0.107809786213578,0.198723091509468,1.20174724188499,0.000354605159602624,0.0670580576430158,0.0500791763105923,-0.163100172442678,0.00521888865068221,0.0238765157006838,0.0364698858319016,-0.12059974764383,0.38096797973278
10.31,0.107805189745926,0.199394393490924,1.20224862499905,-0.00127656958827038,0.0670137146126474,0.050436520149667,-0.162597847846904,0.0060040938733298,0.0211337309741219,0.0365755988416213,-0.120385967386994,0.381434121131442
10.32,0.107784254821813,0.200063365801721,1.20275597228798,-0.00289735179733539,0.0671781395204824,0.0505018509300747,-0.161767623724746,0.0178834209352278,0.00398541124491123,0.0366759355704912,-0.120172907585157,0.381901729786143
10.33,0.107747242709979,0.200737956281333,1.20325866201765,-0.00451192206276522,0.0673713830313519,0.0505162283745652,-0.161259705429129,0.016149844823261,0.00486608829897161,0.0367709351293061,-0.119959075202288,0.382370137928958
10.34,0.107694016380558,0.201410793462348,1.20376629685548,-0.00612254590591789,0.0675011364169476,0.0505991726960541,-0.160830343680647,0.0111008825645411,0.00999749854934972,0.0368605472401394,-0.119745869209027,0.382839874371653
10.35,0.107624791791861,0.202087979009672,1.20427064547158,-0.0077285289363781,0.0675934006826427,0.0507161783455522,-0.160321398706441,0.0102132128645724,0.00945668821561065,0.0369447979719235,-0.119532146706177,0.383310399140816
10.36,0.10753944580183,0.202762661476001,1.20478062042239,-0.00932897388004692,0.0677054006742391,0.0507883064603664,-0.159806065804887,0.0088966106804673,0.00947659310935016,0.0370236395701183,-0.119319210556596,0.383782196984966
10.37,0.10743821231426,0.203442087023157,1.20528641160078,-0.0109246502524761,0.0677713328962521,0.0509057102077392,-0.159207502415707,0.0082690065629729,0.00890243935592184,0.0370970959700678,-0.119105704010765,0.384254614708499
10.38,0.107320952796781,0.204118088133926,1.20579873462654,-0.012513123928361,0.0678707808054985,0.0509663552474848,-0.158586785363499,0.00808110162384152,0.00769123512600662,0.0371651230256269,-0.118893176787799,0.384728261807747
10.39,0.107187949835693,0.204799502639267,1.20630573870573,-0.014096385959746,0.0679329549287289,0.0510595349102594,-0.158017451758065,0.00720697878771341,0.00717551515760932,0.037227761985028,-0.11867996546755,0.3852023858136
10.4,0.107039025077586,0.2054767472325,1.20681992532475,-0.0156734729635222,0.0680149203812528,0.051109865550637,-0.157428297958083,0.0060215210274253,0.00709116289743254,0.0372849524963623,-0.118467894916264,0.385677672485402
10.41,0.106874480376422,0.206159801046892,1.20732793601675,-0.0172449519189075,0.0680533853492774,0.051201358168208,-0.156974297577946,-0.00254790744384786,0.0168484235030249,0.0373367395041702,-0.118255083288019,0.386153282579199
10.42,0.106694126039208,0.206837814939486,1.20784395248811,-0.0188129589150811,0.0679639622323758,0.0514468340206975,-0.156152101100703,0.0046442899957506,0.00583795751828998,0.0373830631396011,-0.118043597410491,0.386630000329057
10.43,0.106498221198121,0.20751908029154,1.20835687269716,-0.0203679939409215,0.0681462711491924,0.0513181173185738,-0.15533718869292,0.0108980455429834,-0.00396576424833193,0.0374239611889039,-0.117831872510905,0.387107128544356
10.44,0.106286766160389,0.20820074036247,1.20887031483448,-0.0219197026889397,0.0681819231432355,0.0513675187357308,-0.154836122308197,0.00319555302326058,0.0046522513776959,0.0374594151524745,-0.117620459704116,0.387584830086852
10.45,0.106059827144342,0.208882718754404,1.20938422307187,-0.0234647163870857,0.0682101822096576,0.0514111623461277,-0.154155305859167,0.00268114168154385,0.00387394383539263,0.0374894209863387,-0.117409382595121,0.388063052084591
10.46,0.105817471832647,0.209564944006663,1.20989853808141,-0.025002808806123,0.0682355459768664,0.0514449976124387,-0.15346706623881,0.00198803548089048,0.00327559763479986,0.0375139755174684,-0.117198663704906,0.388541742266557
10.47,0.10555977096822,0.210247429673942,1.21041312302412,-0.0265340577118618,0.0682499429192755,0.0514766742988237,-0.152777076019648,0.00085434080351889,0.0030856978239236,0.037533079247499,-0.116988307460585,0.389020854743629
10.48,0.10528679067841,0.210929942865048,1.21092807156738,-0.0280583503265159,0.0682526327929368,0.0515067115689172,-0.152065925982873,8.23454829324017e-05,0.00254647175845785,0.037546724536726,-0.116778370523145,0.389500326742129
10.49,0.104998603961689,0.2116124823298,1.2114432572555,-0.0295753762315192,0.0682515898289341,0.0515276037339929,-0.151338079275836,-0.000471582394037672,0.00180798103210926,0.0375549123144712,-0.116568860695578,0.389980109759332
10.5,0.10469528315378,0.212294974661627,1.21195862364206,-0.0310851119120325,0.068243201145056,0.0515428711895593,-0.150603429681345,-0.00120608502580946,0.00124698331382958,0.0375576416848563,-0.116359800950371,0.390460151196529
10.51,0.104376901723449,0.212977346352702,1.21247411467929,-0.0325874448251461,0.0682274681284179,0.0515525434002695,-0.149858721156312,-0.00209976815520948,0.000850035046566518,0.0375549123412845,-0.116151214286868,0.390940398415975
10.52,0.104043534257277,0.213659524024195,1.21298967451007,-0.0340822863351587,0.0682012057819518,0.0515598718904907,-0.149101495238281,-0.00279441785907881,0.000260694091640239,0.037546724574429,-0.115943123681311,0.39142079876056
10.53,0.103695255996745,0.214341370468341,1.2135053121171,-0.0355694747299119,0.0681715797712363,0.0515577572821023,-0.148331412879877,-0.00317183539909525,-0.000648829240661131,0.0375330777747568,-0.1157355653639,0.391901296962984
10.54,0.103332144762679,0.21502295561962,1.21402082965571,-0.0370489145927564,0.0681377690739699,0.0515468953056775,-0.147553879510332,-0.00394022413874534,-0.00117319008596103,0.0375139769733757,-0.115528532445746,0.392381846960755
10.55,0.10295427770489,0.21570412584982,1.21453625002322,-0.0385205523201185,0.0680927752884614,0.0515342934803831,-0.146766809179701,-0.00485366952761312,-0.00154380213501785,0.0374894220594724,-0.115322064745438,0.392862391540833
10.56,0.102561733716276,0.216384811125389,1.21505151552532,-0.0399842507763504,0.0680406956834177,0.0515160192629771,-0.145967890914651,-0.00556465705202428,-0.00210707615022625,0.0374594157967523,-0.115116184535821,0.393342878194895
10.57,0.102154592689363,0.217064939763488,1.21556657040848,-0.0414399101384114,0.0679814821474209,0.0514921519573785,-0.145159050210965,-0.00627512570509997,-0.00266772109291941,0.0374239614939599,-0.114910914433985,0.393823254313079
10.58,0.101732935513508,0.217744440768338,1.21608135856446,-0.0428874317805696,0.0679151931693157,0.0514626648411187,-0.144340448538823,-0.00698054314539357,-0.00323029580528995,0.0373830630635168,-0.114706276911727,0.394303467305451
10.59,0.101296844053752,0.218423243626875,1.2165958237053,-0.0443267191091878,0.0678418712845131,0.0514275460412727,-0.143495510686539,-0.00786440268326794,-0.00363891097610669,0.0373367250127378,-0.114502294338472,0.394783464583649
10.6,0.100846401131324,0.219101278194028,1.21710990948529,-0.0457573419943004,0.0677579051156503,0.0513898866215966,-0.142658201129345,-0.00853565835722837,-0.0042198850954745,0.0372849524403143,-0.114298989003576,0.395263193560281
10.61,0.100381697213866,0.219778401729188,1.21762362143773,-0.0471798831317749,0.0676711581173685,0.0513431483393632,-0.14184434975992,-0.00885214219895426,-0.00510097483174439,0.0372277509921223,-0.114096398875859,0.395742594157455
10.62,0.0999028034686887,0.220454701356376,1.21813677245208,-0.048594228989499,0.0675808622716712,0.0512878671249617,-0.140986782277843,-0.00959112531074231,-0.00563140414055486,0.0371651275275846,-0.11389451215834,0.396221630698162
10.63,0.0994098126340759,0.221130018974621,1.21864937878023,-0.0499996187773317,0.0674793356111537,0.0512305202565521,-0.140104364572582,-0.0104909794270562,-0.00601744829076315,0.0370970882684198,-0.113693370271319,0.396700240410958
10.64,0.0989028110931421,0.221804288068599,1.21916138285721,-0.0513963162809505,0.0673710426831301,0.0511675181591464,-0.13923018941643,-0.01117267612795,-0.00657771269618759,0.0370236407733629,-0.113492994663355,0.397178371268092
10.65,0.098381886308457,0.222477439828284,1.21967272914341,-0.0527842225656602,0.0672558820885947,0.0510989660026284,-0.138346531120172,-0.0118583147983023,-0.0071321017497407,0.0369447931587295,-0.113293407280977,0.397655970912146
10.66,0.0978471266418289,0.22314940571037,1.22018336217726,-0.0541632469033539,0.067133876387164,0.0510248761241516,-0.137453714880379,-0.0125418870544627,-0.00768502713022217,0.0368605541414463,-0.113094630003185,0.398132987006299
10.67,0.0972986213703899,0.223820117356027,1.22069322666589,-0.0555332968632678,0.0670050443475054,0.050945265460024,-0.136551557815553,-0.0132234685979785,-0.00823636468494805,0.0367709330480622,-0.11289668465688,0.398609367235622
10.68,0.0967364607045636,0.224489506597321,1.22120226748646,-0.0568942780596649,0.0668694070152045,0.0508601488304527,-0.135710586774118,-0.0136925187938832,-0.00897286942547525,0.0366759398261681,-0.112699593013855,0.399085059312208
10.69,0.0961607358091965,0.225157505496331,1.2217104296425,-0.0582475085987503,0.0667311939716277,0.0507658080715144,-0.134816039799316,-0.0143286291138187,-0.00955121501200027,0.0365755850565925,-0.112503376781535,0.399560010977273
10.7,0.0955715105325885,0.225824130476753,1.22221758364789,-0.0595905988556514,0.0665828344329281,0.0506691245302126,-0.133780872631204,-0.0153728746441439,-0.00975993062845834,0.0364698723660818,-0.112308039543034,0.400034177576794
10.71,0.0949689238320835,0.22648916218499,1.22272381213311,-0.0609231260513743,0.0664237364787449,0.0505706094589453,-0.132837318425622,-0.0160646825491526,-0.0102852828237637,0.0363588256689833,-0.112113635336175,0.400507494272914
10.72,0.094353048011561,0.227152605206328,1.22322899583707,-0.0622473452241638,0.066261540781945,0.0504634188737374,-0.131950624992951,-0.0165515249975216,-0.0109898672923106,0.0362424517835141,-0.111920170299686,0.400979915009642
10.73,0.0937239769276003,0.227814393000629,1.22373308051058,-0.0635621385512333,0.0660927059787944,0.0503508121130991,-0.131004048978539,-0.0172137813340977,-0.0115307911380264,0.0361207635211837,-0.111727665735941,0.401451387962388
10.74,0.0930818052405364,0.228474459325904,1.22423601207933,-0.0648674262037345,0.0659172651552631,0.0502328030509768,-0.130049563512458,-0.0178723987157719,-0.0120706862011272,0.0359937743008944,-0.111536142856728,0.401921861393928
10.75,0.0924266284035256,0.229132738303734,1.2247377365716,-0.0661631298214824,0.065735258004479,0.0501093983890765,-0.129124946517961,-0.0183615878118774,-0.0127959378565248,0.0358614981490611,-0.111345622768523,0.402391283657198
10.76,0.0917585426441068,0.229789164485993,1.22523820004711,-0.0674499251340937,0.0655500333990256,0.0499768842938463,-0.128175141756009,-0.0189646229632881,-0.0133815519550717,0.0357239496970856,-0.111156126457301,0.402859603199148
10.77,0.0910776299008438,0.230443738971714,1.22573727425748,-0.0687266326566025,0.0653559655452133,0.0498417673499751,-0.12714995593507,-0.0198862453328869,-0.013599958496256,0.035581139481356,-0.110967661347485,0.403326768648189
10.78,0.0903840099909746,0.231096283796898,1.22623503539411,-0.0699929242527952,0.0651523084923678,0.0497048851239212,-0.126161559327654,-0.0205592641445151,-0.0141006719365234,0.0354330902416795,-0.110780271100956,0.403792729492541
10.79,0.0896777714157878,0.231746785141562,1.22673137195996,-0.0712498638431558,0.0649447802623229,0.0495597539112446,-0.125199675755468,-0.0210700084977871,-0.014779925764154,0.0352798152920612,-0.110593966155551,0.404257434136522
10.8,0.0889590127141115,0.232395179402144,1.22722623047234,-0.0724969177679046,0.0647309083224121,0.0494092866086381,-0.124207972368109,-0.0217024801779664,-0.0153125942325978,0.035121331462184,-0.110408766955723,0.404720831606772
10.81,0.0882278330604297,0.23304140330801,1.22771955769213,-0.0737340232905179,0.0645107306587636,0.0492535020265927,-0.123210088070624,-0.0223308860709819,-0.0158436664438051,0.0349576561557939,-0.11022469383394,0.405182871074812
10.82,0.0874843322483012,0.23368539401532,1.22821130051287,-0.074961119529317,0.0642842906009924,0.049092413279762,-0.122206218548081,-0.0229549093670745,-0.0163734223662677,0.0347888073473632,-0.110041766990514,0.405643501857617
10.83,0.0867286106698434,0.23432708912003,1.22870140595773,-0.0761781476614795,0.0640516324714221,0.0489260335792673,-0.121196567096469,-0.0235744825953522,-0.0169018132772932,0.0346148035776317,-0.109860006489072,0.406102673424518
10.84,0.0859607692950717,0.234966426664748,1.22918982118446,-0.0773850508712463,0.0638128009490854,0.0487543770142162,-0.120181325706726,-0.0241896015313518,-0.0174287166484433,0.0344356639489501,-0.109679432253242,0.406560335404513
10.85,0.0851809096524185,0.235603345139011,1.22967649349801,-0.0785817741756139,0.0635678404407951,0.0485774592462985,-0.119190030204775,-0.024625645583187,-0.0181640637277802,0.0342514081208449,-0.109500064064676,0.40701643759369
10.86,0.0843891338115593,0.236237783473564,1.23016137036938,-0.079768851475342,0.0633202880374216,0.0483910957396606,-0.118173243226074,-0.0252057664339802,-0.0187160486095959,0.0340620563061642,-0.109321921562347,0.407470929962438
10.87,0.0835855326229116,0.23686975089976,1.2306443154128,-0.0809452390401356,0.0630637251121155,0.0482031382741065,-0.117093582547035,-0.026131055409146,-0.0188451224384459,0.0338676252603021,-0.10914501027154,0.407923760758702
10.88,0.0827702290307566,0.237499057975806,1.23112543313486,-0.0821107231262826,0.0627976669292387,0.0480141932908916,-0.116050069873778,-0.0267558229764138,-0.0193340114768022,0.0336681430990861,-0.108969375334403,0.408374884303063
10.89,0.0819433181603859,0.238125704238345,1.23160459927862,-0.0832662404376111,0.0625286086525872,0.0478164580445705,-0.115029429958486,-0.0272026936784529,-0.0200304155090211,0.0334636287469085,-0.10879502414162,0.408824249135321
10.9,0.0811049042220044,0.238749630148858,1.23208176229575,-0.0844113117254523,0.0622536130556697,0.0476135849807112,-0.113982334214694,-0.0277945799782172,-0.0205427410082678,0.0332541046345044,-0.108621975794109,0.409271805967975
10.91,0.0802550919258769,0.239370776499458,1.23255687097824,-0.0855458871219049,0.0619727170530229,0.0474056032244051,-0.11293028432714,-0.0283825808390661,-0.0210523818511285,0.0330395937393851,-0.108450249263852,0.40971750571905
10.92,0.0793939864795663,0.239989084489918,1.23302987436024,-0.0866699174119951,0.0616859614388884,0.0471925373436887,-0.111873363646851,-0.0289664993764721,-0.0215595316268456,0.0328201195854099,-0.108279863377406,0.410161299510496
10.93,0.0785216935776371,0.240604495728236,1.23350072172511,-0.0877833543948419,0.0613933870654934,0.0469744125918682,-0.110811672154962,-0.0295463289998109,-0.0220641234757026,0.0325957062402438,-0.108110836814138,0.410603138673612
10.94,0.0776383193916694,0.241216952231228,1.23396936261208,-0.0888861508550945,0.0610950348588921,0.0467512548741746,-0.109745307213009,-0.0301220608571497,-0.0225660946127206,0.0323663783127923,-0.107943188104481,0.411042974754415
10.95,0.0767439705605351,0.241826396425414,1.23443574682259,-0.0899782605391022,0.0607909458483504,0.0465230906996138,-0.108674364031041,-0.0306936830417402,-0.0230653870639962,0.0321321609505973,-0.107776935628135,0.41148075951895
10.96,0.0758387541808874,0.242432771148195,1.23489982442607,-0.0910596381357152,0.0604811611980573,0.0462899471328947,-0.107598936079789,-0.0312611805584214,-0.0235619474553429,0.0318930798371805,-0.107612097612224,0.41191644495855
10.97,0.0749227777978208,0.243036019649375,1.23536154576525,-0.0921302392606979,0.060165722237182,0.0460518517505069,-0.106519115379189,-0.0318245356455152,-0.0240557264163952,0.0316491611893224,-0.1074486921294,0.412349983295057
10.98,0.0739961493956735,0.243636085592939,1.23582086146108,-0.093190020443299,0.059844670485147,0.0458088326045668,-0.1054349926705,-0.0323837282911757,-0.0245466777998313,0.0314004317542687,-0.107286737095898,0.412781326986002
10.99,0.0730589773889549,0.244232913059078,1.23627772241734,-0.0942389391141079,0.0595180476713585,0.0455609181945103,-0.104346657491543,-0.0329387368433479,-0.0250347578828482,0.031146918806861,-0.107126250269561,0.413210428729767
11,0.0721113706133913,0.244826446546366,1.23673207982497,-0.0952769535931298,0.0591858957482801,0.0453081374469098,-0.103254198171904,-0.0334895386477227,-0.0255199245652328,0.0308886501465903,-0.106967249247838,0.413637241470715
11.01,0.0711534383170923,0.245416630974043,1.23718388516628,-0.0963040230775459,0.058848256898404,0.0450505197032057,-0.10215770179597,-0.0340361105840962,-0.0260021366901066,0.0306256540945758,-0.106809751465783,0.414061718404307
11.02,0.0701852901518405,0.246003411684334,1.23763309021904,-0.0973201076290491,0.0585051735365982,0.0447880947131077,-0.101057254148679,-0.0345784294894306,-0.0264813535629536,0.0303579594904716,-0.106653774194045,0.414483812982194
11.03,0.0692070361645112,0.246586734444775,1.23807964706054,-0.0983251681605196,0.0581566883086154,0.0445208926319466,-0.0999529396382192,-0.035116472524454,-0.0269575345483104,0.0300855956893054,-0.106499334536878,0.414903478917286
11.04,0.0682187867886299,0.247166545450506,1.23852350807168,-0.0993191664218137,0.057802844086109,0.0442489440221415,-0.0988448412402275,-0.0356502173954679,-0.0274306388190737,0.0298085925582519,-0.106346449430175,0.415320670188804
11.05,0.067220652836075,0.247742791326498,1.23896462594099,-0.100302064985324,0.057443683960706,0.0439722798555651,-0.0977330404681356,-0.0361796424885198,-0.0279006252174043,0.0295269804733472,-0.106195135639515,0.415735341047309
11.06,0.0662127454889235,0.248315419129721,1.23940295366879,-0.101273827231176,0.0570792512363387,0.0436909315177934,-0.0966176173336538,-0.036704726997032,-0.028367452130086,0.0292407903161428,-0.106045409758251,0.416147446019698
11.07,0.0651951762914515,0.248884376351224,1.23983844457134,-0.102234417331997,0.0567095894207654,0.0434049308129634,-0.0954986503339007,-0.0372254509337104,-0.0288310774904112,0.0289500534703065,-0.105897288205623,0.416556939914185
11.08,0.0641680571422836,0.249449610918136,1.24027105228505,-0.103183800237854,0.0563347422176645,0.0431143099679852,-0.0943762164551081,-0.0377417951574076,-0.0292914587451963,0.0286548018181689,-0.105750787224905,0.416963777825246
11.09,0.0631315002866944,0.250011071195578,1.2407007307707,-0.104121941661099,0.0559547535176173,0.0428191016380595,-0.0932503911759793,-0.038253741412904,-0.0297485528207533,0.0283550677372185,-0.105605922881581,0.417367915138537
11.1,0.0620856183090617,0.250568705988488,1.24112743431781,-0.105048808061374,0.0555696673894064,0.0425193389115701,-0.0921212484914752,-0.0387612723189509,-0.0302023161160213,0.0280508840965475,-0.105462711061563,0.417769307535788
11.11,0.0610305241254668,0.251122464543366,1.24155111754893,-0.105964366630929,0.0551795280712382,0.042215055315739,-0.0909888609289541,-0.0392643714156327,-0.0306527044378374,0.0277422842532481,-0.105321167469434,0.418167910999654
11.12,0.0599663309764429,0.251672296549913,1.24197173542412,-0.106868585279953,0.0547843799610937,0.0419062848228133,-0.0898532995765857,-0.0397630232252042,-0.0310996729261738,0.0274293020487611,-0.105181307626734,0.418563681818553
11.13,0.0588931524198678,0.252218152142588,1.24238924324539,-0.107761432622461,0.0543842676067341,0.0415930618572156,-0.0887146341331737,-0.0402572133133288,-0.0315431759273524,0.0271119718051782,-0.105043146870278,0.41895657659146
11.14,0.0578111023239938,0.252759981902048,1.24280359666127,-0.108642877962616,0.0539792356948271,0.0412754213042663,-0.0875729329573684,-0.0407469283514332,-0.0319831668921258,0.0267903283214973,-0.104906700350513,0.419346552232674
11.15,0.0567202948606155,0.253297736856484,1.24321475167147,-0.109512891281608,0.0535693290397055,0.0409533985193731,-0.0864282631406759,-0.0412321561794901,-0.0324195982720502,0.0264644068698318,-0.104771983029919,0.419733565976561
11.16,0.0556208444983617,0.253831368482842,1.24362266463165,-0.11037144322543,0.0531545925712374,0.0406270293388253,-0.0852806906120403,-0.0417128858500057,-0.0328524214066053,0.0261342431915736,-0.104639009681444,0.420117575382266
11.17,0.054512865996107,0.254360828707909,1.24402729225825,-0.111218505093849,0.0527350713227054,0.040296350091241,-0.0841302802833452,-0.0421891075706291,-0.0332815865374384,0.025799873493507,-0.104507794886989,0.420498538338394
11.18,0.0533964743964847,0.254886069909296,1.24442859163348,-0.112054048831097,0.0523108104198248,0.0399613976080766,-0.082977096239644,-0.0426608125332138,-0.0337070429780673,0.0254613344438721,-0.104378353035932,0.420876413067673
11.19,0.0522717850194849,0.255407044916305,1.24482652021041,-0.112878047018642,0.0518818550720411,0.0396222092316796,-0.0818212019713327,-0.0431279925521432,-0.0341287395092966,0.0251186631683714,-0.104250698323688,0.421251158131585
11.2,0.0511389134561117,0.255923707010737,1.24522103581811,-0.113690472870524,0.0514482505687819,0.0392788228178906,-0.0806626606481373,-0.0435906394894369,-0.0345466250637947,0.0247718972461138,-0.104124844750311,0.42162273243498
11.21,0.0499979755620744,0.256436009927681,1.24561209666677,-0.114491300231604,0.0510100422822523,0.0389312767304037,-0.0795015354161512,-0.0440487444004787,-0.0349606498140101,0.0244210747054866,-0.104000806119107,0.421991095230655
11.22,0.0488490874514797,0.256943907856382,1.24599966135272,-0.115280503578847,0.0505672756807723,0.0385796098216104,-0.0783378896535392,-0.0445022963485606,-0.0353707667177812,0.0240662340199459,-0.103878596035259,0.42235620612391
11.23,0.0476923654904976,0.257447355441296,1.2463836888632,-0.116058058024675,0.0501199963552812,0.0382238613960481,-0.077171787111321,-0.0449512810006564,-0.0357769334147236,0.0237074141037143,-0.103758227904436,0.422718025077057
11.24,0.0465279262909863,0.257946307783487,1.24676413858064,-0.116823939321073,0.0496682500607592,0.0378640711533159,-0.076003291851066,-0.0453956791444963,-0.0361791143416183,0.0233446543073804,-0.103639714931347,0.423076512413888
11.25,0.0453558867040761,0.258440720442512,1.24714097028627,-0.117578123861696,0.0492120827723912,0.0375002791092157,-0.0748324678658196,-0.0458354653883073,-0.0365772827060088,0.0229779944133983,-0.103523070118235,0.423431628824068
11.26,0.0441763638137524,0.258930549438935,1.24751414416283,-0.118320588678389,0.0487515407529931,0.0371325254991958,-0.0736593783242626,-0.0462706074009444,-0.0369714218158551,0.0226074746314983,-0.103408306263251,0.423783335367447
11.27,0.0429894749305084,0.259415751257571,1.24788362079625,-0.119051311428182,0.0482866706243724,0.0367608506728987,-0.0724840844405272,-0.0467010662034299,-0.0373615250949743,0.0222331355940344,-0.103295435958726,0.424131593478264
11.28,0.0417953375851886,0.259896282851423,1.24824936117628,-0.1197702703672,0.0478175194289244,0.0363852949972962,-0.0712832156942296,-0.0472754661016205,-0.0375588514804361,0.0218550183513081,-0.103184471589313,0.42447636496923
11.29,0.0405940695231643,0.26037210164615,1.2486113266962,-0.120476975742066,0.0473411613023399,0.0360096736432899,-0.0701114893381067,-0.0476714631584392,-0.0379711521257331,0.0214731643669237,-0.10307542533005,0.424817612035495
11.3,0.0393857980703473,0.260843106077469,1.24896955464915,-0.121172500153962,0.0468640901657557,0.0356258719547816,-0.0689834661076812,-0.0477655967301448,-0.0387570358834096,0.0210876195096097,-0.102968320934826,0.425155300141541
11.31,0.0381706195200851,0.261309383449465,1.24932384413529,-0.12185664506422,0.046385849367737,0.0352345329256217,-0.0677892228279971,-0.0482046878297358,-0.0390981556946961,0.0206984168688991,-0.102863144594058,0.425489386218585
11.32,0.036948665169063,0.261770823064824,1.24967424530766,-0.122528284610522,0.045899996409161,0.0348439088408877,-0.0665701969195513,-0.0487900300263931,-0.0392427772893959,0.0203056044589433,-0.102759921636637,0.425819836722871
11.33,0.0357200538278747,0.262227383377648,1.25002072231211,-0.123188049002611,0.0454100487672092,0.0344496773798338,-0.0653826156971099,-0.0491950544155594,-0.0396038573907702,0.0199092254553626,-0.1026586635583,0.426146615458713
11.34,0.0344849041890108,0.262679024040168,1.25036323885526,-0.123835936924464,0.0449160953208498,0.0340518316930723,-0.0641942120850496,-0.049592731354358,-0.0399637798449827,0.019509323307785,-0.102559381497123,0.42646968661714
11.35,0.0332433350893854,0.263125705284065,1.25070175894597,-0.124471933244312,0.044418194140122,0.0336504017829342,-0.0630042241654401,-0.0499846163839174,-0.0403206851347441,0.0191059418361866,-0.102462086354885,0.426789014791622
11.36,0.0319954655241244,0.263567387922971,1.25103624689092,-0.125096021407773,0.0439164029931714,0.0332454179903774,-0.0618125124347869,-0.0503708033946453,-0.0406744485191443,0.0186991252325025,-0.102366788795659,0.427104564979497
11.37,0.0307414146612298,0.264004033343929,1.25136666730578,-0.125708183493008,0.0434107780722291,0.0328369128125512,-0.060592916993396,-0.0508711420769429,-0.0408754004375884,0.0182889180627547,-0.102273499246526,0.427416302584537
11.38,0.0294813018542643,0.264435603484415,1.25169298514717,-0.126307879747641,0.0428989801516325,0.0324279099816256,-0.0594086761966496,-0.0512151653858671,-0.0412599982518877,0.0178753652687314,-0.102182227901121,0.427724193421068
11.39,0.028215257066277,0.264862012946961,1.25201522550541,-0.126896357016941,0.0423864747645118,0.0320117128475135,-0.0582704408469691,-0.0513223660622585,-0.0419305457022309,0.0174585164881707,-0.102092994190872,0.428028205637761
11.4,0.0269433747139255,0.265283332979706,1.25233321940412,-0.12747328856458,0.0418725328303874,0.031589299067581,-0.0570528086677706,-0.0517342615796745,-0.0422128862354061,0.0170384070242074,-0.102005786445967,0.42832830171598
11.41,0.0256657912949855,0.265699463603569,1.25264701148676,-0.128037413190296,0.0413517895329183,0.0311674551228054,-0.0558139285176033,-0.0522522888601909,-0.0423509141067608,0.016615089625806,-0.101920626711469,0.42862445100648
11.42,0.0243826264501197,0.266110368770364,1.25295656850658,-0.128589567134932,0.0408274870531836,0.0307422807854458,-0.0546157729349959,-0.0526048926377956,-0.042682940008668,0.0161886105513221,-0.101837524276845,0.428916621065792
11.43,0.0230939999522869,0.266516013344633,1.25326185710247,-0.129129728648996,0.0402996916801624,0.030313796322632,-0.053415108289912,-0.0529523149700803,-0.0430110636691269,0.0157590163930864,-0.101756488122995,0.429204779854706
11.44,0.0218000318771396,0.266916362603967,1.25356284443303,-0.129657869300731,0.0397684407537819,0.0298820595120632,-0.0522117939471218,-0.0532962980163548,-0.0433329675840498,0.0153263541426847,-0.101677527019012,0.429488895764137
11.45,0.0205008425662721,0.267311382159709,1.25385949829271,-0.130173964527939,0.0392337657198352,0.029447136970951,-0.051006197763116,-0.0536372895312475,-0.0436479758679578,0.0148906711757584,-0.101600649537306,0.429768937626393
11.46,0.0191965525865808,0.267701037918364,1.25415178717245,-0.130677993255993,0.038695694963157,0.0290090999947041,-0.0497985883530738,-0.0539755732542638,-0.0439556956405314,0.0144520152346041,-0.101525864060847,0.430044874722916
11.47,0.0178872827011523,0.268085296058972,1.25443968029261,-0.131169936295,0.03815425425475,0.0285680230581404,-0.0485890368233221,-0.0543114636829289,-0.0442558126967381,0.014010434414366,-0.101453178787296,0.430316676788489
11.48,0.0165731538606809,0.268464123003459,1.25472314763361,-0.131649773992459,0.0376094656894984,0.0281239837407693,-0.0473773596451645,-0.0546453304654826,-0.04454810790089,0.0135659771561938,-0.10138260173453,0.430584314011494
11.49,0.0152542872213032,0.268837485372762,1.25500215996742,-0.132117483487903,0.0370613476454403,0.0276770609001226,-0.0461631281950296,-0.0549772662283868,-0.0448328793173378,0.0131186922493268,-0.101314140748946,0.430847757028393
11.5,0.0139308041909229,0.269205349956368,1.25527668885161,-0.13257303655636,0.0365099203649307,0.0272273261544226,-0.0449458781913113,-0.0553062362723703,-0.0451118359101628,0.0126686288423519,-0.101247803510943,0.431106976909893
11.51,0.012602826490176,0.26956768378006,1.25554670649051,-0.133016401051729,0.035955222919993,0.0267748241819194,-0.0437620245619756,-0.0554617262664631,-0.0455763842578471,0.0122158364581648,-0.101183597520453,0.43136194513949
11.52,0.0112704761698884,0.269924454414768,1.25581218533525,-0.133448277047599,0.0354006858396015,0.0263157984692657,-0.042563933696528,-0.0557166579774747,-0.0459107338691718,0.0117603649923007,-0.101121530033713,0.431612633597764
11.53,0.00993386094922387,0.270275697496852,1.2560730224599,-0.13386767972566,0.0348408897604434,0.0258566095045359,-0.04130183507252,-0.0562852697997898,-0.0458779718497313,0.0113022589529713,-0.101061594579467,0.431859015208132
11.54,0.00859312257537498,0.270621272209977,1.25632931752534,-0.13427431374905,0.0342749804436056,0.025398239032271,-0.0400751184550055,-0.0566154641072488,-0.0461143421303083,0.0108415767733288,-0.101003819799939,0.432101063147508
11.55,0.00724837467424293,0.270961197105724,1.25658098724054,-0.13466918209476,0.0337085804782984,0.0249343226619297,-0.0388785184216805,-0.0567787051707092,-0.0465306856173318,0.0103783656479161,-0.100948202364886,0.432338750509438
11.56,0.00589973893347983,0.271295443819542,1.25682800397858,-0.135051884117484,0.0331394063401915,0.0244676253199244,-0.0376617231512285,-0.0570527754741061,-0.0468072059772749,0.00991267634429105,-0.100894748181375,0.43257205118835
11.57,0.00454733699189331,0.271623985232528,1.25707033974694,-0.135422416557785,0.0325675249688163,0.0239981785423842,-0.0364435626886061,-0.0573262480556306,-0.0470734417745718,0.00944455984558179,-0.100843462772374,0.432800939554622
11.58,0.0031912906023242,0.271946794318919,1.25730796754943,-0.135780755371256,0.0319928813790789,0.023526156484433,-0.0352227053500916,-0.0576084665575316,-0.0473181665472407,0.008974067417031,-0.100794351506652,0.433025390471452
11.59,0.00183172188446826,0.27226384286011,1.25754086287663,-0.136126870664787,0.0314153556376657,0.0230518152114394,-0.0339803896686621,-0.0580255912664701,-0.0473905660637232,0.00850125070744803,-0.100747419853944,0.433245379302468
11.6,0.000468753189028526,0.272575101431672,1.25776900385366,-0.136460363164629,0.0308323695537495,0.0225783451631585,-0.0327735936773577,-0.0582545014937639,-0.0476697815194732,0.00802616170504719,-0.100702673386983,0.433460881962511
11.61,-0.000897485378824501,0.272880490251185,1.25799242977989,-0.136782342538334,0.0302502656077904,0.0220984195810499,-0.0315986878663819,-0.0582365700481361,-0.0482351912272169,0.00754885608180349,-0.100660127559309,0.433671875745769
11.62,-0.00226689366173833,0.273180106743828,1.25821097224528,-0.137092336921957,0.0296676381527867,0.0216136413386141,-0.0303501607705751,-0.058588175819725,-0.0483611020761925,0.00706937676495986,-0.100619762455519,0.433878336296476
11.63,-0.00363933211726357,0.27347384301424,1.25842470260667,-0.137389345753745,0.0290785020913959,0.0211311975395261,-0.0290974498787725,-0.0590229553511259,-0.0483693182934418,0.00658778346312239,-0.100581598811261,0.434080241024788
11.64,-0.00501468057681318,0.273761676785656,1.25863359619607,-0.137674285919532,0.0284871790457642,0.0206462549727453,-0.0278857243557854,-0.0592430343469867,-0.0486149590389638,0.00610412825492909,-0.100545640236071,0.434277568205531
11.65,-0.00639281783565415,0.274043586595156,1.25883762770612,-0.137947060240861,0.0278936414044562,0.0201588983587468,-0.0266659613631959,-0.0594675075413245,-0.0488486457378444,0.00561846375661392,-0.100511890033464,0.434470296312616
11.66,-0.00777362178163034,0.274319549613745,1.25903677416324,-0.138207605146796,0.0272978288949377,0.0196692820579884,-0.0254429971709732,-0.0596844695283119,-0.0490821614085334,0.00513084312012826,-0.100480351635239,0.434658404197696
11.67,-0.00915696993859001,0.274589543173055,1.25923101334728,-0.13845592018428,0.02669995201389,0.0191772551305762,-0.0242211589736535,-0.0598755129694948,-0.0493364358540045,0.00464131982427854,-0.100451028299292,0.434841871154529
11.68,-0.0105427401853159,0.274853548654023,1.25942031926585,-0.138692028326269,0.0261003186355479,0.0186825533409084,-0.0229820739314142,-0.0601668109882486,-0.0494590319628182,0.00414994735918606,-0.100423922337981,0.435020676895066
11.69,-0.0119308105051156,0.275111549545765,1.2596046644141,-0.138915561662909,0.0254966157941249,0.0181880744913198,-0.0217358988499907,-0.0604571302501223,-0.0495741185212708,0.00365677933262505,-0.100399035506216,0.435194801563024
11.7,-0.0133210514185742,0.275363480969905,1.25978408075568,-0.139126746303269,0.0248911760305453,0.0176910709704829,-0.0205427571945614,-0.0604913581695181,-0.0499775044287322,0.00316187301749955,-0.100376378999649,0.435364226898746
11.71,-0.0147133454311809,0.275609373066376,1.25995848583351,-0.1393264168068,0.0242867886307346,0.0171885244027451,-0.0191751545924799,-0.0605597180498878,-0.0504263682282758,0.00266528000629282,-0.100355945001508,0.43552893269429
11.72,-0.0161075797547102,0.27584921674252,1.26012785124374,-0.139510249395118,0.0236799816695476,0.0166825436059174,-0.0180735997923443,-0.0609213536978429,-0.0503406016855191,0.00216705117539383,-0.100337733526111,0.435688902200142
11.73,-0.0175035504190832,0.276082972699767,1.26029213670563,-0.139687888802647,0.0230683615567778,0.0161817123690348,-0.0172485231226708,-0.061301987338144,-0.0500431829769686,0.00166726915693997,-0.100321748902721,0.43584410162493
11.74,-0.0189013375307631,0.276310583973655,1.26045148549112,-0.139855219857572,0.0224539419227847,0.015681679946378,-0.015738331515568,-0.0614650627252272,-0.0503980331556541,0.00116592045270881,-0.100308003961418,0.435994557464282
11.75,-0.0203006548162346,0.276532051538223,1.26060577030455,-0.140002655432958,0.0218390603022732,0.0151737517059217,-0.0142154887826127,-0.0615689626783127,-0.0508705173346579,0.00066311583276852,-0.100296493045087,0.436140221179657
11.76,-0.0217013906394222,0.276747365179701,1.26075496052523,-0.140139529633224,0.0212225626692185,0.0146642695996849,-0.0132130787629181,-0.0617686771830603,-0.0510464671139116,0.000158905953934897,-0.100287216005933,0.436281075034607
11.77,-0.023103445408899,0.276956502791607,1.26089905569655,-0.140266917008216,0.0206036867586121,0.0141528223636435,-0.0117374856556044,-0.0528819611992674,-0.062893151404676,-0.000346661798384586,-0.100280175076111,0.436417107571343
11.78,-0.0245067289795867,0.277159438914873,1.26103801697251,-0.140374279346336,0.0201649234452331,0.0134064065715913,-0.0105599190784018,-0.0619535686727679,-0.0510083909165862,-0.000853546097236792,-0.100275374196189,0.436548291215582
11.79,-0.0259109309958259,0.277359801260512,1.26116718382798,-0.140478115389785,0.0193646153851566,0.0131326545453117,-0.00976690777767124,-0.0721217577433732,-0.0384435029587269,-0.00136169572264089,-0.100272075702663,0.436674441614593
11.8,-0.0273162912873823,0.277546731222576,1.26130067006341,-0.14056961750189,0.0187224882903657,0.0126375365124168,-0.00837458050758095,-0.0626357168014041,-0.0515387318794657,-0.00187094900385017,-0.100272463555219,0.436796169880199
11.81,-0.0287223233458636,0.277734251026319,1.26141993455823,-0.140645606999936,0.0181119010491286,0.0121018799077224,-0.00709541352243174,-0.0626163654823846,-0.0515287504099259,-0.00238144301290514,-0.100273717930346,0.436912563427614
11.82,-0.030129203427381,0.277908969243559,1.26154270766157,-0.140711525772338,0.017470160980718,0.0116069615042183,-0.00581499284344213,-0.0627359249284779,-0.0516510267450943,-0.00289291096855082,-0.100278522208955,0.437024500733225
11.83,-0.0315365538613103,0.278083654245934,1.26165207378831,-0.140761906856805,0.016857182550559,0.0110688593728206,-0.00459310259698652,-0.0695962265544221,-0.0430032798276488,-0.00340550941615002,-0.100284311048156,0.437131138716678
11.84,-0.032944441564517,0.27824611289457,1.26176408484902,-0.140803387824278,0.0160782364496296,0.0107468959076653,-0.00342903793475326,-0.0630002757114777,-0.0519802096222067,-0.00391895879756195,-0.10029352619624,0.437233242269626
11.85,-0.0343526216177958,0.278405218974926,1.26186701170647,-0.1408304876155,0.0155971770363295,0.0100292551803764,-0.00215740259559685,-0.0555937342819974,-0.0620356470715627,-0.00443337252935135,-0.100304384586066,0.437330235587573
11.86,-0.0357610513168272,0.278558056435297,1.26196466995263,-0.14084653587619,0.0149663617639896,0.00950618296623398,-0.00087791113049512,-0.0579821316954557,-0.0591698423945768,-0.0049486537388874,-0.100317468389021,0.437422291982971
11.87,-0.0371695523353198,0.278704546210206,1.26205713536579,-0.14084804583811,0.0144375344024203,0.00884585833248482,0.000321278223572315,-0.0634899305625909,-0.0521703191302558,-0.00546472328836698,-0.100332787440418,0.437509405660428
11.88,-0.0385780122335893,0.278846807123345,1.26214158711928,-0.140840110311718,0.0136965631527378,0.00846277658362889,0.00138302543478411,-0.0696603872060749,-0.0442854282134438,-0.00598158273871496,-0.100349914164792,0.437591431107333
11.89,-0.0399863545415541,0.278978477473261,1.26222639089746,-0.140820385329414,0.0130443266582989,0.00796014976821597,0.00268307387411854,-0.0635558544531705,-0.0525790161787243,-0.00649903037146714,-0.100370118086611,0.437668763623686
11.9,-0.0413944199401776,0.279107693656511,1.26230079011465,-0.140786448834236,0.0124254460636744,0.00741119626005442,0.00390220270885958,-0.0636882998439363,-0.0526224036007128,-0.00701720465308546,-0.100391766422735,0.437740875184364
11.91,-0.0428020835182388,0.279226986394534,1.26237461482266,-0.140742341275237,0.0117705606614202,0.00690770169620173,0.00517667775380437,-0.0638928714355474,-0.0525586115823784,-0.00753585442393732,-0.100416347943284,0.437808233509539
11.92,-0.0442092667656823,0.279343104869739,1.26243894414857,-0.14068291527916,0.0111475886349635,0.00636002402840688,0.00662735436123704,-0.0640395359262851,-0.0525630133730031,-0.00805511585902075,-0.100442510145487,0.437870400964385
11.93,-0.0456157418238219,0.279449938167234,1.26250181530323,-0.140609794188012,0.0104897699428945,0.00585644142874169,0.00765630894058959,-0.0641444145270806,-0.0526096169584312,-0.00857473127894055,-0.100471465829768,0.437927759249115
11.94,-0.0470214626494427,0.279552900268597,1.26255607297715,-0.140529789100348,0.00986470034442177,0.00530783168923818,0.00866051465285647,-0.064158398290443,-0.0527710266101371,-0.00909481650318304,-0.100502130570765,0.437979957547249
11.95,-0.0484263376058291,0.279647232174122,1.26260797193702,-0.140436583894955,0.00920660197708553,0.00480102089653888,0.0100416178912615,-0.0611285949927575,-0.0569253770732258,-0.00961519838026944,-0.100535451721543,0.438027290457059
11.96,-0.0498301943273417,0.279737032308139,1.26265209339508,-0.140328956742523,0.00864212844456665,0.00416932414777369,0.0113185133010856,-0.0618591689399732,-0.0561054706615962,-0.0101359120793712,-0.100570602913297,0.438069492975814
11.97,-0.0512329167406795,0.279820074743013,1.26269135841997,-0.140210213628933,0.0079694185982861,0.00367891148330698,0.0124470713141175,-0.0669986897169934,-0.0494676628232126,-0.0106568423662875,-0.100608023798206,0.438106701630693
11.98,-0.0526343985999203,0.279896420680105,1.26272567162474,-0.140080015316241,0.00730215465022681,0.00317997089130946,0.0136334738174401,-0.0665148013820367,-0.0502308048078181,-0.0111779396162672,-0.100647697232676,0.438138907397688
11.99,-0.0540345170470042,0.279966117836018,1.2627549578378,-0.139937544152585,0.00663912257064539,0.00267429538715064,0.0148591319847946,-0.0661397149642779,-0.0508341229665831,-0.0116991475047528,-0.100689607950557,0.438166103310862
12,-0.055433149482972,0.280029203131518,1.26277915753248,-0.139782832676545,0.00597936035094128,0.00216328843197782,0.0160812531033994,-0.0658502510325885,-0.0513114509925844,-0.0122204094775419,-0.100733742715495,0.438188283729623
12.01,-0.0568301737005351,0.280085705043037,1.26279822360644,-0.139615919090517,0.00532211754999365,0.00164806636729897,0.0172997384430206,-0.0656273983790267,-0.0516883969614605,-0.0127416688660382,-0.100780089859031,0.438205444141371
12.02,-0.0582254678647825,0.280135645482518,1.26281211885983,-0.139436837907684,0.00466681238336066,0.00112952049274854,0.0185150386024098,-0.0654560352275357,-0.0519850515195888,-0.0132628689305748,-0.100828638905497,0.438217581025252
12.03,-0.0596189104586889,0.280179041290704,1.26282081401629,-0.139245618318468,0.00401299684544285,0.000608365336907126,0.0197276499605954,-0.0653241807829595,-0.0522172088052136,-0.0137839528800163,-0.100879380272086,0.438224691753599
12.04,-0.0610103802311518,0.280215905419426,1.26282428616657,-0.139042284908472,0.0033603287677015,8.51763166442883e-05,0.0209379739819428,-0.0652223622141263,-0.0523973058852456,-0.0143048638846099,-0.100932305030865,0.438226774518062
12.05,-0.0623997561568583,0.280246247866058,1.26282251754263,-0.13882685883883,0.00270854960116035,-0.000439580780797764,0.0221463004121768,-0.0651430974879547,-0.0525351481656133,-0.0148255450874567,-0.100987404720717,0.438223828272838
12.06,-0.0637869174079283,0.28027007641145,1.26281549455095,-0.138599358900229,0.00205746681794243,-0.000965526646667956,0.0233528261655449,-0.0650804801395649,-0.0526384723797979,-0.0153459396159046,-0.101044671199018,0.438215852690346
12.07,-0.0651717433348628,0.280287397202417,1.26280320700969,-0.138359802315519,0.00140693999836908,-0.0014923502283937,0.024862496394267,-0.0553727969290786,-0.0655078808331516,-0.0158659905929024,-0.101104096524803,0.438202848126258
12.08,-0.0665541134542387,0.280298215211417,1.26278564754639,-0.138102108972343,0.000950010879360883,-0.00227568426333096,0.0259345390719526,-0.0573424025204796,-0.0628563246812846,-0.0163856411480866,-0.101165672866789,0.438184815591769
12.09,-0.0679337855143097,0.280306397420004,1.26275769332443,-0.13784111153408,0.000260091947959512,-0.00274947672201936,0.0264898299474783,-0.0782281746114505,-0.0351783625201934,-0.0169049087496911,-0.10122861712816,0.438161503484867
12.1,-0.0693109356849202,0.280303417050376,1.26273065801194,-0.137572312373394,-0.000614552612868094,-0.00297925151373481,0.028332560365279,-0.065023618072,-0.0527631029539706,-0.0174235825074292,-0.101294634703971,0.438133478680342
12.11,-0.0706852317617777,0.280294106367747,1.26269810829415,-0.137274460326774,-0.00104038041348058,-0.00380473878109885,0.0296676636167331,-0.0552744283313646,-0.0655437357566337,-0.0179416769974045,-0.101362746235505,0.438100415151625
12.12,-0.0720564248914559,0.280282609442107,1.26265456323632,-0.136978959101059,-0.00172004117949546,-0.00429012622886758,0.030283423170014,-0.0687124419729366,-0.0476181654535302,-0.0184592186570657,-0.101432112970084,0.438062046761976
12.13,-0.0734248109437989,0.280259705544157,1.26261230576957,-0.136668791863374,-0.00241462925293928,-0.00475710209016943,0.0316847349680217,-0.0679015193223749,-0.0487084017331017,-0.018976010655234,-0.101504582217258,0.438019004246898
12.14,-0.0747898007287233,0.280234316857048,1.26255942119452,-0.136345264401699,-0.00307807156594293,-0.00526429426352959,0.0330290789178296,-0.064659737931963,-0.0529274680194392,-0.0194921104297602,-0.10157834944232,0.437970671075941
12.15,-0.0761517162318328,0.280198144112838,1.2625070198843,-0.136008210285017,-0.00370782401157851,-0.00581565145055819,0.0345239513167513,-0.0580596928299895,-0.0616490551119702,-0.0200073536128546,-0.10165507812886,0.437917635689564
12.16,-0.0775099649344236,0.280160160376816,1.26244310816551,-0.135654785375364,-0.00423926542254269,-0.00649727536576897,0.0353221665843139,-0.0647417741261896,-0.0525916630816936,-0.0205218036772526,-0.101732953986083,0.437859273830722
12.17,-0.07886481193934,0.280113358804387,1.26237707437699,-0.135301766953331,-0.00500265949410228,-0.00686748471219204,0.0362277136760799,-0.0704464823308771,-0.0448482261433371,-0.021035314771863,-0.101813380240855,0.437796085932692
12.18,-0.0802160002734901,0.280060107186934,1.26230575847126,-0.134930231101842,-0.00564819506916021,-0.00739423988863569,0.0377331621044588,-0.0645683550917454,-0.0525819660856698,-0.021547857716993,-0.101895871603798,0.437727911240363
12.19,-0.081563416561377,0.280000394903004,1.26222918957922,-0.134547103711242,-0.00629402659593727,-0.00791912403390551,0.0389046196049252,-0.0645579878823465,-0.0524460185347435,-0.0220593777011218,-0.101980422235249,0.437654758855978
12.2,-0.0829069423477151,0.279934226655015,1.26214737599059,-0.134152138709744,-0.00693935482680722,-0.00844316025933063,0.0400874663477402,-0.0645046477904284,-0.0523588927664838,-0.0225698186376979,-0.102067022902323,0.437576636826171
12.21,-0.0842464593355718,0.279861607806468,1.26206032637403,-0.133745354384287,-0.00758411955174581,-0.00896630188923516,0.0412683567834632,-0.0644455711683339,-0.0522666820279594,-0.0230791245514914,-0.102155664123,0.437493553729132
12.22,-0.0855818494354008,0.279782544263981,1.2619680499528,-0.133326771574074,-0.00822826625017387,-0.0094884938998898,0.0424471561157764,-0.0643810228154212,-0.0521690116411811,-0.0235872395964119,-0.102246336192449,0.437405518688718
12.23,-0.0869129947670533,0.279697042481464,1.26187055649603,-0.132896411261971,-0.00887174000805421,-0.0100096821220588,0.0436238529601822,-0.064310968809908,-0.0520659597808026,-0.0240941080609939,-0.102339029183144,0.437312541372435
12.24,-0.0882397776606402,0.279605109463819,1.26176785631036,-0.132454294514871,-0.00951448562637201,-0.0105298130955058,0.0447984379638884,-0.0642353885783903,-0.0519575851137844,-0.0245996743734326,-0.102433732945038,0.43721463198934
12.25,-0.0895620806573506,0.279506752768937,1.26165996023412,-0.132000442502694,-0.010156447779622,-0.0110488338243344,0.0459708980278843,-0.0641542759735151,-0.0518439233048793,-0.0251038831065122,-0.102530437106066,0.437111801288139
12.26,-0.090879786510694,0.279401980508227,1.26154687963387,-0.131534876554313,-0.0107975711458423,-0.0115666915616034,0.0470761287315709,-0.064210691717111,-0.0515155004898177,-0.0256066789825988,-0.102629131072974,0.437004060555503
12.27,-0.0921927781884371,0.27929080134602,1.26142862640289,-0.131058919928062,-0.0114406616139643,-0.0120791438341309,0.0482372532503059,-0.064128775686168,-0.051376501609184,-0.0261080068788059,-0.102729804032395,0.4368914216146
12.28,-0.0935009649092554,0.279173167275948,1.26130529675719,-0.130570131489307,-0.0120801466595657,-0.0125942215937871,0.04952654687287,-0.0637546419424686,-0.0516522375199616,-0.0266078190847439,-0.102832457578657,0.436773903305892
12.29,-0.0948041808182231,0.279049198412829,1.26117674197101,-0.130068388990605,-0.0127157544528136,-0.0131121885845301,0.0506976867034281,-0.0636403315168482,-0.0515339646089984,-0.027106047158305,-0.102937056175841,0.436651505977
12.3,-0.0961023326890675,0.278918852186891,1.2610430529855,-0.129556177755238,-0.0133529532899027,-0.0136249008859671,0.0518013145747409,-0.0636644978781214,-0.0511995175400703,-0.0276026428471679,-0.103043599969046,0.436524249066562
12.31,-0.0973953043733279,0.278782139347031,1.26090424395329,-0.12903236269911,-0.013989044410376,-0.0141361789353314,0.0529605382988349,-0.0635507314597522,-0.0510538076975453,-0.0280975516967064,-0.103152077299707,0.436392146539239
12.32,-0.0986829799430496,0.278639071298684,1.26076032940679,-0.128496966989262,-0.0146239679190977,-0.014645977039918,0.0541173781105933,-0.0634312659558738,-0.0509031448736618,-0.0285907194348985,-0.103262476273355,0.436255212882145
12.33,-0.099965243713113,0.278489659988649,1.2606113244125,-0.127950015136898,-0.0152576697294935,-0.0151542418328047,0.0552717440445464,-0.063306396212856,-0.0507471504779277,-0.0290820919806405,-0.103374784784559,0.436113463112066
12.34,-0.101241980245788,0.278333917904094,1.26045724457014,-0.127391532108371,-0.0158900958433548,-0.0156609200494765,0.0564235905388842,-0.0631761305801964,-0.0505858357812552,-0.029571615449669,-0.103488990518333,0.435966912773848
12.35,-0.10251307435528,0.278171858071782,1.26029810601151,-0.126821543326121,-0.0165211923410974,-0.0161659585484297,0.057572871860759,-0.0630404769682332,-0.0504192134270013,-0.0300592361604603,-0.103605080951523,0.435815577938703
12.36,-0.10377841111231,0.278003494057272,1.26013392539917,-0.126240074671156,-0.0171509053827195,-0.0166693043180166,0.0587195420505534,-0.0628994433429102,-0.0502472967901097,-0.030544900640111,-0.10372304335422,0.435659475202469
12.37,-0.105037875848704,0.277828839964127,1.25996471992515,-0.125647152485109,-0.0177791812079557,-0.017170904484232,0.0598635549572928,-0.0627530376389696,-0.0500701000772581,-0.0310285556301993,-0.10384286479118,0.435498621683798
12.38,-0.106291354162012,0.277647910433113,1.25979050730948,-0.12504280357201,-0.0184059661354989,-0.0176707063195617,0.0610048642575251,-0.0626012676993609,-0.0498876384058567,-0.0315101480926228,-0.103964532123275,0.435333035022295
12.39,-0.107538731920144,0.277460720641417,1.25961130579875,-0.124427055199959,-0.0190312065619429,-0.0181686572523491,0.0621434234648568,-0.0624441412744342,-0.0496999278137865,-0.0319896252154129,-0.104088032008953,0.435162733376595
12.4,-0.108779895266011,0.277267286301874,1.25942713416444,-0.123799935102713,-0.0196548489609875,-0.0186647048758374,0.0632791859411466,-0.0622816659874597,-0.0495069853029294,-0.0324669344185245,-0.104213350905712,0.434987735422377
12.41,-0.110014730622198,0.277067623662197,1.25923801170124,-0.123161471481136,-0.020276839881692,-0.0191587969584077,0.0644121048973642,-0.0621138492826215,-0.0493088288783271,-0.0329420233595993,-0.104340475071594,0.434808060350324
12.42,-0.111243124695634,0.27686174950424,1.25904395822527,-0.122511693004765,-0.0208971259466399,-0.019650881453404,0.0655421333817477,-0.0619406984462181,-0.0491054775147118,-0.0334148399397016,-0.104469390566693,0.434623727864017
12.43,-0.112464964482293,0.276649681143265,1.25884499407217,-0.121850628813501,-0.0215156538506164,-0.0201409065087019,0.0666692242660767,-0.0617622205876066,-0.0488969511912745,-0.0338853323090276,-0.104600083254668,0.434434758177777
12.44,-0.113680137271904,0.276431436427228,1.2586411400951,-0.121178308519444,-0.0221323703583922,-0.0206288204772295,0.0677933302273041,-0.0615784226120726,-0.0486832708985514,-0.034353448872585,-0.104732538804285,0.434241172014447
12.45,-0.114888530652682,0.276207033736097,1.25843241766262,-0.120494762208955,-0.0227472223028579,-0.021114571926673,0.068914403721316,-0.0613893112269182,-0.048464458618596,-0.0348191382958465,-0.104866742690956,0.434042990603111
12.46,-0.116090032516083,0.275976491981171,1.25821884865656,-0.119800020445017,-0.0233601565829305,-0.0215981096496014,0.0700323969446791,-0.0611948929431253,-0.0482405373114524,-0.0352823495103729,-0.105002680198305,0.433840235676761
12.47,-0.117284531061583,0.275739830604438,1.25800045546963,-0.119094114270061,-0.0239711201617204,-0.022079382672902,0.0711472617867902,-0.0609951741199791,-0.0480115308565419,-0.0357430317194098,-0.105140336419735,0.4336329294699
12.48,-0.118471914801484,0.275497069577936,1.2577772610031,-0.118377075209282,-0.0245800600653301,-0.0225583402667322,0.0722589497771682,-0.0607901610118227,-0.0477774639873217,-0.0362011344034558,-0.105279696260022,0.433421094716101
12.49,-0.119652072565768,0.275248229403132,1.2575492886643,-0.117648935274518,-0.0251869233819568,-0.0230349319526484,0.0733674120224239,-0.0605798598614396,-0.0475383621406663,-0.0366566073258053,-0.105420744436912,0.43320475464549
12.5,-0.120824893506975,0.274993331110297,1.25731656236405,-0.116909726968833,-0.0257916572625588,-0.0235091075095455,0.0744725991387573,-0.0603642770440301,-0.0472942512762595,-0.0371094005380641,-0.105563465482742,0.432983932982194
12.51,-0.121990267105145,0.27473239625788,1.25707910651411,-0.116159483291743,-0.0263942089228374,-0.0239808169781736,0.0755744611801471,-0.0601434192305957,-0.0470451576671807,-0.037559464385642,-0.105707843746086,0.432758653941718
12.52,-0.12314808317281,0.27446544693184,1.25683694602449,-0.11539823774523,-0.0269945256471708,-0.0244500106628892,0.0766729475629873,-0.0599172936447992,-0.0467911075503414,-0.0380067495132196,-0.105853863393411,0.432528942228277
12.53,-0.12429823186005,0.274192505744937,1.25659010630085,-0.114626024340483,-0.0275925547957334,-0.0249166391291805,0.0777680070249256,-0.0596859083152992,-0.0465321268034998,-0.0384512068701932,-0.106001508410778,0.432294823032076
12.54,-0.125440603659619,0.273913595835926,1.2563386132419,-0.113842877604732,-0.0281882438134768,-0.0253806531989592,0.0788595876002915,-0.0594492723601816,-0.0462682405794077,-0.0388927877160955,-0.10615076260557,0.432056322026536
12.55,-0.126575089412144,0.273628740868667,1.25608249323687,-0.113048832588477,-0.0287815402429371,-0.0258420039407686,0.0799476366188139,-0.0592073962971143,-0.0459994729018496,-0.0393314436259907,-0.106301609608259,0.43181346536547
12.56,-0.127701580311389,0.273337965031067,1.25582177316309,-0.112243924872355,-0.029372391739419,-0.0263006426569962,0.0810321007688224,-0.0589602922646007,-0.0457258463826289,-0.0397671264958424,-0.106454032874227,0.431566279680221
12.57,-0.128819967909591,0.273041293033879,1.25555648038373,-0.111428190573101,-0.029960746088229,-0.0267565208684212,0.0821129262092883,-0.0587079741977441,-0.0454473819816466,-0.040199788547849,-0.106608015685629,0.431314792076739
12.58,-0.129930144122851,0.272738750109303,1.25528664274572,-0.11060166634817,-0.0305465512233739,-0.0272095902966291,0.083190058732047,-0.0584504578307634,-0.0451640989979094,-0.0406293823357402,-0.106763541153317,0.43105903013263
12.59,-0.131032001236555,0.272430362009412,1.2550122885778,-0.10976438939846,-0.0311297552448443,-0.0276598028483794,0.0842634439600383,-0.0581877605393416,-0.0448760152731312,-0.0410558607500275,-0.106920592218811,0.430799021894152
12.6,-0.13212543191082,0.272116155004406,1.25473344668875,-0.108916397468969,-0.0317103064341607,-0.0281071106020917,0.0853660425296961,-0.0577704888339509,-0.044779961552037,-0.0414791770232001,-0.107079151656321,0.430534795873171
12.61,-0.133210329185934,0.271796155880728,1.25445014636576,-0.108057068547866,-0.0322851650215234,-0.0285554020794202,0.0864255440914651,-0.0575118938173073,-0.0444632883918168,-0.0418992847348581,-0.107239202074806,0.430266381044073
12.62,-0.134286573281777,0.271470451703975,1.25416233864716,-0.10718788658714,-0.0328605443105069,-0.0289963763699281,0.0874150556837939,-0.0575485763518251,-0.0437462394160715,-0.0423161354945006,-0.107400713299346,0.429993803175409
12.63,-0.135354086917677,0.271138944994518,1.25387021883836,-0.10630876743419,-0.0334361365485599,-0.0294303268677416,0.0884798922769948,-0.0572522046525548,-0.0434566316626102,-0.042729688917976,-0.107563694160528,0.429717099825273
12.64,-0.136412748630461,0.270801728973004,1.25357373210981,-0.1054182887416,-0.034005588403558,-0.0298655090031803,0.0895746868746111,-0.0567975352643047,-0.0433640093272532,-0.0431398966304017,-0.107728112985302,0.429436297362792
12.65,-0.137462452692509,0.270458833226447,1.25327290865829,-0.104517273696698,-0.0345720872538459,-0.0302976070542866,0.0906254229977905,-0.0565012976384864,-0.0430511604393466,-0.0435467135558282,-0.107893951569943,0.429151426540503
12.66,-0.138503094104395,0.270110287227927,1.25296777996872,-0.103605780281644,-0.0351356143563277,-0.0307265322119672,0.0916710973664815,-0.0562016850215478,-0.0427314354262149,-0.0439500950818827,-0.108061191700131,0.428862518592487
12.67,-0.139534568298142,0.269756120939321,1.25265837801405,-0.102683851749368,-0.0356961209542769,-0.0311522357628109,0.0927124325884577,-0.0558972189559715,-0.0424068349706712,-0.0443499969791423,-0.108229815013432,0.428569605196315
12.68,-0.140556771139382,0.269396364808842,1.25234473525347,-0.101751531629875,-0.0362535587354471,-0.0315746689113806,0.0937494004958898,-0.0555879478811032,-0.0420773451963124,-0.0447463754046078,-0.108399803001347,0.428272718469525
12.69,-0.141569598930739,0.269031049764612,1.25202688463583,-0.10080886373945,-0.036807879911899,-0.0319937826667372,0.0947819764781107,-0.0552739112545862,-0.0417429629785689,-0.0451391869053794,-0.108571137012221,0.427971890966331
12.7,-0.142572948414172,0.268660207210604,1.25170485960013,-0.0998558921003125,-0.0373590369605389,-0.032409528170952,0.095810141474182,-0.0549551216061641,-0.0414037192876577,-0.0455283884219856,-0.108743798253609,0.427667155674219
12.71,-0.143566716772745,0.268283869025401,1.25137869407241,-0.0988926609099668,-0.0379069823440223,-0.0328218570524903,0.0968338767380658,-0.0546315647587137,-0.0410596789496303,-0.0459139372915477,-0.108917767794048,0.427358546010405
12.72,-0.144550801632371,0.267902067563723,1.25104842245908,-0.0979192145655512,-0.0384516682557132,-0.0332307217499446,0.0978531586384071,-0.0543032040717398,-0.040710935384493,-0.0462957912509855,-0.109093026564268,0.42704609581814
12.73,-0.145525101064056,0.267514835660287,1.25071407963741,-0.0969355977371987,-0.038993046425457,-0.0336360757601802,0.098902184984058,-0.0538329430901951,-0.040530979349975,-0.0466739084404453,-0.109269555358003,0.426729839362867
12.74,-0.146489513587115,0.267122206635214,1.25037570094388,-0.0959411708658701,-0.039528327117517,-0.0340413413369441,0.0999024320718537,-0.0535191844623661,-0.0401428173502102,-0.0470482474070813,-0.109447334832555,0.426409811328258
12.75,-0.147443924481374,0.266724269117936,1.25003325281067,-0.0949375490957617,-0.0400634301147043,-0.0344389321071844,0.10083196653105,-0.0534715681385242,-0.039407213405076,-0.0474187644320013,-0.109626333732445,0.426086044532644
12.76,-0.14838826456903,0.26632093803292,1.24968692230174,-0.0939245315352491,-0.0405977584802875,-0.0348294856050456,0.101847609925007,-0.0530921894234075,-0.0390796898867644,-0.0477854253116554,-0.109806558219426,0.42575857934232
12.77,-0.149322415112079,0.26591231394833,1.24933666309857,-0.0929005968972614,-0.0411252739031726,-0.0352205259049197,0.102889789375388,-0.052573099709641,-0.0389184986977904,-0.0481481857991115,-0.109987974241765,0.425427449071581
12.78,-0.150246276506975,0.265498432554856,1.24898251178364,-0.0918667357477412,-0.0416492204744804,-0.0356078555790015,0.103879620406083,-0.0522150631214931,-0.038543683051498,-0.0485070061423311,-0.110170561846889,0.425092690017878
12.79,-0.151159749827034,0.265079329538841,1.24862450598699,-0.0908230044891398,-0.0421695751656024,-0.0359913995659496,0.104864362120084,-0.0518534789054081,-0.038162946350286,-0.0488618470698272,-0.110354301066698,0.424754338893582
12.8,-0.152062736596758,0.264655041051544,1.24826268379232,-0.0897694485053396,-0.0426862900525885,-0.0363711145060072,0.105844525374118,-0.051486981263451,-0.0377780469701398,-0.0492126697299809,-0.110539171809663,0.42441243280651
12.81,-0.15295513879714,0.264225603737789,1.24789708369687,-0.0887061139816575,-0.0431993147908714,-0.0367469605053524,0.106820010500682,-0.0511153672927444,-0.037389283709112,-0.0495594356960491,-0.110725153856942,0.42406700925501
12.82,-0.153836858876391,0.263791054755727,1.24752774458221,-0.087633048295326,-0.0437085973984434,-0.0371189001801894,0.107790690740965,-0.050738504214639,-0.0369968697167004,-0.0499021069727232,-0.110912226860702,0.423718106123199
12.83,-0.154707799763047,0.26335143178982,1.24715470569327,-0.0865503001668382,-0.0442140848751642,-0.0374868978996864,0.108756431600123,-0.0503563129443406,-0.0366009518343328,-0.0502406460031984,-0.111100370343977,0.423365761676289
12.84,-0.155567864879728,0.262906773058224,1.24677800662422,-0.0854579196633236,-0.0447157236573302,-0.037850919216876,0.10971710308307,-0.0499687488269518,-0.0362016323289233,-0.05057501567616,-0.111289563701708,0.423010014556072
12.85,-0.156416958156313,0.262457117316674,1.24639768730893,-0.0843559581051768,-0.0452134598517032,-0.0382109305462649,0.11067258691615,-0.0495757799150899,-0.0357989925790441,-0.0509051793323116,-0.111479786202424,0.422650903776574
12.86,-0.157254984041832,0.26200250386119,1.24601378801329,-0.0832444679250004,-0.045707239255632,-0.038566899068457,0.111622779469351,-0.0491773682432294,-0.0353931117759738,-0.0512311007702706,-0.111671016990059,0.422288468719935
12.87,-0.158081847514813,0.261542972531561,1.24562634932756,-0.0821235025157897,-0.0461970072165678,-0.0389187927817844,0.112567591582773,-0.0487734588346774,-0.0349840747789273,-0.0515527442518069,-0.111863235085466,0.421922749132629
12.88,-0.158897454092147,0.261078563716858,1.24523541215766,-0.080993116093345,-0.0466827084323256,-0.0392665805640355,0.113506946294866,-0.0483639812218238,-0.0345719638583667,-0.0518700745064665,-0.112056419387357,0.421553785122181
12.89,-0.15970170983668,0.260609318362914,1.24484101771628,-0.0798533635898924,-0.0471642868410043,-0.0396102320589517,0.114440774833112,-0.0479488685968553,-0.0341568299599984,-0.052183056735644,-0.112250548672676,0.421181617154666
12.9,-0.160494521363945,0.260135277980038,1.24444320751648,-0.0787043005966828,-0.0476416858042627,-0.0399497171632354,0.115369010382995,-0.0475281000968129,-0.0337386408544319,-0.0524916566161426,-0.112445601596729,0.420806286053254
12.91,-0.161275795848614,0.259656484646829,1.24404202337301,-0.0775459833822326,-0.0481148488429405,-0.0402850048760403,0.116291578594266,-0.0471017693159957,-0.0333172093008885,-0.0527958403032581,-0.112641556693935,0.420427832998002
12.92,-0.16204544103159,0.259172981003179,1.24363750741896,-0.0763784690247976,-0.0485837211905826,-0.0406160613492532,0.117208383818629,-0.0466701742617765,-0.0328921162105339,-0.0530955744334561,-0.112838392380629,0.420046299526736
12.93,-0.16280336522911,0.258684810223018,1.24322970214603,-0.07520181570586,-0.049048252328176,-0.040942847200251,0.118102725046355,-0.0464052267755977,-0.0322687445662258,-0.0533908261268545,-0.113036086961997,0.41966172753612
12.94,-0.163549477345707,0.258192015956616,1.24281865047495,-0.0740164145238703,-0.0495118257260946,-0.0412614362405778,0.119001952645991,-0.0460096761228317,-0.0317908387744286,-0.0536815629899732,-0.113234618645534,0.419274159280869
12.95,-0.164283693519587,0.257694573708496,1.24240447342122,-0.07282177665294,-0.0499684458506327,-0.0415786639757396,0.119926810470221,-0.0452760470836532,-0.0316898581994199,-0.0539677527968374,-0.113433979763873,0.418883637047809
12.96,-0.165005912878766,0.257192647039603,1.24198707719544,-0.0716178783144659,-0.0504173466677676,-0.0418952334045661,0.120822072698789,-0.044800080304665,-0.0312782005462711,-0.0542493649952014,-0.113634123844021,0.418490203236827
12.97,-0.165716051085877,0.25668622677514,1.24156656875313,-0.0704053351989643,-0.050864447456726,-0.042204227986665,0.121695490699908,-0.044483568630018,-0.0306751645196015,-0.0545263682555631,-0.113835039977994,0.41809390142247
12.98,-0.166414019582745,0.256175358090469,1.2411429926357,-0.0691839685004678,-0.051307018040368,-0.0425087366949582,0.122574587395693,-0.0440291893354114,-0.0302236174742911,-0.0547987322037283,-0.114036706107658,0.417694775064056
12.99,-0.167099730455886,0.255660086414333,1.24071639401923,-0.0679538434510505,-0.0517450312434342,-0.0428087003361508,0.123447091525958,-0.0435720569480507,-0.0297663476067643,-0.0550664269657534,-0.114239100134165,0.417292867948006
13,-0.167773096451766,0.2551404574656,1.24028681862898,-0.0667150266699487,-0.052178459179329,-0.0431040636470934,0.124312885788087,-0.0431120832517408,-0.0293036989383071,-0.055329423176468,-0.114442199914792,0.416888224168607
13.01,-0.168434030989285,0.254616517230746,1.23985431274628,-0.0654675857352888,-0.052607272908469,-0.043394774314917,0.125171909042822,-0.0426487884621198,-0.0288363585408116,-0.0555876919834406,-0.114645983270364,0.416480888118289
13.02,-0.169082448166472,0.254088312007431,1.23941892314268,-0.0642115884890921,-0.0530314349485714,-0.0436807908179097,0.126024169677089,-0.0421809453488949,-0.0283657721169254,-0.0558412050513167,-0.114850427978959,0.416070904479002
13.03,-0.169718262759067,0.253555888531775,1.23898069692993,-0.0629471023417468,-0.053450891815447,-0.0439620897572555,0.126869719137694,-0.0417067891412699,-0.0278939097166651,-0.0560899345661408,-0.115055511751848,0.415658318217904
13.04,-0.170341390213307,0.253019294171122,1.23853968134754,-0.0616741941063383,-0.0538655707313968,-0.044238669012243,0.127708578669886,-0.0412246301242944,-0.0274226755048192,-0.0563338532398022,-0.115261212195421,0.415243174587664
13.05,-0.170951746641194,0.252478577117147,1.23809592354968,-0.0603929307683492,-0.0542753844179328,-0.0445105432673519,0.128540655819914,-0.0407336945480749,-0.0269530908303407,-0.0565729343154659,-0.115467506773265,0.414825519126468
13.06,-0.171549248828674,0.251933786482763,1.23764947048219,-0.0591033809899401,-0.0546802446223583,-0.0447777308288498,0.129365717327431,-0.040234741459229,-0.0264846114689252,-0.056807151574491,-0.115674372789297,0.414405397650298
13.07,-0.172133814260992,0.2513849722247,1.2372003689331,-0.0578056164218006,-0.0550800792471174,-0.0450402354967304,0.130183458897307,-0.0397299390401966,-0.026015084137466,-0.0570364793432111,-0.115881787408112,0.413982856235433
13.08,-0.17270536115711,0.250832184897821,1.23674866577226,-0.056499711811994,-0.0554748434031622,-0.0452980325115991,0.130993630635268,-0.0392218751138503,-0.0255416208283522,-0.0572608924958156,-0.116089727709655,0.413557941200049
13.09,-0.173263808497232,0.250275475356637,1.23629440828287,-0.0551857438090953,-0.0558645167493944,-0.0455510679132974,0.131796117087033,-0.038712269799195,-0.0250620029005529,-0.0574803664509123,-0.116298170752315,0.413130699098403
13.1,-0.173809076033292,0.249714894562833,1.23583764441399,-0.0538637894702534,-0.0562490887991461,-0.0457992725696102,0.132595920589401,-0.0380740058421555,-0.024730859632188,-0.0576948771644182,-0.116507093611532,0.412701176731268
13.11,-0.174341084286637,0.249150493580654,1.23537842283148,-0.0525338253973071,-0.0566259968662375,-0.0460456851059412,0.133381333566639,-0.0375908158787834,-0.0242056033524588,-0.0579044011250575,-0.116716473379315,0.412269421161251
13.12,-0.174859752541238,0.248582374625508,1.23491673071187,-0.0511961627989205,-0.0570009051167218,-0.0462833846366594,0.134149777919529,-0.0373472203702323,-0.0233776000176768,-0.058108916945008,-0.116926277072033,0.411835478102098
13.13,-0.175365007542616,0.248010475478319,1.23445275513875,-0.0498508298389166,-0.0573729412736422,-0.0465132371062947,0.13492426761228,-0.0367750098463641,-0.0229335820772792,-0.0583083987692857,-0.117136504340467,0.411399398199521
13.14,-0.175856769138016,0.247434915800035,1.23398646596974,-0.0484976774466749,-0.057736405313649,-0.0467420562782049,0.135694498537917,-0.0360858842417281,-0.0226274240300314,-0.0585028266031514,-0.117347118692637,0.410961228010732
13.15,-0.176334961091549,0.246855747372046,1.23351791401318,-0.0471369398681583,-0.0580946589584767,-0.0469657855868953,0.136449118467169,-0.0355614651337284,-0.0221177907555611,-0.0586921791373108,-0.11755809726654,0.410521015473436
13.16,-0.176799507935379,0.246273022620866,1.23304715025801,-0.0457686950773316,-0.0584476346163236,-0.0471844120933161,0.137195800057824,-0.0350308104782333,-0.0216064728142407,-0.0588764356047964,-0.117769417109668,0.410078808805761
13.17,-0.177250334993096,0.24568679467972,1.23257422577132,-0.0443930238670019,-0.0587952751680414,-0.0473979150431802,0.137934246824459,-0.0344963259544553,-0.0210911714158106,-0.059055575791282,-0.117981055171022,0.40963465649066
13.18,-0.177687368412719,0.245097117117505,1.23209919195714,-0.0430100101408425,-0.0591375611354127,-0.0476062355216324,0.138664171829462,-0.0339621904992098,-0.0205676089707427,-0.0592295800351967,-0.118192988360706,0.409188607254236
13.19,-0.178110535195913,0.244504043457011,1.23162210106088,-0.0416197404304125,-0.0594745189780256,-0.047809267222595,0.139385358274371,-0.0334310307940735,-0.0200331500645905,-0.0593984292169441,-0.118405193650605,0.408740710047077
13.2,-0.178519763221328,0.243907626737944,1.23114300661269,-0.0402223029753549,-0.0598061817512942,-0.0480068985229242,0.140097731644336,-0.0328980724990817,-0.019492919614219,-0.059562104747912,-0.118617648166152,0.408291014022128
13.21,-0.17891498125542,0.243307919821986,1.23066196309043,-0.0388177857975258,-0.0601324804280072,-0.0481991256148794,0.140801447157258,-0.0323482532450806,-0.0189633033148573,-0.0597205885838952,-0.118830329127009,0.407839568535633
13.22,-0.179296118937278,0.242704977129384,1.23017902410039,-0.0374062740322098,-0.0604531468161958,-0.0483861645892213,0.141496767893246,-0.0317671730520899,-0.0184620732507364,-0.0598738632850528,-0.119043213494951,0.407386423200519
13.23,-0.179663106736064,0.242098856885662,1.22969423979864,-0.035987850439661,-0.060767823889049,-0.0485683670798941,0.14218625046692,-0.0310618783383468,-0.018108468395895,-0.0600219120959576,-0.119256277527844,0.406931627869303
13.24,-0.180015875946071,0.241489620651603,1.2292076567588,-0.0345625490228714,-0.0610743843829627,-0.0487483339571392,0.142861646620369,-0.0305379929286406,-0.0175349695968892,-0.0601647189478557,-0.119469496908015,0.40647523237658
13.25,-0.180354357716521,0.240877369198003,1.2287192731195,-0.0331306175072536,-0.0613785837476218,-0.0489190664718319,0.14352480043272,-0.0301141808630632,-0.0168218588129147,-0.0603022698147234,-0.119682839785173,0.406017284906907
13.26,-0.180678488296216,0.240262048976651,1.22822927542936,-0.0316920530142171,-0.061676668000224,-0.0490847711333975,0.144187760796044,-0.0293198135065822,-0.016508522970085,-0.0604345455806832,-0.119896304593351,0.405557838822957
13.27,-0.180988198776806,0.239643835837998,1.22773757769683,-0.0302468622913326,-0.0619649800177535,-0.0492492369312336,0.144833937730368,-0.0287363841706916,-0.0159466664764136,-0.0605615358898234,-0.120109844626902,0.405096942418735
13.28,-0.181283425542043,0.239022749376296,1.22724429069073,-0.0287953742596095,-0.0622513956836378,-0.0494037044629258,0.145448349187862,-0.0284768935059065,-0.0148730800205693,-0.0606832250422655,-0.120323443521968,0.404634651508832
13.29,-0.181564106261998,0.238398807924325,1.22674950360757,-0.0273378953075754,-0.0625345178878716,-0.049546698531645,0.14609052456254,-0.0279215198318454,-0.0146360178393541,-0.0607995988407278,-0.120537086528784,0.404171013043999
13.3,-0.181830183448195,0.237772059018538,1.2262533567201,-0.0258735637683588,-0.0628098260802747,-0.0496964248197129,0.146726671338977,-0.0270706960575641,-0.0147797781518972,-0.0609106430948211,-0.12075074897282,0.403706105845337
13.31,-0.182081577537365,0.23714261140272,1.22575557511118,-0.0244033618807959,-0.0630759318090229,-0.0498422940946829,0.14732449628068,-0.0263349360223054,-0.0138890907813722,-0.0610163518043188,-0.120964411165648,0.403239877148642
13.32,-0.182318250685811,0.236510540382358,1.22525651083821,-0.0229270738427453,-0.0633365248007208,-0.0499742066353403,0.147939615187879,-0.0258113024277652,-0.0131053860807923,-0.0611167101552498,-0.121178031382329,0.402772497847214
13.33,-0.18254011901422,0.235875880906705,1.22475609097847,-0.0214445695770384,-0.0635921578575782,-0.0501044018162988,0.148499288472818,-0.0252534228473168,-0.0126521919224801,-0.0612117034817782,-0.121391597703759,0.402303960376297
13.34,-0.182747142077351,0.235238697225206,1.22425442280188,-0.019957088073289,-0.0638415932576672,-0.0502272504737899,0.149027052623337,-0.0246440599238553,-0.0120452046951091,-0.061301325713662,-0.121605084518839,0.401834337402497
13.35,-0.182939260775686,0.234599049041552,1.22375154596899,-0.0184640285245717,-0.0640850390560553,-0.050345305910201,0.149514521432039,-0.0240658276522051,-0.0114822073685714,-0.0613855670360013,-0.12181846952832,0.401363674190539
13.36,-0.183116422647843,0.233956996444085,1.22324751668368,-0.016966797644648,-0.0643229098107113,-0.0504568946211614,0.150161947027794,-0.0233853573098552,-0.0110716072206928,-0.0614644195343272,-0.122031730033904,0.400892022231152
13.37,-0.183278596728579,0.233312590845338,1.22274240807657,-0.0154607895840156,-0.0645527462022524,-0.0505667380546148,0.15109770103973,-0.0226394286408171,-0.0107710617105488,-0.0615378822978393,-0.122244846604166,0.400419435155978
13.38,-0.183425638439523,0.23266594152004,1.22223618192259,-0.0139448436238535,-0.0647756983835276,-0.0506723158553723,0.151520772087375,-0.022156505601127,-0.00993969379747884,-0.0616059195352084,-0.122457780849614,0.399945951474045
13.39,-0.183557493601056,0.232017076877667,1.22172896175946,-0.0124303741422682,-0.0649958763142749,-0.0507655319305644,0.15175517946623,-0.0217727959753872,-0.00901911156703258,-0.0616685208864442,-0.122670514439879,0.399471634481536
13.4,-0.183674245922368,0.231366023993755,1.22122087128397,-0.0109097400345289,-0.0652111543030354,-0.050852698086713,0.152198088189815,-0.0209193323610917,-0.00877633035412125,-0.0617257237431458,-0.12288304180988,0.398996543725328
13.41,-0.183775688401746,0.230712853791607,1.22071190779773,-0.00938641237847196,-0.0654142629614968,-0.0509410585376468,0.152477003061916,-0.0199832025322294,-0.0085309763731006,-0.0617774700569225,-0.123095327081516,0.398520715931403
13.42,-0.183861974169938,0.230057738734525,1.22020205011322,-0.00786019997329068,-0.0656108183536799,-0.051023317614175,0.153191137065682,-0.0195387519986855,-0.0077754989911095,-0.0618238270575757,-0.123307341181518,0.398044215924171
13.43,-0.183932892401212,0.229400637424533,1.21969144144545,-0.00632258963715839,-0.0658050380014705,-0.051096568517469,0.153906532239248,-0.0190304829240069,-0.00709794248021076,-0.0618647302287522,-0.123519069004513,0.397567087757666
13.44,-0.183988425962681,0.228741637974495,1.21918011874287,-0.00478206932850551,-0.0659914280121601,-0.0511652764637792,0.154280454674922,-0.0183029034622197,-0.0065594947653613,-0.0619001861722764,-0.12373048501692,0.397089385944792
13.45,-0.184028533787782,0.22808080886429,1.21866813591617,-0.00323698054365974,-0.0661710960707149,-0.0512277584127762,0.154680000824719,-0.0176190731564382,-0.00604410961691517,-0.0619301927448474,-0.123941565737864,0.396611163481016
13.46,-0.184053165573554,0.227418216053081,1.21815556357462,-0.0016884693120112,-0.0663438094752889,-0.0512861586561175,0.155044259418722,-0.01693145401209,-0.00564311237460971,-0.0619547441942362,-0.124152286518407,0.396132478731376
13.47,-0.184062303174023,0.226753932674784,1.21764241274305,-0.000136095355285362,-0.0665097251509567,-0.0513406206602684,0.155497488995439,-0.0162658030750804,-0.00507192319088034,-0.0619738481018611,-0.124362627419737,0.395653369601319
13.48,-0.18405588748066,0.226088021550062,1.21712875116141,0.0014214804678975,-0.0666691255367905,-0.0513875971199351,0.15594976490494,-0.0156597127720658,-0.00433536899768781,-0.0619874960901415,-0.124572564095368,0.395173891988677
13.49,-0.184033873564665,0.225420550164048,1.21661466080065,0.00298289994281337,-0.066822919406398,-0.0514273280402222,0.156323321757544,-0.0150650747558083,-0.003692861730853,-0.0619956843196532,-0.124782071344935,0.394694108747405
13.5,-0.183996229481804,0.224751563161934,1.21610020460061,0.00454794690304831,-0.0669704270319066,-0.0514614543545522,0.156706727473998,-0.0142257109829954,-0.00332369889032749,-0.0619984141282352,-0.124991132483265,0.394214065330989
13.51,-0.183942914626604,0.22408114162341,1.21558543171356,0.00611703449229326,-0.0671074336260579,-0.0514938020180287,0.157071301351175,-0.0135728837681375,-0.00273261665883362,-0.0619956846466086,-0.125199721166484,0.393733817567974
13.52,-0.183873888791958,0.223409414489413,1.21507032856025,0.00768937293007203,-0.0672418847072694,-0.0515161066877288,0.157405793875956,-0.0131080464235903,-0.00194687740063351,-0.0619874976712488,-0.125407802233044,0.393253417685337
13.53,-0.183789127168002,0.222736303929265,1.2145551095798,0.0092651503698126,-0.0673695945545297,-0.0515327395660414,0.157758931327134,-0.0122187693184446,-0.00160520021186935,-0.0619738515410431,-0.125615383047187,0.392772916019861
13.54,-0.183688585784562,0.222062022598322,1.21403967376893,0.0108445515566146,-0.0674862600936383,-0.0515482106919662,0.158089135047369,-0.0114645956005725,-0.00110593689428564,-0.0619547504119603,-0.125822411215562,0.392292367052962
13.55,-0.18357223613687,0.221386578727392,1.21352414536596,0.0124269330707599,-0.0675988864665412,-0.0515548583039271,0.158390398837464,-0.0108943310635215,-0.000408267892271228,-0.0619301950992851,-0.12602887641358,0.39181182332446
13.56,-0.183440047123146,0.220710044868991,1.21300857660285,0.0140123595333638,-0.0677041467149087,-0.0515563760498117,0.158700965977039,-0.00998180866330932,-6.4388652742943e-05,-0.0619001884196409,-0.126234755394808,0.391331337328421
13.57,-0.183291988946203,0.220032495793094,1.21249301784497,0.0156009523903006,-0.0677985226398073,-0.051556146076982,0.158968460218102,-0.00943855638091427,0.000648163367977808,-0.0618647338039181,-0.12644002458019,0.390850961627547
13.58,-0.18312802807534,0.219354074416195,1.21197745368131,0.0171917287377258,-0.067892917842527,-0.0515434127824521,0.159206378957048,-0.00908399213843411,0.00155228640774666,-0.0618238360893005,-0.126644645912266,0.390370752700351
13.59,-0.182948154371448,0.218674637436243,1.21146214958932,0.0187850799694415,-0.067980202482576,-0.0515251003488271,0.159483627959255,-0.00800969996895082,0.00175726583973687,-0.0617774971212603,-0.126848642673132,0.389890751444949
13.6,-0.182752326475952,0.217994470366544,1.21094695167433,0.0203814012969109,-0.068053111841906,-0.0515082674656574,0.159731916262485,-0.0071010634983023,0.00213182178932604,-0.061725724672253,-0.127051946557911,0.389411022225748
13.61,-0.18254052634551,0.217313575199405,1.21043198424001,0.0219797182946914,-0.0681222237525421,-0.0514824639130405,0.159936508597136,-0.00655257467822534,0.00287028476630301,-0.0616685235868477,-0.127254550036305,0.388931613949707
13.62,-0.182312732110058,0.216632025891493,1.20991730239607,0.0235801314688538,-0.0681841633354705,-0.0514508617703313,0.160133170777795,-0.006055140628511,0.00365717245686585,-0.0616059001887334,-0.127456430272032,0.388452579761341
13.63,-0.182068923716133,0.215949891932696,1.2094029670046,0.0251823817102473,-0.0682433265651123,-0.0514093204639032,0.160317662120664,-0.00542751338587788,0.00429939587209836,-0.0615378612497652,-0.127657565442914,0.387973972910969
13.64,-0.181809084475853,0.21526715936019,1.20888911598679,0.026786484711267,-0.0682927136031881,-0.0513648738528893,0.160497876600322,-0.00420690699574908,0.0043796776177941,-0.0614644116890135,-0.127857951668405,0.387495840319178
13.65,-0.181533194021908,0.214584037660632,1.20837566952754,0.0283923392422536,-0.0683274647050273,-0.0513217269115473,0.160650934816909,-0.00349124403151165,0.00495170450975958,-0.0613855637356334,-0.128057538385363,0.387018240905202
13.66,-0.181241237691008,0.21390061006609,1.20786268144856,0.0299995034076051,-0.0683625384838183,-0.0512658397626941,0.160778712248462,-0.00330818257669736,0.00602357055956618,-0.0613013263932443,-0.128256301011926,0.386541230493286
13.67,-0.180933203953755,0.213216786890955,1.20735035273229,0.0316079134872228,-0.0683936283565612,-0.051201255500356,0.160752325337949,-0.00910004403655176,0.0153884366912486,-0.0612117038948117,-0.128454252686683,0.386064847353588
13.68,-0.180609079421263,0.212532737498959,1.20683865633855,0.033214549914364,-0.0685445393645493,-0.0509580710288692,0.161006073926319,-0.00132092556189142,0.00667725906034363,-0.0611167088853077,-0.128651350886383,0.385589152808397
13.69,-0.180268912955468,0.211845896103664,1.20633119131171,0.0348280349657494,-0.0684200468677991,-0.0510677103191491,0.161259358995443,0.00678789684076346,-0.00270076193154434,-0.0610162387740335,-0.128848057864285,0.385114425150211
13.7,-0.179912518721948,0.211164336561603,1.20581730213217,0.0364397370942731,-0.0684087814277341,-0.0510120862675001,0.161153331353173,-0.000299305282390478,0.00824676141463875,-0.060910646749055,-0.12904288366111,0.38464004101553
13.71,-0.179540118213583,0.21047772047511,1.20531094958636,0.0380511015928128,-0.0684260329734469,-0.0509027750908564,0.161203142763709,0.000527836967051398,0.00877711020419501,-0.0607994996701934,-0.129237720053655,0.384166917906653
13.72,-0.179151496690092,0.209795815902134,1.20479924663035,0.0396637999495472,-0.068398224688393,-0.0508365440634162,0.161057526442486,-0.00695443139187028,0.0204243248791433,-0.0606832239634235,-0.129430765765477,0.383694301372736
13.73,-0.178746842214592,0.209109755981342,1.20429421870509,0.0412722521216625,-0.0685651216012843,-0.0504942885932735,0.161316103985336,0.00655683030786905,0.00388214513924465,-0.0605614490064726,-0.129623638007158,0.383222999577876
13.74,-0.178326051647659,0.208424513470108,1.20378936085849,0.0428901220292539,-0.0682670880822357,-0.0507589011606313,0.161537303031568,0.0162355064867867,-0.00761352078659845,-0.0604343992646652,-0.129815418725508,0.382752648129027
13.75,-0.177889039774007,0.207744414219697,1.20327904068188,0.0445029981822938,-0.0682404114715485,-0.0506465590090055,0.161023134844794,-0.00781546255050769,0.0261071119985768,-0.0603022713642268,-0.130005310146937,0.382282937671787
13.76,-0.177435991684013,0.207059705240677,1.20277642967831,0.0461105847261497,-0.0684233973332458,-0.0502367589206598,0.160970166037239,-0.00451211617365399,0.0233956356551211,-0.0601646526617124,-0.130195089704076,0.38181473957662
13.77,-0.176966828079484,0.206375946273032,1.20227430550347,0.0477224015030387,-0.0683306537950216,-0.050178646295903,0.161168723918348,0.00914193417936381,0.0067027187597975,-0.0600218013855832,-0.13038373165387,0.381347662617956
13.78,-0.176481543653952,0.205693092164777,1.20177285675239,0.0493339592045169,-0.0682405586496585,-0.0501027045454638,0.16104478383323,0.0182057347244722,-0.0037062025595177,-0.0598737241679956,-0.130571238495806,0.380881757456777
13.79,-0.175980148895393,0.205011135100039,1.20127225141256,0.0509432971797033,-0.0679665391005322,-0.0502527703470934,0.16114735112268,0.0162024519553144,0.000293625119773828,-0.0597204337246679,-0.130757605150698,0.380417082210442
13.8,-0.175462677710358,0.204333761382766,1.20076780134545,0.0525569062269704,-0.0679165096105522,-0.0500968320430683,0.161087880636783,-0.00347548309430422,0.0277805681397912,-0.059562129768394,-0.130942155128574,0.379953410218125
13.81,-0.174929010770854,0.203652804907828,1.2002703147717,0.0541650547924389,-0.0680360487624183,-0.0496971589842976,0.160466614375916,-0.000128474938257408,0.0254092695822784,-0.0593983883651541,-0.131126365862421,0.379491397609158
13.82,-0.174379376614509,0.202973040407518,1.19977385816576,0.0557662385144887,-0.0679190791093174,-0.0495886466514228,0.160292273653155,0.0116433293445582,0.0114458899952436,-0.0592295207091119,-0.131309364902874,0.379030799938681
13.83,-0.173813686000564,0.202294423325642,1.19927854183867,0.0573709002655019,-0.0678031821755271,-0.0494682411843927,0.160363465270825,0.0117347107200102,0.0126390566285164,-0.059055507751304,-0.1314911531391,0.378571639778128
13.84,-0.173231958609199,0.201616976764007,1.19878449334207,0.0589735078199051,-0.0676843848949172,-0.0493358655188524,0.160149046354601,0.0120774667670502,0.0137659602574807,-0.0588763662659757,-0.131671720554145,0.378113972076232
13.85,-0.172634215844166,0.200940735627743,1.19829182452829,0.0605738811925938,-0.0675616328401861,-0.0491929219792431,0.159657693328188,0.0126024919013193,0.0148100488924726,-0.0586921140548128,-0.131851055118124,0.377657850635822
13.86,-0.172020480985347,0.200265744107203,1.19780063490249,0.0621666616864691,-0.0674323350568908,-0.049039664541003,0.159363179345046,0.0131162218829547,0.0157375335916337,-0.0585027698613218,-0.132029143259732,0.377203328315753
13.87,-0.171390882610437,0.199592088926606,1.19731103123747,0.063761144779495,-0.067299308402527,-0.0488781713074104,0.159559791004174,0.0134970557689805,0.016527219659284,-0.058308386997909,-0.132205967779007,0.376750476066809
13.88,-0.170745258089757,0.198919757939153,1.19682307147634,0.0653578575065525,-0.0671623939415112,-0.0487091201478173,0.159297237326349,0.0140822154936357,0.0173131961017655,-0.0581089236297727,-0.132381518278019,0.376299311305202
13.89,-0.170083725460306,0.198248841047775,1.19633684883451,0.0669470895260219,-0.0670176640926543,-0.0485319073853751,0.158558858913423,0.0100388505052537,0.0245195023806944,-0.0579044297644068,-0.132555776790205,0.375849901159219
13.9,-0.169406316299237,0.1975794046573,1.19585243332863,0.0685290346848209,-0.0669616169314061,-0.0482187301002034,0.158329991424781,0.0118089944363411,0.0236884137461155,-0.0576949273259594,-0.132728726344357,0.375402295928557
13.91,-0.168713144766609,0.196909608709147,1.19537247423251,0.0701136893545174,-0.0667814842039275,-0.0480581391104528,0.158186283459531,0.0180114546056997,0.0169014271711461,-0.057480372469172,-0.132900696913752,0.374956720436437
13.92,-0.168004042512147,0.196243774973221,1.19489127054642,0.0716927603540114,-0.0666013878392921,-0.0478807015567805,0.15771501676222,0.0183458539487942,0.0180898509246536,-0.0572609286290729,-0.133070896656906,0.374512830086018
13.93,-0.167279289559529,0.195577580952361,1.19441486020137,0.0732679896897618,-0.0664145671249516,-0.0476963420919597,0.157248666533765,0.0175741997164735,0.0207343934662697,-0.0570364845399205,-0.133240109667651,0.374071087136854
13.94,-0.166538682718351,0.194915483630722,1.19393734370459,0.0748377336846869,-0.0662499038449626,-0.0474660136874551,0.15684660516224,0.0183481153978414,0.0212708101791175,-0.0568071979602851,-0.133407519090591,0.373631128215379
13.95,-0.165782534885835,0.194252582875462,1.19346553992763,0.0764049217930068,-0.0660476048169947,-0.0472709258883773,0.156497130584097,0.0193035948428522,0.0215205402413055,-0.0565729410886969,-0.133574013617729,0.373193468998488
13.96,-0.165010584282491,0.193594531534382,1.19299192518682,0.0779676762963688,-0.0658638319481056,-0.047035602882629,0.155927800842219,0.020070386135274,0.0221374128950299,-0.0563339089616033,-0.133738559990082,0.37275763271905
13.97,-0.164223181359908,0.1929353062365,1.19252482786997,0.0795234778098511,-0.0656461970942893,-0.0468281776304768,0.155344380570611,0.0206628124984486,0.0229781525368242,-0.0560899330096343,-0.1339022496283,0.37232423563789
13.98,-0.163420114726294,0.192281607592497,1.19205536163421,0.081074563907781,-0.0654505756981366,-0.0465760398318925,0.154905549625002,0.0214407779299692,0.0234727813019931,-0.0558412714669148,-0.134063863784123,0.371892721606589
13.99,-0.162601690081752,0.191626294722537,1.19159330707333,0.0826215888023511,-0.0652173815356899,-0.0463587220044369,0.15436156731282,0.0223471127987219,0.0238416328374189,-0.055587690530432,-0.134224692294495,0.371463790512434
14,-0.161767682950247,0.190977259961783,1.19112818719412,0.0841617952540373,-0.0650036334421622,-0.0460992071751441,0.153514915342379,0.0170041058306206,0.0326551289072486,-0.0553294981933005,-0.134383303049638,0.371036781844266
14.01,-0.160918454176672,0.190326222053694,1.19067132292983,0.0856918871091986,-0.0648772994190775,-0.0457056194262919,0.153146780549224,0.0238728437361527,0.0249806137927262,-0.0550664257231195,-0.134541191736655,0.370612501062844
14.02,-0.160053845208063,0.189679713973401,1.19021407480559,0.087224730865022,-0.0645261765674391,-0.0455995948992896,0.152819221373264,0.0301658712859601,0.0180410174869432,-0.0547987361252407,-0.134697174080994,0.370190411321392
14.03,-0.159173959559371,0.189035698522345,1.18975933103185,0.0887482715366641,-0.0642739819933583,-0.0453447990765531,0.151981286111413,0.0255651845237825,0.0258236017534259,-0.0545263727173851,-0.134851614376878,0.369770745759344
14.04,-0.15827887977733,0.188394234333534,1.18930717882406,0.0902643565872502,-0.0640148728769635,-0.0450831228642211,0.151268898109451,0.0263083345599531,0.0264203722427645,-0.0542493700943029,-0.13500450021199,0.369353554958951
14.05,-0.157368672427626,0.187755401064806,1.18885766857456,0.091773649498853,-0.0637478153021592,-0.0448163916316978,0.150576608869974,0.0271022976852677,0.0269259313090418,-0.0539677585980514,-0.135155814760011,0.368938884600413
14.06,-0.156443406787353,0.187119278027491,1.18841085099143,0.0932758887646496,-0.0634728269232581,-0.0445446042380402,0.149858607552198,0.0278953044462889,0.0274300871855328,-0.0536815691223213,-0.135305541433506,0.368526780161404
14.07,-0.155503154652333,0.186485944526341,1.1879667764898,0.0947708216498969,-0.0631899092132334,-0.0442677898879871,0.149212314989814,0.0288116215315526,0.0277310408974842,-0.0533908330618808,-0.135453663816896,0.368117286835779
14.08,-0.154547990354355,0.185855479843226,1.18752549519367,0.0962601350644458,-0.0628965944926271,-0.0439899834200906,0.148453749658431,0.029611832924882,0.0282163634085521,-0.0530955823094423,-0.135600165669099,0.367710449529637
14.09,-0.153577951951044,0.185228012636488,1.1870869768214,0.0977398966430655,-0.0625976725547358,-0.0437034626198161,0.147476436071474,0.0301648019052781,0.0290986765007768,-0.0527958393900395,-0.135745020192333,0.367306304020943
14.1,-0.152593192421494,0.184603526392132,1.18665142594127,0.0992096637858752,-0.0622932984545215,-0.0434080098900751,0.146647970337384,0.0309488367672379,0.0296028869264065,-0.0524916557492883,-0.135888232187233,0.36690491171883
14.11,-0.151593758675327,0.183982146667398,1.1862188166236,0.100672856049813,-0.061978695819391,-0.0431114048812879,0.145889729643526,0.0318551739718338,0.0299045204647242,-0.052183055921964,-0.136029775947769,0.366506308355204
14.12,-0.150579735300497,0.183363952475744,1.18578919784365,0.102127458378746,-0.0616561949750848,-0.0428099194807805,0.145017632017417,0.0326445841489952,0.0303909044195069,-0.0518700737446445,-0.136169635956438,0.366110537642269
14.13,-0.149551209507752,0.182749022767896,1.18536261823398,0.103573208690162,-0.0613258041364111,-0.0425035867928978,0.144119308785265,0.0334330437793559,0.030874020507389,-0.0515527435404902,-0.136307796876023,0.365717642980678
14.14,-0.148508271126694,0.182137436393015,1.18493912610779,0.105009844554451,-0.0609875340994977,-0.0421924390706328,0.143194689980619,0.0342203591299093,0.0313538801921545,-0.0512311001093596,-0.136444243555107,0.365327667455348
14.15,-0.147451012616663,0.181529272085906,1.18451876945257,0.106437102489774,-0.0606413969538129,-0.0418765091890547,0.142243673882318,0.0350063993939679,0.0318304222202151,-0.0509051787239146,-0.136578961029689,0.364940653830709
14.16,-0.146379529076899,0.180924608453939,1.18410159592401,0.107854718032097,-0.0602874061116184,-0.0415558306262285,0.141266165761204,0.0357910308199803,0.0323035872862323,-0.0505750151256679,-0.136711934524782,0.364556644545993
14.17,-0.145293918256021,0.180323523963674,1.18368765284004,0.109262425804998,-0.0599255763374134,-0.0412304374433301,0.14026207789182,0.0365741167336502,0.0327733180706835,-0.0502406455209856,-0.136843149456034,0.364175681710584
14.18,-0.144194280560799,0.179726096927191,1.18327698717514,0.110659959589934,-0.0595559237769454,-0.0409003642648148,0.139231329616458,0.0373555176087617,0.0332395592030478,-0.0499021065770499,-0.136972591431332,0.363797807099411
14.19,-0.143080719064222,0.179132405488135,1.18286964555475,0.112047052397327,-0.0591784659852381,-0.0405656462592691,0.138173847450822,0.0381350912497082,0.0337022570566057,-0.0495594354177889,-0.137100246252419,0.363423062148405
14.2,-0.141953339512852,0.178542527607486,1.18246567424996,0.11342343653895,-0.0587932219519512,-0.0402263191236827,0.137089565242377,0.0389126930446124,0.0341613594393872,-0.049212669619778,-0.137226099916509,0.363051487950003
14.21,-0.140812250333443,0.177956541049096,1.18206511917227,0.114788843702175,-0.0584002121243458,-0.0398824190704814,0.135978424407746,0.0396881761960418,0.0346168152826083,-0.0488618472081181,-0.137350138617894,0.362683125248701
14.22,-0.139657562638809,0.177374523364999,1.18166802586855,0.116143005027105,-0.0579994584280304,-0.0395339828180305,0.134840374201936,0.0404613919968032,0.0350685742794861,-0.0485070066522911,-0.13747234874955,0.362318014436661
14.23,-0.138489390232901,0.176796551880535,1.18127443951591,0.117485651186214,-0.0575909842844098,-0.0391810475848917,0.133675372024709,0.0412321900835499,0.0355165865717503,-0.0481481868619911,-0.137592716904723,0.361956195549353
14.24,-0.137307849615084,0.176222703679311,1.18088440491685,0.118816512467599,-0.0571748146263594,-0.0388236510865955,0.132483383793326,0.0420004186199604,0.0359608024674844,-0.0477854271829348,-0.137711229878507,0.361597708261245
14.25,-0.136113059983549,0.175653055588008,1.18049796649418,0.12013531886208,-0.0567509759120106,-0.038461831535542,0.131264384286588,0.0427659244202095,0.0364011722960343,-0.0474187673926412,-0.137827874669388,0.361242591881528
14.26,-0.134905143237843,0.175087684161071,1.18011516828614,0.121441800153331,-0.0563194961379552,-0.0380956276406748,0.130018357498502,0.0435285530093024,0.0368376463579227,-0.0470482476961831,-0.137942638480778,0.360890885349874
14.27,-0.133684223980482,0.174526665665249,1.17973605394137,0.12273568601205,-0.0558804048518245,-0.0377250786083835,0.12874529699993,0.0442881486462353,0.0372701749022329,-0.046673908721903,-0.138055508722517,0.360542627232235
14.28,-0.132450429517602,0.173970076064034,1.17936066671397,0.12401670609333,-0.0554337331650304,-0.0373502241426301,0.127445206268349,0.0450445542326711,0.037698708284351,-0.0462957915170906,-0.138166473012354,0.360197855716671
14.29,-0.131203889858616,0.173417991001948,1.17898904945852,0.125284590137417,-0.0549795137671711,-0.0369711044426965,0.126118099004138,0.0457976111864509,0.0381231971735581,-0.0459139375436184,-0.138275519177397,0.359856608609214
14.3,-0.129944737714853,0.172870485788691,1.17862124462512,0.126539068073413,-0.0545177809413014,-0.036587760199159,0.124763999437288,0.0465471593367343,0.0385435927641194,-0.0455283886735297,-0.138382635255555,0.359518923329767
14.31,-0.128673108497148,0.172327635383122,1.17825729425453,0.127779870126163,-0.0540485705804364,-0.0362002325874141,0.123382942665012,0.0472930367970848,0.0389598469896517,-0.0451391871845798,-0.138487809496946,0.359184836908044
14.32,-0.12738914031233,0.171789514377082,1.17789723997337,0.129006726926713,-0.0535719202053598,-0.035808563259366,0.121974974994955,0.0480350798508937,0.0393719127334007,-0.0447463757557211,-0.138591030365304,0.358854385979544
14.33,-0.126092973958613,0.171256196979015,1.17754112298935,0.130219369626062,-0.0530878689834186,-0.0354127943327461,0.120540154331909,0.0487731229469761,0.0397797439327678,-0.0443499974625312,-0.138692286539356,0.358527606781568
14.34,-0.124784752919809,0.170727756997414,1.17718898408671,0.131417530013351,-0.0525964577464203,-0.0350129683807106,0.119078550633353,0.0495069988319222,0.0401832954739946,-0.0439500957725765,-0.138791566914202,0.358204535149278
14.35,-0.123464623358346,0.170204267824087,1.17684086362173,0.132600940638729,-0.0520977290067801,-0.0346091284232662,0.117590246409412,0.0502365388142988,0.0405825229173155,-0.0435467145407032,-0.138888860602658,0.3578852065118
14.36,-0.122132734107034,0.169685802417278,1.17649680151825,0.133769334941539,-0.0515917269701342,-0.0342013179223643,0.116075337262365,0.050961573280816,0.040977381957474,-0.0431398980042487,-0.138984156936595,0.357569655888362
14.37,-0.120789236659515,0.169172433284684,1.17615683726328,0.134922447383976,-0.0510784975411638,-0.0337895807841167,0.114533932446788,0.0516819324531355,0.0413678275455626,-0.0427296907781608,-0.139077445468231,0.357257917884476
14.38,-0.119434285159355,0.168664232466455,1.17582100990256,0.136060013590475,-0.0505580883210715,-0.033373961371453,0.112966155359707,0.0523974473661004,0.0417538127389669,-0.0423161378500189,-0.139168715971378,0.356950026688162
14.39,-0.118068036387706,0.168161271518263,1.17548935803585,0.13718177049117,-0.0500305485938418,-0.0329545045293374,0.111372143858894,0.0531079510644066,0.042135287335878,-0.0418992845749445,-0.139257958442624,0.356646016066189
14.4,-0.116690649749531,0.167663621494578,1.17516191981198,0.138287456467653,-0.0494959292997834,-0.0325312556247355,0.109752050332893,0.053813279816686,0.0425121964708913,-0.0414791766704052,-0.139345163102419,0.356345919360353
14.41,-0.115302287258353,0.167171352932267,1.17483873292336,0.139376811497828,-0.0489542829975081,-0.0321042605999196,0.108106041376154,0.0545132741695842,0.0428844794608827,-0.0410558602109136,-0.139430320396054,0.356049769483771
14.42,-0.113903113519575,0.166684535834628,1.17451983459998,0.140449577295176,-0.0484056638163918,-0.0316735660355179,0.106434297020183,0.0552077795276032,0.0432520692746094,-0.0406293816226411,-0.139513420994506,0.355757598917191
14.43,-0.112493295712449,0.166203239655939,1.17420526160265,0.141505497438232,-0.047850127406956,-0.0312392192144274,0.104737009511226,0.0558966458677472,0.0436148931127992,-0.0401997876779755,-0.139594455795154,0.355469439705311
14.44,-0.11107300357081,0.165727533286489,1.17389505021569,0.142544317485401,-0.0472877308990367,-0.0308012681732618,0.103014381752849,0.0565797263507514,0.0439728744132374,-0.0397671254900641,-0.139673415922373,0.355185323453118
14.45,-0.109642409362741,0.165257485037958,1.17358923623918,0.143565785073289,-0.0467185328799409,-0.0303597617261626,0.101266625670538,0.0572568746915613,0.0443259364583987,-0.0393314425073924,-0.139750292728046,0.354905281322256
14.46,-0.108201687869344,0.16479316262889,1.17328785498117,0.144569649998811,-0.0461425934052055,-0.0299147494440939,0.0994939608096581,0.057927941471833,0.0446740073301053,-0.0388927865084416,-0.139825077792047,0.354629344027439
14.47,-0.106751016362765,0.164334633169854,1.1729909412503,0.145555664289482,-0.0455599740505043,-0.0294662815795605,0.0976966134993339,0.058592770011137,0.0450170254157076,-0.0384512055964638,-0.139897762922793,0.354357541832951
14.48,-0.105290574583555,0.16388196314788,1.17269852934958,0.146523582268798,-0.0449707380049828,-0.0290144089357797,0.0958748168010774,0.0592511929743021,0.0453549439860554,-0.0380067481943874,-0.139968340157923,0.354089904549249
14.49,-0.103820544717389,0.163435218409755,1.17241065307159,0.147473160625504,-0.0443749501910183,-0.0285591826998394,0.0940288113032393,0.0599030313517434,0.0456877326215928,-0.0375594630398433,-0.140036801765199,0.353826461529725
14.5,-0.102341111371045,0.16299446414406,1.17212734569558,0.148404158494863,-0.043772677377948,-0.0281006542833479,0.0921588467645013,0.0605480981677313,0.0460153722649096,-0.0371093991802829,-0.140103140243635,0.353567241667619
14.51,-0.100852461547492,0.162559764862196,1.17184863998592,0.149316337560794,-0.0431639882276637,-0.0276388752545412,0.0902651850885847,0.0611862106926958,0.046337838638507,-0.0366566059681533,-0.140167348324796,0.353312273393084
14.52,-0.0993547846198288,0.162131184379506,1.17157456819049,0.150209462196634,-0.042548953164094,-0.0271738975105777,0.0883481065026832,0.0618172168467265,0.0466550658816261,-0.0362011330560884,-0.140229418974073,0.353061584670278
14.53,-0.0978482723035592,0.161708785798914,1.17130516203571,0.151083299690847,-0.0419276438907291,-0.0267057739369087,0.0864079235566908,0.0624410431447838,0.0469668796664248,-0.0357430303920536,-0.140289345391462,0.352815202994246
14.54,-0.0963331186260119,0.161292631501692,1.17104045271175,0.151937620667768,-0.0413001323011983,-0.0262345599172492,0.0844450097118134,0.0630577676044602,0.0472728947437127,-0.0352823482142407,-0.140347121011013,0.352573155387096
14.55,-0.0948095198902038,0.16088278315289,1.17078047083736,0.152772199885084,-0.0406664885386399,-0.0257603160420344,0.0824598430430899,0.063667697727951,0.0475724057152925,-0.0348191370451521,-0.14040273949749,0.352335468392604
14.56,-0.0932776746283103,0.160479301730919,1.17052524639091,0.15358681752863,-0.0400267783466393,-0.0252831118029434,0.0804530323472764,0.0642713724582938,0.0478643887091866,-0.0343534476836996,-0.140456194738361,0.352102168068206
14.57,-0.0917377835396313,0.160082247585957,1.1702748086013,0.154381260532029,-0.039381061089474,-0.0248030282678507,0.0784252191228896,0.0648693113560639,0.0481478671748879,-0.0338853311938468,-0.140507480830012,0.351873279973972
14.58,-0.0901900494176698,0.159691680509129,1.17002918582555,0.155155321911088,-0.0387293921195181,-0.0243201544594456,0.0763767064113798,0.0654612981551589,0.0484229294017723,-0.0334148388904564,-0.140556592061449,0.351648829161072
14.59,-0.0886346771014096,0.159307659743567,1.16978840551212,0.155908794660257,-0.0380718351263709,-0.0238345696798153,0.0743069149282074,0.06604526214492,0.0486922534227387,-0.0329420223306386,-0.14060352290911,0.351428840168143
14.6,-0.0870718735244647,0.158930243806602,1.16955249443196,0.156641460209652,-0.0374084868766197,-0.0233463093909909,0.0722144851056976,0.0666167116727474,0.0489617500938226,-0.0324669333289687,-0.140648268069577,0.351213337039061
14.61,-0.0855018478972164,0.158559490006034,1.1693214793243,0.157353084362371,-0.0367395008929159,-0.0228553346779388,0.070099041042137,0.0671707727919024,0.0492376126114465,-0.0319896240041547,-0.140690822553558,0.351002343368926
14.62,-0.0839248118372171,0.158195453788744,1.1690953877384,0.158043441030495,-0.0360650714207816,-0.0223615571387619,0.0679410450438956,0.0676228167101813,0.0496338376475674,-0.0315101468055882,-0.14073118180854,0.35079588235608
14.63,-0.0823409790766065,0.157838188577619,1.16887424818152,0.158711905263249,-0.0353870445587123,-0.0218626579249874,0.0658078217823127,0.0681984331166203,0.049844708593929,-0.031028554426436,-0.140769341733647,0.350593976800714
14.64,-0.0807505737319522,0.157487712897569,1.1686581345799,0.159359597466141,-0.0347011027584492,-0.0213646629668833,0.0636419016221093,0.0688166140201706,0.0499803545922516,-0.0305449012597258,-0.140805304909618,0.350396652198348
14.65,-0.0791537871272838,0.15714416652245,1.16844695492218,0.159984743295691,-0.0340107122783089,-0.0208630508331424,0.0614572311484165,0.0693222844748463,0.0502500867438659,-0.0300592353130173,-0.140839050776733,0.350203922069838
14.66,-0.0775508788660384,0.156807498652003,1.16824087356324,0.160588742089109,-0.0333146570689523,-0.020359661232006,0.0592338113970135,0.0698437569358918,0.0504899142206327,-0.029571619061167,-0.140870596037695,0.350015817134794
14.67,-0.0759420122855017,0.156477873381071,1.16803976169754,0.161169419523631,-0.0326138371395911,-0.0198532525487298,0.0569980283182113,0.0703002221071115,0.0507882973949983,-0.0290820918681079,-0.140899914222602,0.349832347717898
14.68,-0.0743274904755659,0.156155221909211,1.16784380851226,0.161728702655473,-0.0319086526268101,-0.0193438952841061,0.0548801858176994,0.0708685451081234,0.0509012353506457,-0.0285907285199988,-0.140927027202363,0.349653546082223
14.69,-0.072707438232392,0.155839700328534,1.16765288379186,0.162267023239985,-0.0311964662374285,-0.0188352278417168,0.0525324311438514,0.071305285430639,0.0512121122064007,-0.0280975556964093,-0.140951908525943,0.349479419590939
14.7,-0.071082150010766,0.155531292584463,1.16746710395543,0.162779351278351,-0.0304825469181972,-0.018319653039978,0.0502485771671582,0.0717613263724636,0.0514188207633457,-0.0276026466171245,-0.140974570026058,0.349309995201212
14.71,-0.0694518512068251,0.15523004939017,1.16728649073106,0.163271994783328,-0.0297612397099793,-0.0178068514264499,0.0480493694838779,0.0722734831450803,0.0515366226816495,-0.0271060548681977,-0.140995008067867,0.349145292858821
14.72,-0.0678167101150995,0.154936067790263,1.1671109669269,0.163740338668028,-0.0290370772552956,-0.017288920586345,0.0456384916012002,0.0726807143924844,0.0518599083482196,-0.0266078189349346,-0.141013211252119,0.348985315488689
14.73,-0.0661770444334646,0.154649307845065,1.16694071231933,0.164184764615352,-0.0283076254221296,-0.0167696532594856,0.0433475666899658,0.073209885006548,0.0519318993874606,-0.0261080160740459,-0.141029192888291,0.348830103986353
14.74,-0.0645330148227925,0.154369915281821,1.16677557386171,0.164607290001827,-0.0275728795551647,-0.0162502825985959,0.0409708038234489,0.0734805337971493,0.0523709384392412,-0.0256066837721816,-0.141042933273114,0.348679653173781
14.75,-0.0628848986334281,0.154097850253961,1.16661570666736,0.165004180691821,-0.0268380147461867,-0.0157222344907008,0.0386347795826436,0.0739294709715063,0.0525198963425431,-0.0251038870766591,-0.141054445466147,0.348533995725972
14.76,-0.0612329312089561,0.153833154986897,1.16646112917189,0.16537998559348,-0.0260942901357346,-0.015199884671745,0.0363578130297113,0.0745109166233307,0.0524325112167341,-0.0245996814416062,-0.141063728273208,0.348393147512606
14.77,-0.0595772989215583,0.153575964451247,1.16631170897393,0.165731336952415,-0.0253477964137199,-0.014673584266366,0.0338881955712749,0.0747300381171767,0.0529021930111695,-0.0240941108246605,-0.141070764093522,0.348257106719016
14.78,-0.0579183044699076,0.153326199058623,1.16616765748657,0.166057749504906,-0.024599689373391,-0.0141418408115216,0.0316209669748345,0.0752563177499767,0.0528263627130247,-0.023587245959705,-0.14107557326428,0.348125910991664
14.79,-0.0562561439314602,0.153083970663779,1.1660288721577,0.166363756291912,-0.0238426700587204,-0.0136170570121055,0.0293066207863852,0.075743044546248,0.0528030549623604,-0.0230791325956112,-0.141078142447519,0.347999560437026
14.8,-0.0545910293440694,0.152849345657448,1.16589531634632,0.166643881920633,-0.0230848284824661,-0.0130857797122744,0.0270007317541335,0.0826771944163092,0.0441058254113688,-0.0225698195389899,-0.141078466470575,0.347878061189673
14.81,-0.0529232662930476,0.152622274094129,1.16576715656345,0.166903770926995,-0.0221891261703943,-0.0127349405038782,0.0243009715228398,0.0762844594823958,0.0534624896664249,-0.0220593788479079,-0.141076560368416,0.347761446674361
14.82,-0.0512529539255296,0.15240556313404,1.16564061753625,0.16712990135109,-0.0215591392928182,-0.0120165299189459,0.0213304608107275,0.0629151150052824,0.0722036266637168,-0.0215479101557692,-0.141071937660145,0.34764944361442
14.83,-0.0495806682660259,0.152191091308273,1.16552682596507,0.167330380143209,-0.0209308238702887,-0.0112908679706039,0.0197141397773067,0.0825958774593912,0.046024316294748,-0.0210353168980766,-0.141066030865735,0.347542891967116
14.84,-0.0479063463226655,0.151986946656634,1.16541480017683,0.167524184146636,-0.0199072217436304,-0.011096043593051,0.0175157183383696,0.0844002727994261,0.0442024212910434,-0.0205218147346281,-0.14105742976776,0.347440978009673
14.85,-0.0462301845830932,0.151792946873401,1.16530490509321,0.167680694509977,-0.0192428184143002,-0.010406819544783,0.0142814059330036,0.0662207984372766,0.0694138059082316,-0.0200074336704072,-0.141046163964108,0.347343757275513
14.86,-0.0445527324324657,0.151602090288348,1.16520666378594,0.167809812265296,-0.0185828057748848,-0.00970776747488623,0.0120670429412806,0.0776646793880312,0.0543475391622873,-0.0194921124243884,-0.141033477648578,0.347251928068905
14.87,-0.0428739883377871,0.151421290757903,1.16511074974371,0.167922035368802,-0.0176895248265394,-0.00931986876153721,0.0100803748620886,0.0882203381546199,0.0405416586423821,-0.0189760405767776,-0.141018161085145,0.347164816151292
14.88,-0.0411942917250898,0.151248299791818,1.16502026641071,0.168011419762538,-0.0168183990117924,-0.00889693430203861,0.00736864227812177,0.0785728398851361,0.0541204336917979,-0.0184592344752635,-0.141000616778797,0.347082658575245
14.89,-0.0395137599425364,0.151084922777667,1.16493281105767,0.168069408214365,-0.0161180680288368,-0.00823746008770127,0.00480684273114495,0.0737231525060919,0.0611557567947755,-0.0179417630990812,-0.140980530817846,0.347005287767715
14.9,-0.0378329035608026,0.150925938431241,1.16485551720895,0.168107556617161,-0.0153439359616706,-0.00767381916614312,0.00230072515415852,0.0789310120841191,0.054519603429617,-0.0174236105549542,-0.140958831666415,0.346933235363567
14.91,-0.0361516088101932,0.150778044058434,1.16477933467435,0.168115422717448,-0.0145394477871544,-0.00714706801910896,-0.000477616511289368,0.0791265519174723,0.0546654983935048,-0.0169049176623624,-0.140934342908569,0.346865843813515
14.92,-0.0344705951064537,0.150635149475498,1.16471257584857,0.168098004286935,-0.0137614049233212,-0.00658050919827305,-0.00238955010229419,0.0841964289328891,0.048154284987308,-0.0163857103503274,-0.140908153656574,0.346803729719265
14.93,-0.0327896487244546,0.150502815959967,1.16464772449039,0.168067631715402,-0.0128555192084967,-0.00618398231936282,-0.00476894776022497,0.0833578388904715,0.0496463926624949,-0.0158660619688291,-0.140879281078859,0.346746347804857
14.94,-0.0311092424721454,0.150378039091328,1.16458889620219,0.168002625331731,-0.0120942481455116,-0.00558758134502309,-0.00766442751942796,0.0766316517267306,0.0591176218650267,-0.0153460123155483,-0.140848265659098,0.346694005618842
14.95,-0.0294295962178197,0.150260930997057,1.16453597286348,0.167914343165013,-0.011322886173962,-0.0050016298820622,-0.0100564577862077,0.0775406668114731,0.0581940359023257,-0.0148256126045964,-0.140815093383512,0.346646700139397
14.96,-0.0277509556088452,0.150151581367849,1.16448886360454,0.167801496176007,-0.0105434348092822,-0.0044237006269766,-0.0125122243830034,0.0782711117801349,0.0574859076746284,-0.0143049215537215,-0.140779755445916,0.346604429303053
14.97,-0.0260735662942997,0.150050062300871,1.16444749885095,0.167664098677353,-0.00975746393835929,-0.00385191172856966,-0.0149657714560675,0.0788612876536538,0.0569439635222959,-0.0137839974175606,-0.140742246147746,0.346567192051691
14.98,-0.0243976736352982,0.149956432089081,1.16441182536997,0.167502180746885,-0.00896620905620918,-0.0032848213565307,-0.0174162873794157,0.0793407391964963,0.0565291507054224,-0.0132628980253595,-0.140702562207194,0.346534988028021
14.99,-0.022723522679362,0.149870738119747,1.16438180242381,0.167315772929765,-0.00817064915442939,-0.00272132871446124,-0.0198638938867572,0.0797321745875413,0.056211240358486,-0.0127416808773114,-0.140660702246028,0.346507817319171
15,-0.021051358176703,0.149793019105993,1.16435739879568,0.16710490286915,-0.00737156556445838,-0.00216059654936101,-0.0225924365160728,0.0801041205547907,0.0560584253295288,-0.0122204032335208,-0.140616666397565,0.346485680254426
15.01,-0.0193814246219791,0.149723306808458,1.16433859049283,0.166863924199444,-0.00656856674333362,-0.00160016020787069,-0.0251520783401027,0.080388725400651,0.0558882672385706,-0.0116991221948635,-0.140570456005847,0.346468577247989
15.02,-0.0177140796927139,0.149661647771126,1.16432539559153,0.166601861302348,-0.00576379105644525,-0.00104283120458952,-0.0271767364109133,0.0805474351840367,0.0555493404830091,-0.011177927411087,-0.140522067828669,0.346456529160071
15.03,-0.0160493873959319,0.149608030987329,1.16431773386874,0.166320389471225,-0.00495761803965277,-0.000489173398210429,-0.0295719864820555,0.0807459346229472,0.0553643073447607,-0.0106568244281463,-0.14047151458489,0.346449500867353
15.04,-0.0143876719032894,0.149562495410333,1.16431561212356,0.166010421572707,-0.00414887236398634,6.44549423056709e-05,-0.0322251906488956,0.080930572454594,0.0553285058679821,-0.0101358934302926,-0.140418794797085,0.346447506786954
15.05,-0.0127291789644779,0.149525053540049,1.16431902296758,0.165675885658247,-0.00333900659056093,0.00061739671914919,-0.0346810409827516,0.0810303216118614,0.0552640377515813,-0.00961519206181763,-0.140363913314714,0.346450546552652
15.06,-0.0110741541901246,0.149495715278522,1.16432796005794,0.165316800753052,-0.00252826593174915,0.00116973569733727,-0.0370689689693637,0.0877605580914441,0.0462530539774317,-0.00909477807304138,-0.14030687547175,0.346458619351245
15.07,-0.00942284294941688,0.149474488221414,1.16434241768153,0.16493450627886,-0.00158379542873208,0.0015424577986978,-0.0394521391846392,0.0861965359123149,0.0483252270311339,-0.00857470931348261,-0.140247687034188,0.346471723887248
15.08,-0.00777546406454743,0.149464039369947,1.16435880921392,0.164527757969359,-0.000804335213502889,0.00213624023795993,-0.0420602494251891,0.0717202792469038,0.0678127951186964,-0.00805510047260623,-0.140185884859104,0.34648960326465
15.09,-0.00613228779002977,0.149458401517144,1.16438514248629,0.164093301290356,-0.000149389843794038,0.0028987137010717,-0.0446090559745173,0.0823202597882014,0.0536539247047876,-0.00753587255249288,-0.140122529139431,0.346512820021305
15.1,-0.00449359803874037,0.149461051573071,1.16441678348794,0.163635576849869,0.000842069982261105,0.00320931873205566,-0.0468212420868318,0.0886710273059641,0.0449479768055238,-0.00701717905559709,-0.140057011977162,0.346541054954509
15.11,-0.00285957625303217,0.149475242916789,1.16444932886093,0.16315687644862,0.00162403070232536,0.00379767323718224,-0.04930873874636,0.0780934522832262,0.0590717024562375,-0.00649913674691448,-0.13998876743794,0.34657398575797
15.12,-0.00123046050976776,0.149493532187118,1.16449273695268,0.162649402074942,0.00240393902792573,0.00439075278118049,-0.0518148959989054,0.0788325120255307,0.0580297194002959,-0.00598162819248245,-0.139919118171657,0.346612304149647
15.13,0.000393411788466597,0.149523321697348,1.16453714391655,0.162120578528642,0.00320068094283594,0.00495826762518813,-0.0540711911680672,0.0809490749223464,0.0549674387950751,-0.00546491029978879,-0.139846760291205,0.34665533390708
15.14,0.00201195106080501,0.149557545805975,1.16459190230519,0.16156797825158,0.00402292052637263,0.00549010155708197,-0.0566505936662976,0.086601891883951,0.0473450489435499,-0.0049488372409438,-0.139772954793827,0.346703696183459
15.15,0.00362477135349814,0.149603780107875,1.16464694594769,0.160987566655316,0.00493271878051493,0.00590516860405911,-0.0590714696144855,0.0811483039369516,0.0544621248604905,-0.00443367990760513,-0.139696364622519,0.346756709685511
15.16,0.00523170239391125,0.149656200181585,1.16471000567727,0.160386548859291,0.00564588660511163,0.00657934405429175,-0.0613080175651703,0.0760391722500647,0.0610012849378032,-0.00391934644964828,-0.139618030009099,0.346814893944156
15.17,0.00683250233068388,0.149716697839978,1.16477853282878,0.159761406304012,0.00645350222551619,0.00712519430281515,-0.06370443152586,0.0807222222984755,0.0545165051374046,-0.00340593905868145,-0.139537623182162,0.346878066288294
15.18,0.00842693051999143,0.149785270226095,1.16485250956332,0.159112460228773,0.0072603310510811,0.00766967415703982,-0.0660681914168956,0.0806147416536638,0.0543983560324533,-0.0028935173493654,-0.139455151893398,0.346946219062465
15.19,0.0100147515352596,0.149861904460999,1.16493192631192,0.158440042475674,0.00806579705858957,0.00821316142346429,-0.0684081679811733,0.0804711138528293,0.0542953808508089,-0.00238213963876432,-0.139370625806614,0.347019343893771
15.2,0.0115957313695051,0.149946586167267,1.16501677279179,0.15774429686915,0.0088697533281378,0.00875558177405607,-0.070733478133367,0.0803129327324852,0.0541848217717022,-0.00187186420380772,-0.139284054874149,0.347097431755195
15.21,0.0131696374726425,0.150039299527562,1.1651070379474,0.157025372913007,0.00967205571323924,0.00929685785889831,-0.0730434531159606,0.0801403182117861,0.0540665248666162,-0.0013627492833081,-0.139195449325178,0.347180472965635
15.22,0.0147362388277652,0.150140027281532,1.16520270994897,0.156283427806831,0.0104725596923735,0.00983691227138838,-0.0753373183074365,0.0799532297222244,0.0539404901467334,-0.000854853067582997,-0.139104819666285,0.347268457186643
15.23,0.016295306028779,0.150248750721409,1.16530377619283,0.155518626546858,0.0112711203076837,0.010375667661833,-0.0776142919182421,0.0797516255329095,0.0538067245414742,-0.000348233687371476,-0.13901217668234,0.347361373419153
15.24,0.0178466113587023,0.150365449687686,1.16541022330221,0.154731141968466,0.0120675922030316,0.0109130467622178,-0.0798004260887792,0.0793701082302984,0.0538549260181732,0.000157050797755881,-0.138917531437407,0.347459210000251
15.25,0.0193899288681483,0.15049010256547,1.16552203712807,0.153922618025083,0.0128585224722896,0.0114527661821964,-0.0820370542346339,0.0791324251958725,0.0537142278050397,0.000660942411361796,-0.138820895275558,0.347561954600062
15.26,0.0209250637192039,0.150622620137131,1.16563927862585,0.153090400883773,0.0136502407069491,0.0119873313183186,-0.0844014177382514,0.0792118774780459,0.0531854315171639,0.00116339304808779,-0.138722291985421,0.347669595925752
15.27,0.022451736885824,0.150763107379609,1.16576178375444,0.152234589670318,0.0144427600218507,0.0125164748125397,-0.0866085098331232,0.0789606877306962,0.053010564196649,0.00166432593605743,-0.138621709637949,0.347782117039166
15.28,0.0239697555126104,0.150911475337568,1.1658896081221,0.151358230687111,0.0152294544615631,0.0130475426022517,-0.0887210825898382,0.078528355920355,0.0530189080339439,0.00216369256400679,-0.138519172015481,0.34789950516165
15.29,0.0254789014995661,0.15106769646884,1.16602273460649,0.150460168018521,0.0160133271402577,0.0135768529732186,-0.0908805783594124,0.0782391817857919,0.0528389622711534,0.00266143541435846,-0.138414691603431,0.34802174527308
15.3,0.0269789588729808,0.151231741880373,1.16616114518157,0.149540619119923,0.0167942380972789,0.0141043218476747,-0.0930179092091829,0.0779357801936088,0.052650921354982,0.0031574971058102,-0.138308281149425,0.348148821667343
15.31,0.0284697138819645,0.151403581230786,1.16630482104344,0.148599809834337,0.0175720427441299,0.0146298714003182,-0.095132302759273,0.0776179466668892,0.0524550942399027,0.00365182041477996,-0.138199953681032,0.348280717956906
15.32,0.0299509550696675,0.151583182735256,1.16645374260957,0.147637973064737,0.0183465970306166,0.0151534237324727,-0.0972230592403152,0.0772857394902603,0.0522514739881318,0.0041443482878504,-0.138089722505119,0.348417417071413
15.33,0.0314224733432592,0.151770513171398,1.16660788951809,0.146655348649531,0.019117757533935,0.0156749008800808,-0.0992894914649469,0.0769392252975042,0.052040055141258,0.0046350238542664,-0.137977601207037,0.348558901256499
15.34,0.032884062042658,0.151965537885935,1.16676724062718,0.145652183235438,0.0198853815365667,0.0161942248352979,-0.101330925170811,0.0765784783235222,0.0518208345977991,0.00512379043849814,-0.13786360364969,0.348705152072849
15.35,0.0343355170079679,0.15216822080213,1.16693177401479,0.144628730146115,0.0206493271004054,0.0167113175720368,-0.103346699454149,0.0762035800299223,0.0515938120214988,0.00561059157286495,-0.137747743972471,0.348856150395506
15.36,0.0357766366455805,0.152378524427943,1.16710146697862,0.143585249246355,0.0214094531371652,0.0172261010757279,-0.105336167193956,0.0758146186905139,0.0513589903095742,0.00609537101021836,-0.137630036590084,0.349011876413423
15.37,0.0372072219928952,0.152596409864873,1.16727629603631,0.142522006802236,0.0221656194742158,0.0177384973782283,-0.107298695434859,0.0754116889041824,0.0511163761480425,0.00657807273667763,-0.137510496191253,0.349172309629273
15.38,0.0386270767816252,0.152821836817427,1.16745623692618,0.141439275337658,0.0229176869152489,0.0182484285986887,-0.10923366582209,0.0749948911067004,0.050865980578687,0.00705864098441791,-0.13738913773733,0.349337428859515
15.39,0.0400360074996483,0.153054763603178,1.16764126460828,0.140337333485794,0.0236655172963498,0.0187558169898021,-0.111140475079768,0.0745643311347192,0.0506078195100533,0.00753702024450528,-0.137265976460798,0.349507212234721
15.4,0.041433823451341,0.153295147163354,1.16783135326598,0.139216465836063,0.0244089735379432,0.0192605849888898,-0.113018535501702,0.0741201198422475,0.050341914153431,0.00801315527976782,-0.137141027863698,0.349681637200184
15.41,0.0428203368163695,0.153542943073937,1.16802647630806,0.13807696277576,0.0251479196931947,0.0197626552728707,-0.114867275529799,0.0736623729199363,0.0500682912046878,0.00848699113770084,-0.13701430771596,0.349860680516784
15.42,0.0441953627068561,0.153798105557218,1.16822660637143,0.136919120325467,0.0258822209963419,0.0202619508129835,-0.116729918395472,0.073338330325394,0.0495995923354352,0.00895847316338706,-0.136885832053656,0.350044318262148
15.43,0.0455587192228787,0.154060587493864,1.16843171532432,0.13574236440785,0.0266146862997026,0.0207546471195793,-0.118513223555646,0.0728451583264512,0.049320720460947,0.00942754701242256,-0.136755617177165,0.350232525832085
15.44,0.0469102099950133,0.154330399283212,1.16864169931383,0.134548855854354,0.027339124162871,0.0212483652222025,-0.120177491556796,0.0720433315705187,0.0494106435190223,0.00989415240205458,-0.136623669127069,0.35042527382
15.45,0.048249696339966,0.154607369977121,1.16885668262876,0.133338814576714,0.028055552931113,0.0217428599899599,-0.121908540275226,0.0715400540100687,0.0490983995555659,0.0103582488502994,-0.136490026402715,0.350622544611485
15.46,0.0495769862865476,0.154891510341834,1.16907655651363,0.132110685048849,0.0287699252430724,0.0222303332133138,-0.123653013178951,0.0711736531163635,0.048588058195189,0.0108197761558127,-0.136354695021495,0.350824307380166
15.47,0.0508919100409429,0.155182768481982,1.16930128929303,0.130865754313135,0.0294790259934403,0.0227146211538636,-0.12531598425646,0.0706392409042412,0.0482667935575186,0.0112786812282615,-0.136217692236057,0.351030534808741
15.48,0.0521943013728102,0.155481090861703,1.1695308489367,0.12960436536372,0.0301827100611572,0.0231956690844642,-0.126945219298477,0.0700912981714572,0.0479391173502394,0.0117349114548636,-0.136079035621203,0.351241198908084
15.49,0.0534839973482173,0.155786422683206,1.16976520267472,0.128326849927166,0.0308808519568694,0.0236734035008684,-0.128541077021546,0.0695308761657801,0.0476041399000168,0.0121884146143471,-0.13593874300379,0.351456271020425
15.5,0.0547608383713535,0.156098707900841,1.17000431700672,0.127033543823289,0.0315733275844727,0.0241477518824645,-0.130103159338693,0.0689581186928673,0.0472619587342831,0.0126391388893953,-0.135796832460471,0.351675721823148
15.51,0.056024668224683,0.156417889234895,1.17024815771237,0.125724786740392,0.0322600143307267,0.024618642675554,-0.131631093292671,0.0683731849155411,0.0469126615214563,0.0130870328791427,-0.135653322315488,0.351899521332866
15.52,0.0572753341061615,0.156743908187455,1.17049668986023,0.124400921957436,0.0329407912827837,0.0250860051128937,-0.133124531964444,0.0677762559888481,0.0465563167801847,0.0135320456112683,-0.135508231138083,0.352127638909678
15.53,0.0585126866638319,0.157076705060551,1.17074987781463,0.123062296101103,0.0336155394505038,0.0255497690111578,-0.134583150788051,0.0671675341139367,0.0461929736562696,0.0139741265537735,-0.135361577739491,0.352360043261531
15.54,0.0597365800281835,0.157416218976465,1.17100768524045,0.121709258941675,0.0342841419650624,0.0260098645860191,-0.136006643905647,0.0665472390845606,0.045822665324937,0.0144132256265602,-0.135213381169539,0.352596702448655
15.55,0.0609468718426653,0.157762387899852,1.17127007510635,0.12034216322299,0.034946484232195,0.0264662223176565,-0.137394721285803,0.0659156030125729,0.0454454152720736,0.0148492932129274,-0.135063660712919,0.352837583888058
15.56,0.0621434232926432,0.158115148661109,1.17153700968681,0.118961364515959,0.0356024540253138,0.0269187728914605,-0.138747106944384,0.0652728640509359,0.045061245383395,0.0152822801710836,-0.134912435885223,0.353082654358125
15.57,0.0633260991329844,0.158474436980358,1.17180845056418,0.117567221084103,0.0362519415132136,0.0273674472253244,-0.140063538265611,0.0646192598736273,0.0446701847645079,0.0157121378457359,-0.134759726428858,0.353331880003357
15.58,0.0644947677143252,0.158840187491373,1.17208435863131,0.116160093750646,0.0368948392227863,0.0278121765867507,-0.141343766056306,0.0639550212392259,0.0442722787579049,0.0161388180797812,-0.134605552308957,0.353585226339337
15.59,0.0656493010079973,0.159212333764814,1.17236469409591,0.114740345762976,0.0375310419379981,0.0282528928004825,-0.142587554693197,0.0632803656825192,0.0438675979973307,0.0165622732260978,-0.134449933709392,0.353842658257991
15.6,0.0667895746295849,0.159590808330133,1.17264941648732,0.113308342656782,0.0381604465364368,0.0286895285466973,-0.143794681762327,0.0625954914477533,0.0434562472718794,0.0169824561594349,-0.134292891028996,0.354104140033245
15.61,0.0679154678611331,0.159975542695543,1.17293848466685,0.11186445212773,0.0387829517669533,0.0291220177459201,-0.144964936731317,0.0619005722716003,0.0430383733974931,0.0173993202884136,-0.134134444878098,0.354369635327145
15.62,0.0690268636721395,0.160366467365472,1.17323185684224,0.110409043922156,0.0393984579818688,0.0295502960146472,-0.146098118826577,0.0611957548963426,0.0426141694925848,0.0178128195676857,-0.133974616075463,0.354639107196548
15.63,0.0701236487395762,0.16076351185518,1.17352949058714,0.108942489751198,0.0400068668648801,0.0299743011357718,-0.147194035511097,0.0604811630118578,0.0421838703273964,0.0182229085103356,-0.133813425645682,0.354912518100458
15.64,0.0712057134671634,0.16116660470277,1.17383134286496,0.107465163211934,0.0406080812421059,0.0303939734211951,-0.148252504480201,0.0597569128435476,0.0417477310610277,0.0186295422005882,-0.133650894816962,0.355189829907994
15.65,0.0722729520038148,0.161575673480022,1.17413737005556,0.105977439661594,0.041202005121751,0.0308092557569923,-0.149273363438992,0.0590231452598395,0.0413059816922763,0.0190326763067735,-0.133487045019062,0.355471003906901
15.66,0.0733252622603952,0.161990644805205,1.1744475279801,0.104479695943154,0.0417885441473027,0.0312200930550406,-0.150256491114858,0.058280075309477,0.0408587551092871,0.0194322670942086,-0.133321897880842,0.355756000812194
15.67,0.0743625459226779,0.162411444362968,1.17476177191666,0.102972309839297,0.0423676066279405,0.0316264308591781,-0.151201837593559,0.0575280518412052,0.0404059990415076,0.0198282714372078,-0.133155475226563,0.356044780774295
15.68,0.0753847084571811,0.162837996937764,1.17508005659728,0.101455659191283,0.0429391051841267,0.0320282130358707,-0.152109451228725,0.0567676081219534,0.0399474005434373,0.0202206468290001,-0.132987799069888,0.356337303385721
15.69,0.0763916591065037,0.163270226466651,1.17540233617738,0.0999301208147225,0.0435029587903797,0.0324253788700469,-0.152979477049079,0.0559994732290757,0.0394823695078224,0.0206093513883202,-0.1328188916046,0.356633527685462
15.7,0.0773833108734757,0.163708056113571,1.17572856417468,0.0983960696503014,0.0440590946487083,0.0328178604260272,-0.153812099997083,0.0552245092178561,0.0390101343557337,0.020994343862399,-0.132648775191665,0.35693341216076
15.71,0.0783595804995097,0.164151408359625,1.1760586933859,0.0968538788147809,0.0446074489747368,0.0332055815571615,-0.15460743055793,0.0544435488522591,0.0385299843308499,0.021375583628238,-0.13247747234343,0.357236914747217
15.72,0.0793203884497713,0.164600205093066,1.17639267580582,0.0953039210391429,0.0451479656257535,0.0335884601126442,-0.155365381943821,0.0536571462680263,0.0380416313744429,0.0217530306966518,-0.132305005707508,0.357543992829779
15.73,0.0802656589202925,0.16505436767214,1.17673046258815,0.0937465711759045,0.0456805919000973,0.0339664141846504,-0.156085634630722,0.0528653257004402,0.0375455575779575,0.0221266457245343,-0.132131398054829,0.357854603248328
15.74,0.0811953198732893,0.165513816931068,1.17707200408952,0.0921822083465285,0.0462052721397623,0.0343393712642033,-0.156767765151021,0.0520674909033927,0.0370431140528389,0.0224963900378234,-0.131956672277109,0.358168702311187
15.75,0.082109303087223,0.165978473114935,1.17741725001344,0.0906112158728842,0.0467219417181651,0.0347072764657071,-0.157437769385281,0.0513782538848214,0.0363745870505931,0.0228622256607207,-0.131780851396768,0.358486245816886
15.76,0.083007544190747,0.166448255765431,1.17776614961883,0.0890334529588229,0.0472328372174587,0.0350668630052152,-0.158028282233497,0.0505291669493307,0.035916846518998,0.0232241153403712,-0.13160395858617,0.358807189079906
15.77,0.0838899721463996,0.166923129859284,1.17811858727354,0.087450650228214,0.0477325250571518,0.0354256133960871,-0.158534726705843,0.0494467494030473,0.0357709329769515,0.023582018469968,-0.131426009104426,0.359131481743562
15.78,0.0847565571953114,0.167402906266575,1.17847466188675,0.0858627584247059,0.0482217722055197,0.0357822816647543,-0.159091292810873,0.0486697590652205,0.0351820914458658,0.0239359096284051,-0.131247045104277,0.359459090456377
15.79,0.0856072273148937,0.167887565303395,1.17883423290684,0.0842688243719966,0.0487059202384562,0.0361292552250044,-0.159674898430127,0.0481237927663795,0.0342520759061285,0.0242857465711645,-0.131067079337232,0.359789961736142
15.8,0.0864419336827513,0.168377024671344,1.17919724699125,0.0826692604561034,0.0491842480608473,0.0364673231828768,-0.160096998162724,0.0472377319867704,0.0337993900989556,0.0246314950998156,-0.130886135389025,0.360124049000953
15.81,0.0872606125240157,0.168871250264612,1.17956357937049,0.0810668844087422,0.0496506748781916,0.0368052430269835,-0.160401610413079,0.0461009379965786,0.033697391419453,0.0249731147574684,-0.130704228699384,0.36046129868099
15.82,0.0880632713709261,0.169370038168907,1.17993335185179,0.0794612282478419,0.0501062668207788,0.0371412710112659,-0.160829485462081,0.0453136155471201,0.03307069408265,0.0253105910846546,-0.130521403482231,0.360801679672274
15.83,0.0888498370889725,0.169873375601027,1.18030640479072,0.0778502946995006,0.050556947189134,0.0374666569086365,-0.161318516825637,0.0447434955010681,0.0320943314112143,0.0256438791189639,-0.130337671809433,0.361145133974629
15.84,0.0896202772649161,0.17038117711269,1.18068268498997,0.0762348579113292,0.0510011367308001,0.0377831576394901,-0.161581898632501,0.0438463329475782,0.0316203924520211,0.0259729482401798,-0.130153057884453,0.361491613519252
15.85,0.0903745342471992,0.170893398335643,1.18106206794351,0.0746186567268504,0.0514338738480856,0.038099064757677,-0.161687331372181,0.042736858667738,0.031492318649684,0.0262977575760998,-0.129967579853075,0.361841060393316
15.86,0.0911126503994532,0.171409854589652,1.18144466628512,0.0730011112838854,0.051855873904155,0.0384130040124839,-0.161972069257937,0.0419059810644966,0.030879387806941,0.0266183037615393,-0.129781276825588,0.362193447578611
15.87,0.0918345564728769,0.171930515813726,1.18183032802376,0.0713792153416917,0.0522719934693755,0.0387166525138158,-0.162271785831739,0.0411731344802954,0.0300943892000984,0.0269345406731098,-0.129594165031053,0.362548712593771
15.88,0.092540234706287,0.172455294459039,1.1822189993354,0.0697556755672507,0.0526793365937609,0.0390148917964858,-0.162422747957282,0.040294655603708,0.0295490802276768,0.0272464409001015,-0.129406269113341,0.362906805947581
15.89,0.0932296699842218,0.172984102545602,1.18261062585969,0.0681307603825462,0.0530778865814497,0.0393076341183693,-0.162545821782545,0.0394156643443459,0.0289935402414412,0.0275539775080432,-0.129217613844434,0.363267677678932
15.9,0.0939028499139379,0.173516852190668,1.18300515201776,0.0665047591315998,0.0534676498806478,0.0395947626013146,-0.162638674857114,0.0385364437834061,0.0284275286627232,0.0278571240718341,-0.129028224026297,0.363631277315367
15.91,0.0945597651668538,0.174053455543215,1.18340252111172,0.0648779868854039,0.0538486154571178,0.0398761846916238,-0.162699404322078,0.0376543786782137,0.0278547674043015,0.0281558548005194,-0.128838124501457,0.363997553880187
15.92,0.0952004096516459,0.174593824499811,1.1838026757116,0.0632507710451583,0.054220737454212,0.0401518579494006,-0.162696103961846,0.0366705411536058,0.027526725269555,0.0284501446082819,-0.128647340205088,0.364366455916918
15.93,0.095824780587757,0.175137870292299,1.1842055582707,0.0616240648061671,0.0545820262801899,0.0404267191970148,-0.162680717738383,0.0357773085342031,0.0270078800888431,0.0287399691580063,-0.128455896236706,0.364737931546012
15.94,0.0964328909477694,0.175685465025415,1.18461121009554,0.0599971566903905,0.0549362836248961,0.0406920155511775,-0.162691117277129,0.0350830354412989,0.0260000313919269,0.0290253129522569,-0.128263821127867,0.365111949504607
15.95,0.0970247237215648,0.176236595964797,1.18501939858173,0.0583702424606243,0.0552836869890159,0.0409467198248534,-0.162622544484081,0.0342076002245545,0.0253756033759699,0.0293061401993279,-0.128071131853657,0.365488423725935
15.96,0.0976002957969818,0.176791138765195,1.18543014449203,0.0567447058007089,0.0556204356293872,0.0411995276186969,-0.162491938182463,0.0332277976558562,0.0249924134099197,0.0295824349608821,-0.127877857475741,0.365867316540581
15.97,0.098159617837579,0.177349004677385,1.1858433891341,0.0551204036969751,0.055948242942133,0.0414465680930518,-0.162351605260409,0.0323292841243619,0.0244239092134233,0.0298541762870553,-0.12768402306088,0.366248575185411
15.98,0.0987027038709213,0.177910103624037,1.18625907585389,0.0534976736955008,0.0562670213118744,0.0416880058029654,-0.162166114889209,0.0313039704606943,0.0241169600027439,0.0301213441569933,-0.127489653875389,0.3666321469877
15.99,0.099229571311489,0.178474345103622,1.18667714925016,0.051877081399191,0.0565743223513469,0.0419289072931067,-0.161957988539164,0.0304008198090386,0.0235764988898426,0.0303839195252094,-0.127294775190525,0.367017979439643
16,0.0997402454989052,0.179041590071064,1.18709765399976,0.0502585139247173,0.0568750377080552,0.0421595357807623,-0.161742770190562,0.0297514174999346,0.0225134215644169,0.0306418888491915,-0.127099418497017,0.367406037230784
16.01,0.100234741589983,0.179611845857783,1.18752033996578,0.0486422259953798,0.0571693507013455,0.042379175724395,-0.161478133870851,0.0288718448777241,0.0218898454912306,0.030895226326654,-0.126903595960327,0.367796235254781
16.02,0.100713090018813,0.180184977085091,1.18794523751424,0.0470289512473003,0.0574524746056097,0.0425973326905869,-0.161174762803383,0.0279692236464245,0.0213344694854908,0.0311439190013588,-0.12670733907233,0.368188534122215
16.03,0.101175320614929,0.180760895349895,1.18837228661959,0.0454187307393122,0.057728735174274,0.0428058651141048,-0.160843497030306,0.0270660781404043,0.0207798609785933,0.0313879510963874,-0.12651067280051,0.368582879935152
16.04,0.101621464633599,0.181339551788577,1.18880135481653,0.0438120813066943,0.0579937961684178,0.0430129299101587,-0.160475115282214,0.0259680390975887,0.0205765682537174,0.0316273053851151,-0.126313616275125,0.368979207925397
16.05,0.102051562241063,0.181920771273264,1.18923254521779,0.042209228433668,0.0582480959562258,0.0432173964791791,-0.160229594777156,0.0182244358462272,0.0293469496233683,0.0318619734845301,-0.126116206897839,0.369377489039938
16.06,0.102465649202272,0.182504513707701,1.18966570274611,0.0406074894111512,0.0583582848853423,0.0435998689026261,-0.159680010310324,0.0243730974704808,0.0190363447233306,0.0320919385022509,-0.125918462996599,0.369777653412762
16.07,0.102863712029286,0.183087936970971,1.19010454259584,0.039015628227461,0.0587355579056355,0.0435981233736458,-0.159090722608543,0.0310051583409999,0.00807384267925582,0.0323171932986321,-0.125720911419372,0.370179921358419
16.08,0.103245961766822,0.183679224865814,1.19053766521358,0.0374256749589804,0.0589783880521623,0.0437613457562112,-0.158755416445826,0.0226071537978029,0.017852583344969,0.0325377110977787,-0.125522069238116,0.370583413323251
16.09,0.103612225528466,0.184267504732014,1.19097976951097,0.0358405198985446,0.0591877009815915,0.0439551750405452,-0.15824544091763,0.0217538295495268,0.0172598568004563,0.0327534977779967,-0.125323929479873,0.370989140591827
16.1,0.103962772164792,0.184862978885446,1.19141676871439,0.0342607661406279,0.0594134646431528,0.0441065428922203,-0.157721311848942,0.0208280226553234,0.0166905668108626,0.0329645360136137,-0.12512463369491,0.371396053076715
16.11,0.104297440851278,0.185455774024877,1.19186190036881,0.0326860936615658,0.059604261434698,0.0442889863767624,-0.157160024871316,0.0199729536640166,0.0160839992036095,0.0331708181295346,-0.124926001630925,0.371805026322825
16.12,0.104616494038024,0.18605506411414,1.19230254844193,0.0311175656432016,0.0598129237164332,0.0444282228762925,-0.15657996257954,0.0190611888516164,0.0155162885412403,0.0333723396236582,-0.124726355927385,0.372215136808733
16.13,0.104919792164142,0.186652032499206,1.19275046482634,0.0295544944099751,0.0599854852117303,0.0445993121475872,-0.155967139031591,0.018208813418464,0.0149019591244588,0.0335690865911769,-0.124527328069158,0.372627139161852
16.14,0.105207583926223,0.187254773818374,1.19319453468488,0.0279982228625699,0.0601770999848024,0.0447262620587817,-0.155330419339474,0.0173920639010901,0.0141936476939958,0.0337610618397527,-0.124327434509241,0.373040226457506
16.15,0.105479756621394,0.187855574498902,1.19364499006751,0.0264478860231857,0.0603333264897521,0.0448831851014671,-0.154675974020302,0.016595415073537,0.0137657552767827,0.0339482495135922,-0.124128107326812,0.373455039138475
16.16,0.105736541646687,0.18846144034817,1.19409219838691,0.0249047033821634,0.0605090082862732,0.0450015771643174,-0.154129180228807,0.00950232854108667,0.021519497824096,0.034130655737056,-0.12392806131867,0.373870875526109
16.17,0.105977850689037,0.189065754664627,1.1945450216108,0.0233653024186096,0.0605233730605738,0.0453135750579491,-0.15336388795057,0.009662560390006,0.0189845812464958,0.0343082734888112,-0.123728519908876,0.374288315522171
16.18,0.106203847695059,0.189671907809381,1.19499846988807,0.021837425623152,0.0607022594940733,0.0453812687892473,-0.152436887850729,0.0172564288648126,0.00710361782063679,0.0344810907205959,-0.123528881721254,0.374706898748628
16.19,0.1064145992015,0.190279799854508,1.19545264698658,0.0203165646615951,0.0608685016378701,0.0454556474143618,-0.15170972143004,0.0158935813580209,0.00754354438192768,0.034649114711128,-0.12332916336492,0.37512662532495
16.2,0.106610178988291,0.190889277842138,1.19590758283636,0.0188032311945513,0.0610201311212337,0.0455321396768858,-0.150942161737291,0.0144943267880316,0.007675790894557,0.0348123440700965,-0.123129401470603,0.375547445845792
16.21,0.106790663825391,0.191500202476933,1.19636328978012,0.0172977214268493,0.0611583881736307,0.0456091632322529,-0.150144155790935,0.013207827398454,0.0076655651072675,0.0349707784140701,-0.122929630114253,0.375969309807568
16.22,0.106956133416828,0.192112445605611,1.196819766101,0.0158003480787327,0.0612842876692028,0.0456854509790312,-0.149307401339346,0.0120151509120493,0.00754079120035472,0.0351244183886291,-0.122729881270222,0.376392165889842
16.23,0.107106670786966,0.192725888230317,1.1972769987997,0.0143115734000619,0.0613986911918717,0.04575997905626,-0.14834114011601,0.0109473647419321,0.00732619261796881,0.0352732658338285,-0.12253018517084,0.376815962175647
16.24,0.107242364884829,0.193340419429448,1.19773496568213,0.0128335252764125,0.0615032349640415,0.0458319748313905,-0.14793969877546,0.00992213298182964,0.00706253814819495,0.0354173247404794,-0.122330570472219,0.377240646486356
16.25,0.107363341292494,0.193955952929598,1.19819363829633,0.0113527794245528,0.0615971338515083,0.0459012298192239,-0.147227870302142,0.00875259084376375,0.00670095878063673,0.0355566136199459,-0.122131059623802,0.377666174303794
16.26,0.10746942047332,0.194572362106478,1.19865299027851,0.00988896787036974,0.0616782867809167,0.0459659940070033,-0.145449584983907,0.00769881310785976,0.0062814493606568,0.0356910432638776,-0.121931684815345,0.378092485369508
16.27,0.107561120649902,0.195189518665216,1.19911295817647,0.00844378772487474,0.0617511101136655,0.0460268588064371,-0.144579179372952,0.00692461375566327,0.00590989714333071,0.0358207590241864,-0.121732483960893,0.378519503988612
16.28,0.107638296227818,0.195807384308752,1.19957352745464,0.00699738428291076,0.06181677905603,0.0460841919498699,-0.144085590918503,0.0060828750100135,0.00547244458526432,0.035945693252765,-0.121533464333578,0.378947210510054
16.29,0.10770106833556,0.196425854246337,1.20003464201547,0.00556207590650474,0.0618727676138658,0.0461363076981424,-0.143029327145008,0.00516253324811544,0.00496787697645839,0.0360658592366904,-0.12133465531405,0.379375541832905
16.3,0.107749537745948,0.197044839661029,1.2004962536086,0.00413679774001067,0.0619200297209923,0.0461835494893991,-0.142025721059156,0.00430279016340957,0.00447514117666348,0.0361812656703304,-0.121136081297517,0.379804444267456
16.31,0.10778380429036,0.197664254840757,1.20095831300526,0.00272156148532167,0.061958823417134,0.0462258105216756,-0.1410146304401,0.00346532832907977,0.0039718325156584,0.0362919212811661,-0.120937765892858,0.380233864899615
16.32,0.107803968975654,0.198284016129372,1.20142076981904,0.00131650513120823,0.0619893362875739,0.0462629861397122,-0.139988494897279,0.00264517444815536,0.00345919301688564,0.036397835439245,-0.120739732231371,0.380663751089879
16.33,0.107810134392984,0.198904041566508,1.20188357272805,-7.82084126238497e-05,0.0620117269060971,0.0462949943820133,-0.139178733703337,-0.00645562759429855,0.0137752345513726,0.036499018285768,-0.120542003052818,0.381094050408768
16.34,0.107802404807402,0.199524250667494,1.20234666970668,-0.00146706954285844,0.0618602237356879,0.0465384908307397,-0.13809969130464,-0.00576309884758921,0.0111609096004056,0.0365954807675458,-0.120344600751042,0.381524710634118
16.35,0.107780793002127,0.200141246041222,1.20281434254466,-0.00284020223871659,0.0618964649291453,0.0465182125740214,-0.136719730632797,0.00474952338569433,-0.00415130094799663,0.0366872092284466,-0.12014817672547,0.381955921570908
16.36,0.107745600762628,0.200762179966077,1.20327703395816,-0.00420146415551432,0.0619552142034018,0.0464554648117797,-0.135634149045118,0.00319859617209379,-0.00352277555903953,0.0367742637817978,-0.119951385421517,0.382387081790206
16.37,0.107696763719017,0.20138035032529,1.2037434518409,-0.00555288521961889,0.0619604368525872,0.0464477570628406,-0.134633668538656,-0.00125027552602688,0.000738436443659134,0.0368566197216899,-0.119755498457717,0.382818662385447
16.38,0.107634543058235,0.202001388703128,1.20420598909941,-0.00689413752628738,0.0619302086928813,0.0464702335406529,-0.133529642366159,-0.00204538453292551,0.000197252373879135,0.0369343240538119,-0.119559459777839,0.383250160176707
16.39,0.107558880968491,0.202618954499148,1.20467285651171,-0.00822347806694202,0.0619195291619287,0.0464517021103182,-0.132396006041609,-0.00281172329300867,-0.000306945254626579,0.0370073515737025,-0.119364475418885,0.383682008822764
16.4,0.107470073496896,0.203239779286367,1.20513502314162,-0.0095420576471195,0.0618739742270211,0.0464640946355604,-0.131256424729022,-0.003557685419458,-0.000837865669622719,0.037075760844039,-0.119169278371541,0.384113631164236
16.41,0.107368039815548,0.203856433983688,1.20560213840442,-0.0108486065615229,0.0618483754535395,0.0464349447969258,-0.130100411283154,-0.00430716466743318,-0.00136932138198115,0.0371395221896993,-0.118975281877615,0.384545544390673
16.42,0.107253101365666,0.204476746795438,1.20606372203756,-0.0121440658727825,0.0617878309336724,0.0464367082079208,-0.128929411430638,-0.00501813526530847,-0.00188815695412185,0.0371987001897964,-0.118781009950332,0.384977086920648
16.43,0.107125158498093,0.205092190602362,1.20653087256858,-0.0134271947901356,0.0617480127482333,0.0463971816578433,-0.127734644124576,-0.00555885786117418,-0.0026123824115047,0.0372532620065049,-0.118588085435051,0.385408858954307
16.44,0.106984557469863,0.205711707050402,1.20699166567072,-0.014698758755274,0.061676653776449,0.0463844605596907,-0.126549623454165,-0.00631275231644017,-0.00310441575390771,0.0373032801732204,-0.118394818107483,0.38584012394134
16.45,0.106831183322987,0.206325723677891,1.20745856177978,-0.0159581872592188,0.0616217577019045,0.0463350933427652,-0.125358906426376,-0.00728721264983705,-0.00334362619369706,0.0373487183950398,-0.11820303191223,0.386271553975723
16.46,0.106665393724679,0.20694414220444,1.20791836753757,-0.0172059368838015,0.0615309095234522,0.0463175880358167,-0.124304974645059,-0.0154523362582464,0.00594197039919092,0.0373896508123105,-0.118010852605733,0.386702339575684
16.47,0.106487064585311,0.20755634186836,1.20838491354049,-0.01844428675212,0.0613127109767396,0.046453932750749,-0.122901061249942,-0.00854293350761771,-0.00450340250257516,0.0374260402242762,-0.117820305970142,0.387133226106096
16.48,0.106296507989636,0.208170396423975,1.20884744619259,-0.0196639581088007,0.0613600508532998,0.0462275199857652,-0.121501882312763,-0.00235483407691165,-0.014008859898916,0.0374579530121001,-0.117629861926455,0.387563555963141
16.49,0.106093785423135,0.208783542885426,1.20930946394021,-0.0208743243983752,0.0612656142952014,0.0461737555527707,-0.120410421733148,-0.00978305920162924,-0.00562089419453583,0.0374853967066327,-0.117440051853708,0.387993484795737
16.5,0.105879021501669,0.209395708709879,1.20977092130364,-0.0220721665434636,0.0611643896692673,0.0461151021018745,-0.11914866867868,-0.0102375610912255,-0.00630590088479592,0.0375083936085812,-0.117250895643185,0.388422964123865
16.51,0.105652342092266,0.210006830678811,1.21023176598225,-0.0232572977719487,0.0610608630733769,0.0460476375350748,-0.117881883319534,-0.010857258515643,-0.00682311516009331,0.0375269670829923,-0.117062411096419,0.388851946702945
16.52,0.10541387554623,0.210616925971347,1.21069187405434,-0.0244298042098542,0.0609472444989544,0.0459786397986727,-0.116615081004438,-0.0118852895326238,-0.00696002646238828,0.0375411440489154,-0.11687459878096,0.389280391998116
16.53,0.105163746008069,0.21122577556879,1.21115133877822,-0.0255895993920374,0.0608231572827244,0.045908437005827,-0.115331358975552,-0.0125402806276659,-0.0074349857726032,0.0375509434956097,-0.116687509494176,0.389708241907982
16.54,0.104902083558389,0.211833389117001,1.21161004279446,-0.0267364313893652,0.0606964388864011,0.0458299400832206,-0.11403542470118,-0.0129814003387719,-0.00809078211205811,0.0375563931733276,-0.11650114540438,0.390135454992522
16.55,0.104629017380282,0.212439704346518,1.21206793757988,-0.027870307886061,0.0605635292759489,0.0457466213635859,-0.112737689693447,-0.0137666536561234,-0.00840519699159635,0.0375575189305437,-0.116315523816754,0.390561985420748
16.56,0.104344677400668,0.21304465970252,1.21252497522173,-0.0289911851832341,0.0604211058132786,0.0456618361433887,-0.111430987410502,-0.0143449973590679,-0.00890168595946046,0.0375543472355863,-0.116130661803367,0.390987787796253
16.57,0.104049193676617,0.213648126462784,1.21298117430275,-0.0300989276342714,0.0602766293287675,0.0455685876443966,-0.110114878758302,-0.0145802396338459,-0.00971927483898724,0.03754690332407,-0.115946590441281,0.391412813393472
16.58,0.103742698847983,0.214250192289096,1.21343634697462,-0.0311934827584001,0.0601295010206017,0.0454674506466089,-0.108796357825574,-0.0152050536972321,-0.0101575755417921,0.0375352190906744,-0.115763295212843,0.391837026743326
16.59,0.103425324021449,0.214850716483196,1.21389052331568,-0.0322748547907828,0.0599725282548229,0.0453654361335608,-0.107473102143739,-0.0159817164600846,-0.0104328237193757,0.0375193203279301,-0.115580809685436,0.392260378241981
16.6,0.103097201752167,0.215449642854192,1.21434365569729,-0.0333429448012748,0.0598098666914,0.0452587941722214,-0.106142279054718,-0.0165510702535017,-0.0108881141019925,0.0374992359651104,-0.115399149451818,0.392682824500618
16.61,0.102758465125423,0.216046913817024,1.21479569919913,-0.0343977003718771,0.0596415068497529,0.0451476738515209,-0.104806340622721,-0.0171151997999809,-0.0113343724078569,0.0374749954390384,-0.115218330308287,0.393104322481021
16.62,0.102409247744729,0.216642472991187,1.21524660917432,-0.0354390716137292,0.0594675626954004,0.0450321067240643,-0.10346560297182,-0.0176684257394151,-0.011777145297876,0.0374466287606356,-0.115038367704529,0.393524829675644
16.63,0.102049683693149,0.217236265070932,1.21569634133361,-0.0364670124313135,0.0592881383349646,0.0449121309455634,-0.102120439581734,-0.0182115704144844,-0.0122158231991023,0.0374141664959403,-0.114859276772507,0.393944304087669
16.64,0.101679907496103,0.217828235757886,1.21614485179323,-0.0374814804053638,0.0591033312871107,0.0447877902600822,-0.100756333764477,-0.0189337390869536,-0.012498521152324,0.0373776397508538,-0.11468107234092,0.394362704223598
16.65,0.101300054085042,0.218418331696674,1.21659209713881,-0.038482139106603,0.0589094635532255,0.0446621605225169,-0.0994039703283577,-0.0194291640660098,-0.0129446456431631,0.0373370801575503,-0.114503768948017,0.394779989093063
16.66,0.100910264713971,0.219006425028951,1.21703809500368,-0.0394695598119313,0.0587147480057905,0.0445288973472189,-0.0980774091675549,-0.0195504439055493,-0.0136811344482661,0.0372925191932156,-0.11432739731314,0.395196109174768
16.67,0.100510662888803,0.21959262665679,1.21748267508576,-0.040443687289954,0.0585184546751145,0.0443885378335516,-0.0967166991981724,-0.0201026583574606,-0.0140723588071274,0.0372439913888601,-0.114151935812717,0.395611044890576
16.68,0.100101390968172,0.220176794122453,1.21792586576035,-0.0414038937958947,0.0583126948386413,0.0442474501710764,-0.0953392710059716,-0.0208158874915471,-0.0143165621285808,0.0371915285012961,-0.113977418355507,0.396024744485698
16.69,0.0996825850128851,0.220758880553562,1.21836762408918,-0.0423504727100734,0.0581021369252836,0.04410220659098,-0.093974921966601,-0.0212988437752617,-0.014724025187985,0.0371351642559818,-0.113803857680819,0.39643716962607
16.7,0.0992543815139704,0.221338836860959,1.21880790989217,-0.0432833922352267,0.0578867179631361,0.0439529696673167,-0.0926080051612653,-0.0217804498407756,-0.0151206145115882,0.0370749327785076,-0.113631266936973,0.396848282023158
16.71,0.0988169171681806,0.221916614912825,1.21924668348252,-0.0442026328132987,0.0576665279284681,0.0437997943007483,-0.0912392432434796,-0.0222533810532559,-0.0155113628761968,0.0370108686533241,-0.113459658973936,0.397258043923528
16.72,0.0983703288577045,0.222492167419528,1.21968390577819,-0.0451081771000962,0.057441650342071,0.0436427424097928,-0.0898688603340416,-0.0227180108292003,-0.0158958056628556,0.0369430069132416,-0.113289046366958,0.397666418104951
16.73,0.0979147536261786,0.223065447919667,1.22011953833072,-0.0460000100199798,0.057212167711884,0.0434818781874911,-0.0884970717846911,-0.0231743971871216,-0.0162737814409248,0.0368713830310577,-0.113119441418261,0.398073367884059
16.74,0.0974503286573049,0.223636410773766,1.22055354334194,-0.04687811853579,0.0569781623983285,0.0433172667809743,-0.0871240741281668,-0.0236225048933653,-0.0166452672673019,0.0367960329117697,-0.112950856157388,0.398478857122637
16.75,0.0969771912554628,0.224205011167633,1.22098588366634,-0.0477424915025431,0.0567397176140167,0.0431489728421451,-0.0857500567704624,-0.024062193943881,-0.0170103870661416,0.0367169928851967,-0.112783302339801,0.398882850232617
16.76,0.0964954788272541,0.224771205126046,1.22141652279878,-0.0485931196711992,0.0564969185194509,0.0429770590396515,-0.0844377838282764,-0.024311230577557,-0.0175300319671401,0.0366342996986645,-0.112616791443555,0.39928531217987
16.77,0.0960053288620388,0.225334949538022,1.22184542484713,-0.0494312471791086,0.0562534930024656,0.0427983722028023,-0.0830815757328317,-0.0247051168671143,-0.0179031598884779,0.0365479905091666,-0.112451334663727,0.399686208487246
16.78,0.0955068538836719,0.225896274986096,1.22227249024284,-0.0502547511858558,0.0560028161821086,0.0426189958418819,-0.0816059631917505,-0.0254491153176701,-0.0179508192843521,0.0364580961273447,-0.112286927263835,0.40008551190912
16.79,0.0950002338383217,0.226455005861664,1.22269780476397,-0.0510633664429435,0.0557445106961122,0.0424393558171152,-0.0802244044074661,-0.0258717901274059,-0.0182746435445365,0.0363646657305668,-0.112123608612334,0.40048317754543
16.8,0.0944855865548131,0.227011165200018,1.22312127735918,-0.0518592392740051,0.0554853803795605,0.0422535029709912,-0.0789024329152447,-0.0261085545902375,-0.0187496310348059,0.036267732433772,-0.111961375445854,0.400879178080693
16.81,0.0939630490528416,0.227564713469256,1.22354287482339,-0.0526414151012484,0.0552223396043075,0.0420643631964191,-0.0775333025889134,-0.0264952486764243,-0.0190750556905402,0.0361673347589363,-0.111800237781673,0.401273481433477
16.82,0.0934327582527879,0.228115611992104,1.22396256462311,-0.0534099053257836,0.054955475406032,0.0418720018571803,-0.0761654551072732,-0.0268731158912342,-0.0193940879896372,0.0360635115672584,-0.111640205352359,0.40166605611033
16.83,0.092894850946326,0.228663822977376,1.22438031486053,-0.0541647242033938,0.0546848772864828,0.0416764814366264,-0.0747991802894607,-0.0272419376991252,-0.0197069832791341,0.0359563020468302,-0.111481287599165,0.402056871208098
16.84,0.0923494637687201,0.229209309537834,1.22479609425184,-0.0549058889315728,0.0544106366520495,0.0414778621915977,-0.0734347902912219,-0.0276015185638619,-0.0200139607398072,0.0358457457005377,-0.11132349366826,0.402445896415794
16.85,0.0917967331676946,0.229752035710417,1.22520987210436,-0.0556334200092182,0.0541328469152056,0.0412762022218303,-0.07207263324108,-0.0279516673935844,-0.0203152144101501,0.0357318823327499,-0.111166832406405,0.402833102017048
16.86,0.0912367953685357,0.230291966476138,1.22562161829628,-0.0563473415963944,0.0538516033041778,0.0410715579033947,-0.0707691657000937,-0.0281003778725151,-0.0208181758443179,0.0356147520346823,-0.111011312356625,0.403218458893328
16.87,0.0906697863357667,0.230829067776501,1.22603130326243,-0.0570488033232201,0.0535708393577553,0.0408598387049439,-0.0694318921412266,-0.0283951852268076,-0.0211415235573672,0.0354943951685326,-0.1108569417545,0.403601938527996
16.88,0.0900958193020713,0.231363383263293,1.22643881507038,-0.0577359794392189,0.0532836995996417,0.0406487274322473,-0.0679898298781526,-0.0290624075077752,-0.0210441873010903,0.0353708453571616,-0.110703712765693,0.403983514397039
16.89,0.0895150667469823,0.231894741768494,1.22684427781108,-0.0584085999207831,0.0529895912075998,0.0404389549589221,-0.066629259049196,-0.0294074199303471,-0.0212880140230383,0.0352441550369386,-0.110551661455107,0.404363157570358
16.9,0.0889276473036557,0.232423175087445,1.22724759416955,-0.0590685646202028,0.0526955512010347,0.0402229671517866,-0.0653250091957583,-0.0295543235975071,-0.0217316365241885,0.0351143601956053,-0.110400782269575,0.404740841960898
16.91,0.0883336954545781,0.232948652792514,1.22764873715411,-0.0597151001046985,0.0523985047356496,0.0400043222284383,-0.0639840652731024,-0.0298509503785151,-0.0219936492375829,0.0349815020976219,-0.110251082253295,0.405116541524177
16.92,0.0877333453015618,0.233471145182158,1.22804768061412,-0.0603482459256648,0.0520985321934644,0.0397830941670349,-0.0626472127022673,-0.030139156177307,-0.0222487715517702,0.0348456222197321,-0.110102568189701,0.405490230836432
16.93,0.0871267305360648,0.233990623436384,1.22844439903745,-0.0609680443587438,0.0517957216121034,0.0395593467974029,-0.0613147098490362,-0.0304185756763733,-0.0224975072665731,0.0347067622365911,-0.109955246571201,0.405861885086483
16.94,0.0865139844143869,0.2345070596144,1.22883886755007,-0.0615745401226455,0.051490160679937,0.0393331440217035,-0.0599867968257796,-0.0306892534680122,-0.0227398402552493,0.0345649640083178,-0.109809123599868,0.406231480076659
16.95,0.0858952397336119,0.235020426649982,1.22923106191789,-0.0621677802952594,0.0511819365427432,0.0391045499922979,-0.0586637045530575,-0.0309512510588569,-0.0229757402414611,0.0344202695681929,-0.109664205188637,0.406598992223577
16.96,0.0852706288084818,0.235530698345255,1.22962095854992,-0.0627478142137066,0.0508711356587599,0.0388736292168743,-0.0573456534820558,-0.0312046427166153,-0.0232051688812238,0.034272721110563,-0.109520496962871,0.406964398558679
16.97,0.0846402834493378,0.236037849363158,1.23000853450223,-0.0633146933649005,0.0505578436884109,0.0386404466146734,-0.0560328530456729,-0.0314495117315724,-0.0234280847832802,0.0341223609789993,-0.10937800426226,0.407327676728469
16.98,0.0840043349411835,0.236541855219023,1.23039376748221,-0.0638684712746203,0.0502421454241283,0.0384050675212086,-0.0547568056614737,-0.0315248050532617,-0.0238356379824634,0.0339692316547348,-0.109236732142958,0.407688804994442
16.99,0.0833629140238455,0.23704269227164,1.23077663585265,-0.0644098294781299,0.0499273475873457,0.0381637338550242,-0.0534613165878464,-0.0317368007110588,-0.0240626125008756,0.0338133757453782,-0.109096685379878,0.408047762232659
17,0.082716138351621,0.23754040217077,1.23115704215931,-0.0649376976063772,0.0496074094099072,0.0379238152711911,-0.0521093981143234,-0.0322633150802457,-0.0238997778817538,0.0336548317358414,-0.108957855533906,0.408404526585505
17.01,0.0820641600717179,0.238034840459838,1.23153511215807,-0.0654520174404164,0.0492820812857408,0.0376857382973891,-0.0508138838164353,-0.0324920030644202,-0.0240776268256594,0.0334936501054687,-0.108820271370707,0.408759081009889
17.02,0.0814070980028127,0.238526043796485,1.23191075692526,-0.0659539752827058,0.0489575693486188,0.0374422627346779,-0.0495552731477281,-0.0325510468077869,-0.0244408842003952,0.0333298703133095,-0.10868392526129,0.409111404753778
17.03,0.0807450805660639,0.239013991846811,1.23228395741277,-0.0664431229033709,0.0486310603495851,0.0371969206133812,-0.0482774693487422,-0.0327469195599714,-0.0246240112405935,0.0331635353770667,-0.108548820876635,0.409461479128388
17.04,0.0800782355447453,0.239498665003477,1.23265469533753,-0.0669195246696807,0.0483026309574194,0.036949782509866,-0.0470061741557014,-0.032934939534561,-0.0248003826186513,0.0329946883860608,-0.108414961632664,0.409809286059546
17.05,0.0794066900726703,0.239980044465959,1.23302295306296,-0.0673832463864849,0.0479723615588939,0.0367009129610082,-0.0457415442566933,-0.0331149508640213,-0.0249703118668706,0.0328233724918041,-0.108282350675491,0.410154808078774
17.06,0.0787305706170156,0.240458112234654,1.23338871359675,-0.0678343555548145,0.0476403319401389,0.0364503762725286,-0.0444837471414168,-0.0332870143397678,-0.02513382295399,0.0326496308971983,-0.108150990883389,0.410498028321439
17.07,0.0780500029615738,0.240932851104762,1.23375196058842,-0.0682729213293134,0.0473066212720984,0.0361982365019283,-0.0432329460694848,-0.0334511918132583,-0.0252909420325293,0.0324735068458321,-0.108020884868837,0.410838930524731
17.08,0.0773651121904294,0.241404244660096,1.23411267832678,-0.0686990144762042,0.0469713081038738,0.0359445574318781,-0.0419893001524246,-0.0336075457741544,-0.0254416978823233,0.032295043611383,-0.107892034980623,0.411177499025467
17.09,0.0766760226720497,0.241872277266839,1.23447085173705,-0.0691127073323619,0.0466344703566153,0.0356894025442819,-0.0407529644399373,-0.0337561393370253,-0.025586121803479,0.0321142844871201,-0.10776444330599,0.411513718757719
17.1,0.0759828580437822,0.242336934067229,1.23482646637767,-0.0695140737650029,0.0462961853171333,0.0354328349958085,-0.039524089979691,-0.0338970362873822,-0.0257242474555065,0.0319312727755142,-0.10763811167283,0.411847575250263
17.11,0.0752857411967497,0.242798200973182,1.23517950843697,-0.0699031891319557,0.0459565296308677,0.0351749175951717,-0.0383028238679099,-0.0340303011583263,-0.0258561106825107,0.0317460517779521,-0.107513041651932,0.412179054623882
17.12,0.0745847942611431,0.243256064659846,1.23552996472957,-0.0702801302423611,0.0456155792939668,0.0349157127821583,-0.0370893092936629,-0.0341559992786966,-0.0259817493439599,0.0315586647845619,-0.107389234559271,0.412508143588485
17.13,0.0738801385919025,0.243710512559061,1.23587782269261,-0.0706449753178289,0.0452734096452938,0.0346552826082926,-0.0358836855605552,-0.034274196864382,-0.0261012031277337,0.0313691550641474,-0.107266691458347,0.412834829440089
17.14,0.0731718947547863,0.244161532852752,1.23622307038174,-0.0709978039535723,0.044930095356679,0.0343936887196035,-0.0346860881007876,-0.034384961105723,-0.026214513390825,0.0311775658542382,-0.107145413162573,0.41315910005763
17.15,0.0724601825128311,0.244609114466195,1.236565696467,-0.0713386970798446,0.0445857104231793,0.0341309923404761,-0.0334966485074723,-0.034488360158709,-0.0263217230567227,0.0309839403512563,-0.107025400237717,0.413480943899636
17.16,0.0717451208131894,0.245053247061216,1.23690569022855,-0.0716677369237217,0.0442403281535049,0.0338672542584691,-0.0323154945381182,-0.0345844632163042,-0.026422876480693,0.030788321700802,-0.10690665300439,0.413800350000742
17.17,0.0710268277743567,0.245493921029265,1.23724304155217,-0.071985006970607,0.0438940211588533,0.0336025348108622,-0.0311427501291386,-0.0346733405492281,-0.0265180193348437,0.030590752988064,-0.10678917154058,0.414117307968073
17.18,0.0703054206737773,0.245931127484393,1.23757774092477,-0.0722905919263045,0.0435468613425203,0.0333368938717722,-0.0299785354222419,-0.0347550634745994,-0.0266071985594039,0.0303912772283544,-0.106672955684247,0.414431807977469
17.19,0.0695810159358306,0.246364858256115,1.23790977942961,-0.0725845776790518,0.0431989198893613,0.0330703908396742,-0.0288229667734868,-0.034829704360502,-0.0266904622947548,0.030189937357772,-0.10655800503595,0.41474384076959
17.2,0.0688537291201963,0.24679510588218,1.23823914874156,-0.0728670512617742,0.0428502672553103,0.0328030846258771,-0.0276761567778393,-0.0348973366209191,-0.0267678598225864,0.0299867762239975,-0.106444318961539,0.415053397645872
17.21,0.0681236749105952,0.247221863601222,1.23856584112213,-0.0731381008146086,0.0425009731569429,0.0325350336432224,-0.0265382142934033,-0.0349580346806503,-0.0268394415350973,0.0297818365772215,-0.106331896594878,0.415360470464358
17.22,0.0673909671039042,0.247645125345319,1.23888984941442,-0.0733978155476423,0.0421511065616973,0.0322662957951752,-0.0254092444696189,-0.035011873936448,-0.0269052588902606,0.0295751610612083,-0.106220736840624,0.415665051635394
17.23,0.0666557185996421,0.248064885732456,1.23921116703803,-0.073646285704001,0.0418007356782139,0.0319969284654171,-0.0242893487677828,-0.0350589307492478,-0.026965364383339,0.0293667922044975,-0.106110838377044,0.415967134117206
17.24,0.0659180413898242,0.248481140058883,1.23952978798373,-0.0738836025229979,0.0414499279467124,0.0317269885075084,-0.0231786249967071,-0.0350992823786742,-0.0270198115326368,0.0291567724117453,-0.106002199658872,0.416266711411349
17.25,0.0651780465491822,0.24889388429139,1.23984570680818,-0.0741098582039352,0.0410987500306404,0.0314565322347644,-0.0220771673476253,-0.035133006946049,-0.0270686548392583,0.0289451439552073,-0.105894818920211,0.416563777558038
17.26,0.0644358442257455,0.249303115059496,1.24015891862843,-0.0743251458699504,0.0407472678077914,0.0311856154107233,-0.0209850664199822,-0.0351601834085877,-0.0271119497674567,0.0287319489663644,-0.105788694177472,0.416858327131363
17.27,0.0636915436317832,0.249708829647546,1.24046941911639,-0.0745295595323348,0.0403955463624686,0.0309142932394153,-0.0199024092582313,-0.0351808914964711,-0.0271497527315491,0.0285172294276934,-0.105683823232344,0.417150355234386
17.28,0.0629452530350988,0.250111025986745,1.24077720449322,-0.074723194055115,0.040043649977862,0.0306426203560923,-0.0188292793861487,-0.0351952117053093,-0.0271821210390277,0.0283010271645828,-0.105580203674808,0.417439857494138
17.29,0.0621970797506809,0.250509702647103,1.24108227152352,-0.0749061451200578,0.0396916421283625,0.0303706508186348,-0.0177657568427827,-0.035203225238896,-0.0272091128800123,0.0280833838373978,-0.105477832886175,0.4177268300565
17.3,0.0614471301326977,0.250904858829312,1.24138461750959,-0.0750785091919707,0.0393395854730841,0.0300984380984921,-0.0167119182172253,-0.0352050139573048,-0.0272307873097507,0.0278643409336915,-0.105376708042163,0.418011269580985
17.31,0.0606955095668415,0.251296494356565,1.24168424028549,-0.0752403834844023,0.0389875418492164,0.0298260350724397,-0.0156678366936853,-0.0352006603609963,-0.0272472041951095,0.027643939760568,-0.105276826115998,0.418293173235418
17.32,0.0599423224630094,0.251684609666297,1.24198113821104,-0.0753918659258444,0.0386355722658641,0.0295534940145898,-0.0146335820769037,-0.035190247548516,-0.0272584242097666,0.0274222214371938,-0.105178183881547,0.418572538690523
17.33,0.0591876722483247,0.252069205801882,1.24227531016578,-0.0755330551259403,0.0382837368982461,0.0292808665882444,-0.0136092208299392,-0.0351738591893039,-0.0272645087773262,0.0271992268874625,-0.105080777916474,0.418849364114413
17.34,0.0584316613604907,0.252450284404262,1.2425667555428,-0.0756640503424432,0.037932095082078,0.0290082038390433,-0.012594816126352,-0.0351515794821973,-0.027265520028964,0.0269749968328104,-0.104984604605424,0.419123648166992
17.35,0.0576743912414758,0.252827847703523,1.24285547424256,-0.0757849514484674,0.0375807053086022,0.0287355561876652,-0.0115904278833431,-0.0351234931038353,-0.0272615208241078,0.0267495717851863,-0.104889660143227,0.419395389994272
17.36,0.0569159623315214,0.253201898510434,1.24314146666656,-0.0758958589001101,0.0372296252200013,0.0284629734225612,-0.0105961127946928,-0.0350896851934749,-0.0272525746902743,0.0265229920401733,-0.104795940538128,0.419664589222603
17.37,0.0561564740634737,0.253572440207923,1.24342473371101,-0.0759968737043612,0.0368789116047327,0.0281905046938597,-0.00961192438172102,-0.0350502413129988,-0.0272387457797279,0.0262952976702656,-0.104703441615033,0.419931245952828
17.38,0.0553960248574342,0.253939476742528,1.24370527676043,-0.0760880973877445,0.0365286203937413,0.0279181985069666,-0.00863791303956505,-0.0350052473860282,-0.027220098879895,0.0260665285182991,-0.104612159018771,0.420195360754361
17.39,0.0546347121157185,0.254303012615798,1.24398309768115,-0.0761696319651526,0.036178806657012,0.0276461027162617,-0.00767412606555248,-0.0349547896776982,-0.0271966993806468,0.0258367241910358,-0.104522088217381,0.420456934659186
17.4,0.0538726322181311,0.254663052875669,1.24425819881476,-0.0762415799090555,0.0358295246001874,0.0273742645193537,-0.00672060771509539,-0.0348989547412096,-0.027168613253582,0.0256059240529045,-0.104433224505408,0.420715969155798
17.41,0.0531098805175375,0.255019603107802,1.24453058297154,-0.0763040441194545,0.0354808275621878,0.0271027304511901,-0.00577739924739416,-0.0348378293407739,-0.0271359070769261,0.0253741672198935,-0.10434556300721,0.420972466183066
17.42,0.0523465513357421,0.255372669426912,1.24480025342378,-0.0763571278940034,0.0351327680133719,0.0268315463778152,-0.00484453896726019,-0.0347715004306318,-0.0270986479988812,0.0251414925535999,-0.10425909868028,0.42122642812404
17.43,0.0515827379596574,0.255722258468069,1.24506721389909,-0.0764009348987997,0.0347853975535752,0.0265607574912125,-0.00392206226980046,-0.0347000550907098,-0.0270569037463819,0.0249079386554317,-0.104173826318578,0.4214778577997
17.44,0.0508185326377661,0.256068377377984,1.24533146857361,-0.0764355691393994,0.0344387669115577,0.0262904083028875,-0.0030100016810975,-0.0346235804317433,-0.0270107426914035,0.0246735438609644,-0.104089740555867,0.421726758462635
17.45,0.0500540265768695,0.256411033806301,1.24559302206515,-0.0764611349324216,0.0340929259449404,0.0260205426373844,-0.00210838690648673,-0.0345421635511448,-0.0269602338220944,0.024438346234451,-0.104006835869053,0.42197313379069
17.46,0.0492893099391177,0.256750235896883,1.24585187942635,-0.0764777368775292,0.0337479236405349,0.0257512036264457,-0.00121724486455424,-0.034455891475986,-0.02690544675355,0.0242023835634844,-0.103925106581535,0.422216987880538
17.47,0.0485244718393189,0.257085992279111,1.24610804613768,-0.0764854798297127,0.0334038081154206,0.0254824337023134,-0.000336599722781886,-0.034364851087538,-0.0268464517832986,0.0239656933538148,-0.103844546866546,0.422458325241222
17.48,0.0477596003425232,0.257418312059191,1.2463615281004,-0.0764844688719848,0.033060626618784,0.0252142745907796,0.000533527079422958,-0.034269129058194,-0.0267833199061287,0.0237283128243171,-0.103765150750501,0.422697150787645
17.49,0.0469947824618793,0.257747204811487,1.2466123316295,-0.0764748092881242,0.0327184255342568,0.0249467673041909,0.00139311680458917,-0.0341688118060697,-0.0267161228062484,0.0234902789021127,-0.103686912116338,0.422933469834016
17.5,0.0462301041567608,0.258072680569876,1.24686046344648,-0.076456606535893,0.0323772503826626,0.0246799521346547,0.00224215339730484,-0.0340639854656839,-0.0266449328356633,0.0232516282178439,-0.103609824706853,0.423167288087256
17.51,0.0454656503311614,0.25839474981914,1.24710593067219,-0.0764299662201781,0.0320371458249431,0.0244138686474776,0.00308062348016592,-0.0339547358800555,-0.0265698229934287,0.0230123971010999,-0.103533882128031,0.42339861164037
17.52,0.0447015048323572,0.258713423486375,1.24734874081943,-0.0763949940662897,0.0316981556650615,0.0241485556747861,0.00394476913330799,-0.0339900085755143,-0.026307145090666,0.0227726215759977,-0.103459077852368,0.423627446965779
17.53,0.0439377504498357,0.259028712932441,1.24758890178568,-0.076351070837512,0.0313573456534328,0.0238877257456643,0.00475762308603186,-0.0338615788238196,-0.0262365800346453,0.0225323373569158,-0.103385405222187,0.423853800908629
17.54,0.043174483415607,0.259340570399444,1.24782649533435,-0.0762998416045691,0.0310209240885851,0.0236238240740932,0.00548676860554984,-0.0334297146245567,-0.0265316939718218,0.0222915855492551,-0.103312869270844,0.424077682792151
17.55,0.0424117536177443,0.259649131414213,1.24806137826717,-0.076241335465401,0.0306887513609417,0.0233570918662279,0.00628710389121586,-0.0333128156354492,-0.0264314104244499,0.0220503891767476,-0.103241438609268,0.424299095945952
17.56,0.0416496567062991,0.259954345426663,1.24829363717167,-0.0761740995267448,0.0303546677758762,0.0230951958656042,0.00711474168850368,-0.033344146014992,-0.0261398280787494,0.0218087892579845,-0.103171118751138,0.424518050396182
17.57,0.0408882716272092,0.260256224769731,1.24852328218448,-0.0760990406316309,0.0300218684406418,0.0228342953046528,0.00789079024364498,-0.0332122017042507,-0.0260403577621206,0.0215668203739066,-0.103101902685119,0.424734554412502
17.58,0.0401276758936665,0.260554782795475,1.24875032307776,-0.0760162837218719,0.0296904237417912,0.0225743887103618,0.00865526986172667,-0.0330748271984441,-0.025939292730982,0.0213245166393359,-0.103033783161805,0.424948616604639
17.59,0.0393679459527718,0.260850033244567,1.24897476995869,-0.0759259352343964,0.0293603718966729,0.0223155094500332,0.00940911607728252,-0.0329336805181282,-0.0258349212500797,0.0210819118344113,-0.10296675282018,0.425160245914997
17.6,0.0386091571889786,0.261141990233409,1.24919663326677,-0.0758281014003262,0.0290317501314286,0.0220576902853602,0.0101523437433952,-0.0327888459485129,-0.0257273212378461,0.0208390394023775,-0.10290080419177,0.425369451611757
17.61,0.0378513839247653,0.261430668247195,1.24941592376439,-0.0757228883595285,0.0287045949777027,0.0218009630252763,0.0108849644656249,-0.0326403933886846,-0.0256165875367488,0.0205959324464005,-0.102835929703599,0.425576243281914
17.62,0.037094699421788,0.261716082132963,1.24963265252727,-0.0756104021110137,0.0283789422636549,0.0215453585346253,0.0116069948711351,-0.0324883944149708,-0.0255028130348958,0.0203526237266157,-0.102772121681149,0.425780630824274
17.63,0.0363391758825451,0.261998247092468,1.24984683093508,-0.0754907484621058,0.0280548270894033,0.0212909067645783,0.0123184565204036,-0.0323329236107074,-0.0253860866955523,0.0201091456574232,-0.102709372351336,0.425982624442449
17.64,0.0355848844525457,0.262277178674751,1.25005847066256,-0.0753640329806056,0.0277322837914407,0.0210376368007141,0.0130193754648944,-0.0321740595213581,-0.0252664919928931,0.0198655303050304,-0.10264767384554,0.426182234637846
17.65,0.034831895222933,0.262552892768297,1.2502675836711,-0.0752303609528079,0.0274113458989761,0.0207855769247205,0.0137097815435156,-0.0320118852836795,-0.0251441057724799,0.0196218093852285,-0.102587018202704,0.426379472202689
17.66,0.0340802772334896,0.26282540559273,1.25047418220106,-0.0750898373497353,0.0270920460857671,0.0205347546852645,0.0143897075045178,-0.0318464888202098,-0.025018997662497,0.0193780142613786,-0.102527397372503,0.426574348213078
17.67,0.0333300984759383,0.263094733690012,1.2506782787648,-0.0749425668027175,0.0267744161225719,0.0202851969714706,0.0151146975279143,-0.0318257399367651,-0.0247130891900548,0.0191341759425783,-0.10246880321861,0.426766874022099
17.68,0.0325814258974352,0.263360893915182,1.25087988614049,-0.074787543399177,0.0264555312870318,0.0200404929014635,0.0157624798197666,-0.0316355395595116,-0.0246038661932967,0.0188903250819724,-0.102411227522025,0.426957061253008
17.69,0.0318343476079548,0.263623844315753,1.25107908862283,-0.0746273172063222,0.0261417053313817,0.0197931196476046,0.0162896395898223,-0.0311466200023105,-0.024849067166156,0.018646500564691,-0.102354673632633,0.427144923232975
17.7,0.0310888795533088,0.26388372802181,1.25127574853344,-0.0744617506073806,0.0258325988869856,0.0195435115581404,0.016942114183378,-0.0309895730436785,-0.0246913140555815,0.0184027134722515,-0.102299108415773,0.427330469237058
17.71,0.0303451125958072,0.264140496293493,1.251469958854,-0.0742884749226547,0.0255219138705082,0.019299293366493,0.0176400523870395,-0.0309800075617461,-0.0243494728215426,0.018159003745943,-0.102244536520933,0.427513713022237
17.72,0.0296031100548558,0.26439416629922,1.25166173440077,-0.0741089495596398,0.0252129987357507,0.0190565221017095,0.0182583300049949,-0.0307996268454583,-0.0242060661470556,0.0179154007975812,-0.102190949594934,0.42769466725176
17.73,0.0288629336046142,0.264644756268208,1.25185108929603,-0.0739233083225547,0.0249059213335989,0.0188151720435518,0.0188648000784661,-0.030614426583308,-0.0240630247481648,0.0176719334430938,-0.102138339065372,0.427873344815257
17.74,0.0281246438884047,0.264892284725892,1.25203803784164,-0.0737316535580705,0.0246007102040846,0.0185752616067462,0.0194610924120303,-0.03042646451651,-0.0239181135103249,0.017428630130407,-0.102086696289459,0.428049758829612
17.75,0.0273883005334528,0.265136770472289,1.25222259452817,-0.0735340864743141,0.0242973920432687,0.0183368097733453,0.0200473005223562,-0.0302359095791251,-0.0237712912870568,0.0171855189424241,-0.102036012559618,0.428223922632569
17.76,0.0266539621589185,0.265378232566757,1.25240477403711,-0.0733307075476234,0.0239959920125021,0.0180998357810051,0.0206234907768933,-0.0300429144822767,-0.0236225315086724,0.0169426275975879,-0.101986279107855,0.428395849776457
17.77,0.0259216863825004,0.265616690312539,1.25258459124379,-0.0731216166587762,0.0236965337536232,0.0178643591431719,0.0211897168127609,-0.0298476272278537,-0.0234718101449493,0.0166999834500027,-0.101937487110158,0.428565554022077
17.78,0.025191529825743,0.265852163241829,1.25276206121997,-0.0729069132113682,0.023399039467945,0.0176303995781061,0.0217460217932013,-0.0296501857482991,-0.0233191134818577,0.016457613489152,-0.101889627690796,0.428733049332684
17.79,0.024463548118273,0.266084671101898,1.25293719923535,-0.0726866962229122,0.0231035300386572,0.0173979768735348,0.0223877969384942,-0.0296049512475707,-0.0230055308031451,0.016215544339277,-0.101842691926397,0.428898349868006
17.8,0.0237377959012847,0.266314233842603,1.25311002075744,-0.0724591572725983,0.0228069404429936,0.0171702889620432,0.0229131249667507,-0.0293924660118363,-0.0228601358144691,0.0159738022585268,-0.101796670849756,0.429061469978239
17.81,0.0230143649728211,0.266540809910758,1.25328060501459,-0.0722284337235772,0.0225156807184205,0.0169407741572454,0.0232410311117612,-0.0288733849831928,-0.023027503584513,0.0157324270774052,-0.10175156757882,0.429222421629198
17.82,0.022293227226813,0.266764547456971,1.25344883624059,-0.071994336650363,0.0222294727433297,0.0167097388903529,0.0237746972443003,-0.028685423495235,-0.0228507384773707,0.0154914148010137,-0.101707347962302,0.429381224879432
17.83,0.0215744782398139,0.266985399365625,1.2536147997924,-0.0717529397786912,0.0219419722485158,0.016483759387698,0.024389824589975,-0.0286448642894412,-0.0225175244228392,0.0152508066000866,-0.101664016196087,0.42953789167487
17.84,0.0208581684312392,0.267203386901941,1.25377851142834,-0.0715065401585635,0.0216565754575409,0.0162593884018961,0.0248857995109873,-0.0284352189321171,-0.0223546928251891,0.0150106271615767,-0.101621563046206,0.429692437150955
17.85,0.0201443474366426,0.267418530874776,1.25393998756043,-0.0712552237884715,0.0213732678698735,0.0160366655311942,0.0253728091231474,-0.0282255129505094,-0.0221891790913596,0.0147709008592362,-0.101579979377479,0.429844876517756
17.86,0.0194330639554698,0.267630852259339,1.25409924473896,-0.0709990839761006,0.0210920651985307,0.0158156048200689,0.0258505121731546,-0.0280143026992763,-0.022022263858613,0.0145316517072472,-0.101539256025573,0.429995225134253
17.87,0.0187243657571207,0.267840372178746,1.25425629965684,-0.0707382135450084,0.020812981815888,0.015596220254022,0.0263189504778125,-0.0278016873895175,-0.0218539888104095,0.0142929033605516,-0.101499383801913,0.43014349850142
17.88,0.0180182996845696,0.268047111895657,1.25441116914404,-0.0704727049665443,0.0205360314507404,0.0153785250438608,0.0267781580700531,-0.0275877123516419,-0.0216844521194719,0.0140546791143928,-0.101460353496538,0.430289712255935
17.89,0.0173149116577895,0.268251092807761,1.25456387015771,-0.0702026503836073,0.0202612275688551,0.0151625312116325,0.0272281655888487,-0.0273723861247541,-0.0215137895025228,0.0138170019038125,-0.101422155880165,0.430433882163884
17.9,0.0166142466768975,0.268452336447034,1.25471441976828,-0.0699281416547674,0.0199885837282453,0.0149482492538103,0.0276689970981673,-0.0271556841896514,-0.0213421645856036,0.0135798943030966,-0.101384781705472,0.430576024114631
17.91,0.0159163488246942,0.268650864482326,1.25486283514279,-0.0696492704416439,0.019718113885062,0.0147356879199204,0.0279962078730571,-0.0267560992914262,-0.021324113572697,0.0133433785250805,-0.101348221707681,0.43071615411506
17.92,0.0152212612680647,0.268846698724735,1.25500913352667,-0.0693682174973062,0.0194534617424168,0.0145217669823564,0.0284042888990164,-0.0265236904090093,-0.0211543225764341,0.0131074764201567,-0.101312466604559,0.430854288284418
17.93,0.0145289844747481,0.269039933717174,1.25515327048244,-0.0690811846636636,0.0191876400768819,0.0143126014683917,0.0290091263354934,-0.026650794980322,-0.0206752660153473,0.0128721949326824,-0.101277492618084,0.430990450856738
17.94,0.0138396375747914,0.269230451526273,1.25529538555604,-0.0687880349705964,0.0189204458428103,0.0141082616620494,0.0294217510480462,-0.0264392623300369,-0.0204953235305458,0.0126375823757117,-0.101243318361861,0.431124643867552
17.95,0.0131532237753362,0.26941834263403,1.25543543571568,-0.0684927496427027,0.0186588548302811,0.0139026949977808,0.0297236238360497,-0.0260494971089664,-0.020465752088584,0.0124036464590162,-0.101209920901755,0.431256890370196
17.96,0.0124697825819374,0.269603628622878,1.255573439456,-0.0681935624938754,0.018399455900631,0.0136989466202778,0.0301091210490336,-0.0258283266874283,-0.0202853614917994,0.0121704075827335,-0.101177291056778,0.431387206935603
17.97,0.0117893525254588,0.269786331752043,1.25570941464808,-0.067890567221722,0.0181422882965326,0.0134969877679448,0.0304854315123692,-0.0256046186432289,-0.0201062276855541,0.0119378857511957,-0.101145419527049,0.431515610210243
17.98,0.0111119712375028,0.269966474388809,1.25584337921136,-0.0675838538636279,0.0178873635277664,0.0132968220665666,0.0308527236572202,-0.0253797116940357,-0.0199268204635814,0.0117061006047479,-0.101114297008445,0.43164211692332
17.99,0.0104376754481862,0.270144079022598,1.25597535108941,-0.0672735127485777,0.0176346940626519,0.0130984513586732,0.0312109612637917,-0.0251535441905825,-0.0197472693386221,0.0114750714178583,-0.101083914190745,0.431766743883162
18,0.00976650098253124,0.270319168270062,1.25610534823853,-0.0669596346383521,0.0173842926439547,0.0129018766797942,0.0315600986839942,-0.0249261183432614,-0.0195676174541423,0.0112448170969345,-0.101054261757589,0.431889507974511
18.01,0.00909848275541921,0.270491764875477,1.25623338862301,-0.0666423107748978,0.0171361716957867,0.0127070990095904,0.0319000973411899,-0.0246975053393172,-0.0193878308363268,0.0110153561777479,-0.101025330387392,0.432010426156358
18.02,0.00843365476703331,0.270661891703978,1.25635949021872,-0.0663216326915283,0.0168903425371684,0.0125141200630677,0.0322309528934375,-0.0244678578922863,-0.0192078048444352,0.0107867068231053,-0.100997110755701,0.432129515459767
18.03,0.00777205010158867,0.270829571726221,1.25648367102427,-0.065997691717029,0.0166468145379409,0.0123229429127017,0.0325527270128155,-0.024237407721257,-0.0190273909922442,0.0105588868216887,-0.100969593539285,0.432246792984879
18.04,0.00711370093269276,0.270994827994736,1.25660594907698,-0.065670578151272,0.0164055943827433,0.0121335722432228,0.0328655773544448,-0.0240064478258816,-0.0188464385819661,0.0103319135891564,-0.100942769421874,0.432362275896139
18.05,0.00645863853856326,0.271157683613876,1.25672634246914,-0.0653403801699402,0.0161666855814233,0.0119460141410624,0.0331697763929169,-0.0237753049932326,-0.0186648370049611,0.0101058041725592,-0.100916629101137,0.432475981414887
18.06,0.00580689332929398,0.271318161706365,1.2568448693598,-0.0650071826234137,0.0159300882828786,0.0117602755031236,0.0334657079347513,-0.023544312278825,-0.0184825387422569,0.00988057525879765,-0.10089116329624,0.432587926808818
18.07,0.00515849488609478,0.271476285379533,1.2569615479792,-0.064671066011245,0.0156957993358467,0.0115763633662172,0.0337538313612232,-0.0233137915033026,-0.0182995451324459,0.0096562431871251,-0.100866362755336,0.432698129378566
18.08,0.00451347200906911,0.271632077693082,1.25707639662712,-0.0643321059961892,0.0154638124528126,0.0113942846004747,0.0340346097801821,-0.0230840489098836,-0.0181158515688569,0.00943282396462738,-0.100842218262577,0.432806606442708
18.09,0.00387185276617103,0.27178556162859,1.25718943367121,-0.0639903738156414,0.0152341183576491,0.01121404633484,0.0343084101418527,-0.0228553735816272,-0.0179313753173601,0.00921033328232927,-0.100818720644644,0.432913375323524
18.1,0.00323366453275631,0.271936760060235,1.25730067755382,-0.0636459377933522,0.01500670498118,0.0110356570941275,0.0345753990187457,-0.0226280153056711,-0.0177459161010426,0.00898878652848564,-0.100795860776936,0.433018453336509
18.11,0.00259893401030401,0.272085695728213,1.25741014681309,-0.0632988658352665,0.0147815580515357,0.0108591280128192,0.0348354714571675,-0.0224021199381206,-0.0175592046419712,0.00876819879523187,-0.100773629589265,0.433121857786367
18.12,0.001967687216051,0.272232391221266,1.25751786011407,-0.0629492283642089,0.0145586625824176,0.0106844730012881,0.0350882533161415,-0.0221776268199865,-0.0173710578816707,0.00854858487564681,-0.100752018069884,0.433223605970682
18.13,0.00133994944301986,0.272376868979862,1.25762383627312,-0.0625971007689437,0.014338005515136,0.0105117068551858,0.0353332005618063,-0.0219541785143021,-0.0171815845162436,0.00832995925068444,-0.100731017265654,0.433323715189882
18.14,0.000715745200671934,0.272519151331568,1.25772809425118,-0.0622425643529726,0.0141195790121315,0.0103408413109631,0.0355697788299859,-0.0217311247154141,-0.0169913144503393,0.00811233606897161,-0.100710618276041,0.43342220275936
18.15,9.5098155960433e-05,0.272659260560104,1.25783065309933,-0.061885705192344,0.0139033830208277,0.010171880566179,0.0357976568259741,-0.021507674804606,-0.0168011303902656,0.00789572912585852,-0.100690812240524,0.433519086018098
18.16,-0.000521968903174919,0.272797218991985,1.2579315318625,-0.0615266112164532,0.0136894255160394,0.0100048187031578,0.0360168227229001,-0.0212831606180583,-0.0166119909522651,0.00768015184928952,-0.100671590322433,0.433614382329226
18.17,-0.0011354340683686,0.272933049070425,1.2580307494734,-0.061165368737886,0.0134777198084665,0.00983964074713371,0.0363146190305548,-0.0212245520070384,-0.0162716248353074,0.00746561729761512,-0.100652943695076,0.433708109071479
18.18,-0.00174527627793261,0.273066773388154,1.25812832467744,-0.0608003188358421,0.0132649344758987,0.00967938620645169,0.0364982170696142,-0.0209755440870606,-0.0161004153903528,0.00725213816920556,-0.100634863535756,0.433800283624674
18.19,-0.00235144044508542,0.273198347759943,1.25822433719753,-0.0604354043964937,0.0130582089267253,0.00951763243932667,0.0365043153864733,-0.0203943285856387,-0.0162360792832501,0.00703973941549997,-0.100617354129876,0.433890917571172
18.2,-0.00295398436586246,0.273327937566689,1.25831867732623,-0.0600702325281126,0.0128570479041859,0.00935466462078669,0.0367201997326227,-0.0201950072345478,-0.0160369739110607,0.00682840521259299,-0.100600378786917,0.433980041434582
18.21,-0.00355284509564765,0.273455488718027,1.25841143048994,-0.0597010004018413,0.0126543087820344,0.00919689296110546,0.0370114969734784,-0.0201611456686073,-0.0156844807431533,0.00661816308222394,-0.100583943775617,0.434067664700646
18.22,-0.00414800437389926,0.273581023742329,1.25850261518545,-0.0593300025886431,0.0124538249908138,0.00904097500592363,0.037183474875327,-0.0199353155072551,-0.0154995738560461,0.00640902449244152,-0.100568040419999,0.434153804653222
18.23,-0.00473944514742069,0.273704565217843,1.25859224999006,-0.0589573309043346,0.0122556024718892,0.00888690148398449,0.0373477849346366,-0.0197090657050604,-0.0153162204718263,0.00620100042722233,-0.100552660076822,0.434238478631237
18.24,-0.00532715099198593,0.273826135791767,1.25868035321513,-0.0585830468899504,0.0120596436767126,0.00873465059648711,0.0375060060553188,-0.0194829024822993,-0.0151346646409818,0.00599410158242555,-0.100537794124979,0.434321703908053
18.25,-0.00591110608521968,0.273945758091377,1.25876694300199,-0.0582072107832283,0.0118659444222432,0.00858420819116486,0.0376581529397656,-0.0192572678817124,-0.0149543478289444,0.00578833837655864,-0.1005234339834,0.434403497688836
18.26,-0.00649129520765047,0.274063454680212,1.25885203737896,-0.0578298838311551,0.0116744983190783,0.00843556363990823,0.0378040453235623,-0.019032191603264,-0.0147751086398979,0.00558372095146994,-0.100509571120196,0.434483877112703
18.27,-0.00706770376184275,0.274179248057759,1.25893565427479,-0.057451129876757,0.011485300590178,0.00828870601836691,0.0379433580085354,-0.018807391991977,-0.0145970879816832,0.00538025916630049,-0.100496197053301,0.43456285925719
18.28,-0.00764031780518559,0.274293160692016,1.25901781149932,-0.0570710166709844,0.0112983504792388,0.00814362188027457,0.0380756514344411,-0.0185824508730511,-0.0144205342800248,0.0051779625863235,-0.100483303344693,0.434640461144547
18.29,-0.00820912409526242,0.274405215067343,1.25909852671239,-0.0566896168480682,0.0111136515727169,0.00800029533276642,0.0382004495685013,-0.0183570424423804,-0.0142455829293958,0.00497684046726628,-0.100470881591762,0.434716699750185
18.3,-0.00877411014214693,0.27451543372347,1.25917781740598,-0.0563070076796144,0.0109312096303912,0.00785871022168666,0.0383174349637483,-0.0181311616889299,-0.0140721196396213,0.00477690173727133,-0.100458923420647,0.434791592012241
18.31,-0.00933526424885468,0.274623839259951,1.25925570091683,-0.0559232681487933,0.0107510283389384,0.007718852939974,0.0384267696972538,-0.0179052619249362,-0.0138998276960604,0.00457815498301272,-0.100447420486531,0.434865154837693
18.32,-0.00989257550512297,0.274730454290249,1.25933219446478,-0.0555384722856692,0.0105731043918924,0.00758071366776541,0.0385294226748397,-0.0176802581046849,-0.0137283646033812,0.00438060845176115,-0.100436364483648,0.434937405096478
18.33,-0.010446033694568,0.274835301347789,1.25940731519018,-0.0551526796952965,0.0103974231768447,0.00744428564790638,0.0386272333423283,-0.0174574891018138,-0.0135573540444028,0.00418427008291587,-0.100425747163836,0.435008359594795
18.34,-0.0109956290990289,0.274938402753786,1.25948108017774,-0.0547659276188226,0.0102239546098561,0.00730956658687736,0.0387223888464726,-0.0172387601056486,-0.0133858583806218,0.00398914757496237,-0.10041556036115,0.435078035027142
18.35,-0.0115413522469445,0.275039780439986,1.25955350652192,-0.0543782319183671,0.0100526479747317,0.00717656848029395,0.0388162146329968,-0.0170262438485566,-0.0132116510948027,0.00379524847341554,-0.100405796024078,0.435146447924888
18.36,-0.0120831937373962,0.27513945571328,1.25962461154734,-0.0539896033261627,0.00988342973288502,0.00704533356498131,0.0388152973763789,-0.0119414669508272,-0.0193437928719406,0.00360258023673125,-0.100396446259597,0.435213614637925
18.37,-0.0126211443134677,0.275237449034644,1.25969441319322,-0.0536019259708395,0.00981381863571516,0.00678969262285515,0.0389966538460599,-0.0166372548394434,-0.0128288447954259,0.00341115022009571,-0.100387503377352,0.435279551383549
18.38,-0.013155232256813,0.275335732085994,1.2597604053998,-0.0532096702492415,0.00955068463609616,0.0067887566690728,0.039229616549565,-0.0215228260255745,-0.00610906453257704,0.00322091361267632,-0.10037856947966,0.435344167586146
18.39,-0.0136853377184527,0.275428462727366,1.2598301883266,-0.0528173336398481,0.00938336211520361,0.00666751133220359,0.039211119436989,-0.0078475553404721,-0.0234677868892714,0.00303203342620974,-0.100370809470199,0.435407799828995
18.4,-0.0142115789296099,0.275523399328299,1.25989375562644,-0.0524254478605018,0.00939373352928672,0.00631940093128738,0.0391773035219337,-0.0205224475385854,-0.00639885992359561,0.00284431691092868,-0.100362667904927,0.435470035330099
18.41,-0.0147338466756627,0.275616337397952,1.25995657634523,-0.0520337875694094,0.00897291316443191,0.00653953413373168,0.0391088259415436,-0.0281561403737984,0.00409432211523359,0.00265789041066357,-0.100354981865221,0.435531116319506
18.42,-0.0152522546809981,0.275702857591587,1.26002454630912,-0.0516432713416709,0.00883061072181076,0.00640128737359205,0.0393242307818496,-0.00295935578140123,-0.0284949198103858,0.00247281173762831,-0.100348634876041,0.43559135170362
18.43,-0.0157667121024961,0.275792949612388,1.2600846020927,-0.0512473029537725,0.00891372604880388,0.00596963573752398,0.0393941034627332,-0.0157573210213264,-0.0113653726702139,0.00228890935318193,-0.10034162160365,0.435650143698983
18.44,-0.0162772007400735,0.275881132112563,1.26014393902387,-0.0508553892724163,0.00851546430138424,0.00617397992018778,0.0392084950496233,-0.0267786694653505,0.00362283251176277,0.00210630645082265,-0.100335036314254,0.435707831834109
18.45,-0.0167838198879444,0.275963258898416,1.2602080816911,-0.05046313305278,0.00837815265949689,0.00604209238775923,0.0394742463793935,-0.0031583238563339,-0.0269429229826657,0.00192506069791227,-0.100329707865361,0.435764703209587
18.46,-0.0172864634011291,0.276048695165753,1.26026478087162,-0.0500659043448284,0.00845229782425756,0.00563512146053447,0.0394628088024739,-0.015195892039205,-0.0108168630780747,0.00174501648703616,-0.100323755538349,0.435820197070378
18.47,-0.017785137974841,0.276132304854901,1.26032078412031,-0.0496738768767305,0.00807423481871279,0.00582575512619774,0.0392817460495178,-0.0254997105668363,0.00323286346415277,0.00156628205309475,-0.10031820519103,0.435874633284023
18.48,-0.0182799409386638,0.276210179862127,1.26038129597415,-0.0492802694238379,0.00794230361292076,0.00569977872981754,0.0395877181393172,-0.00322863469258198,-0.0255557072841909,0.00138891116121051,-0.100313838259988,0.435928281223266
18.49,-0.0187707433633177,0.276291150927159,1.26043477969491,-0.0488821225139442,0.00800966212486115,0.00531464098051393,0.0394655702192039,-0.0145707422069547,-0.0103387735200804,0.00121276643497933,-0.100308880092517,0.435980617871523
18.5,-0.0192575833889427,0.276370373104625,1.26048758879376,-0.0484909580194539,0.00765088876878167,0.00549300325941594,0.0393020370915048,-0.0242865799408863,0.00289096243888409,0.00103793854738215,-0.100304299519101,0.436031940135714
18.51,-0.0197405625237067,0.276444168702535,1.2605446397601,-0.0480960817721141,0.00752393052604344,0.00537246022929161,0.0396941059449469,-0.00329531071152649,-0.02427700579677,0.000864476458455995,-0.100300831842706,0.436082508479169
18.52,-0.020219505024385,0.276520851715146,1.26059503799834,-0.0476970759005549,0.00758498255455114,0.00500746314348055,0.0396604048231495,-0.00507244072481285,-0.0216157587679132,0.000692267045433924,-0.100296805120911,0.436131818684036
18.53,-0.0206945040417178,0.276595868353626,1.26064478902297,-0.0473028736756512,0.00742248171154718,0.00494014505393336,0.0391545835379972,-0.0264755336600042,0.00685702823299855,0.000521377276569812,-0.100293130983701,0.436180162131424
18.54,-0.021165562497898,0.276669301349377,1.26069384089942,-0.046913984229795,0.00705547188135107,0.00514460370814051,0.0392218465431712,-0.0237564524109567,0.00393727573988495,0.000351808838578927,-0.100289789773128,0.436227555668599
18.55,-0.0216327837263137,0.276736977791253,1.26074768109713,-0.0465184367447878,0.00694735266332806,0.00501889056873106,0.0397693805462668,-0.000413940809192298,-0.0261492523285089,0.000183617113267573,-0.100287617668961,0.436274259926482
18.56,-0.0220959312327937,0.276808248402643,1.2607942187108,-0.0461185966188697,0.00704719306516722,0.00462161866157035,0.0396317626644976,-0.00272713780752298,-0.0231351894058842,1.66962597527784e-05,-0.100284730174359,0.436319770438182
18.57,-0.0225551556586912,0.276877921652556,1.26084011347036,-0.0457258014914977,0.00689280990717759,0.0045561867806133,0.0390856184944494,-0.0248325630596786,0.00633551204336195,-0.000148904292113172,-0.100282171968801,0.43636434744901
18.58,-0.0230104472626236,0.276946104600787,1.26088534244641,-0.0453368842489807,0.00655054180397366,0.00474832890243758,0.039144570564595,-0.022275541231299,0.00362110247953423,-0.000313174962880525,-0.10027991707477,0.436408029660091
18.59,-0.0234618933436708,0.277008932488636,1.26093508004841,-0.0449429100802058,0.00644729908255162,0.00462860883020398,0.0395782351995178,-0.000691799186686174,-0.0247166264705234,-0.000476054344372312,-0.10027873791257,0.436451093535612
18.6,-0.0239093054642277,0.277075050582438,1.26097791462301,-0.0445453195449904,0.00653670582023994,0.00425399637302713,0.0393215757394439,-0.0100439347346108,-0.0118528732545592,-0.000637669000866807,-0.100276897310511,0.4364929839886
18.61,-0.0243527997345706,0.27713966660504,1.26102015997587,-0.0441564785654169,0.00624642038785941,0.00439155136511281,0.0390710027570984,-0.0198744289481309,0.00186534676871468,-0.000797952757759283,-0.100275355759538,0.436534004651061
18.62,-0.0247924350355361,0.277199978990195,1.26106574565032,-0.0437638994898484,0.00613921724127733,0.00429130330840142,0.0393793097582981,-0.0034441557764659,-0.0197640275740127,-0.000956847480931233,-0.100274669214999,0.436574424128958
18.63,-0.0252280777243676,0.277262450949866,1.26110598604204,-0.043368892370251,0.00617753727233009,0.00399627081363256,0.0392766024609849,-0.00489911762019338,-0.0176439568805285,-0.00111446145875017,-0.100273541620055,0.436613768820513
18.64,-0.0256598128829412,0.277323529735641,1.26114567106659,-0.0429783674406286,0.00604123488887344,0.00393842417079079,0.0390285147283916,-0.013344289982954,-0.00598436374395856,-0.00127073748417076,-0.100272682536254,0.436652305468749
18.65,-0.0260876450731801,0.277383275647643,1.26118475452546,-0.0425883220756832,0.00591065147267102,0.00387658353875339,0.0387625810229217,-0.0222512586026134,0.00611222888691225,-0.00142567581676017,-0.100272077553955,0.436690043250215
18.66,-0.0265115793244549,0.277441742765095,1.26122320273736,-0.0422031158201702,0.00559620971682119,0.00406066874852904,0.038744461173343,-0.0200563071064983,0.00354247697231816,-0.00157927651454746,-0.100271713464013,0.436726993381827
18.67,-0.0269317073895835,0.27749519984198,1.26126596790043,-0.0418134328522163,0.00550952533054106,0.00394743307819975,0.0391469681000988,0.000677113306812874,-0.0233966683582675,-0.00173148371658935,-0.100272337261009,0.436763405835758
18.68,-0.0273478479814992,0.277551933271706,1.26130215139893,-0.0414201764581682,0.00560975198295744,0.0035927353813637,0.0390307567873208,-0.00123220011055694,-0.0204131343711786,-0.00188242121107478,-0.100272283030755,0.436798764271122
18.69,-0.0277601109187469,0.277607394881639,1.26133782260805,-0.0410328177164699,0.00548488132832992,0.00353917039077619,0.0386976250730754,-0.0122496564160251,-0.00554726023505061,-0.00203201863657335,-0.100272461065174,0.436833385938406
18.7,-0.0281685043358285,0.277661630898272,1.26137293480674,-0.0406462239567067,0.00536475885463695,0.00348179017666269,0.0386222785069797,-0.0117834636233221,-0.00586619231357525,-0.00218027858148455,-0.100272860360389,0.436867273596567
18.71,-0.028573035397881,0.277714690058732,1.26140745841159,-0.0402603721463304,0.00524921205586348,0.00342184654450469,0.0385456058591469,-0.0113532440778236,-0.00608688737860586,-0.00232720209187311,-0.100273469016334,0.436900437655683
18.72,-0.0289737117787551,0.27776661513939,1.26144137173763,-0.0398753118395238,0.00513769397308048,0.00336005242909057,0.0382710583372809,-0.0206510272009158,0.00654541665423471,-0.00247279029074679,-0.100274276364264,0.436932888915688
18.73,-0.0293705416346716,0.277817443938193,1.26147465946017,-0.0394949509795846,0.0048361915118451,0.0035527548775894,0.0381998517221622,-0.0185529969578653,0.00406195621308284,-0.00261704440405939,-0.100275272774068,0.436964638410809
18.74,-0.0297636107983468,0.277863338969626,1.26151242683519,-0.0391113148050806,0.00476663403392318,0.00344129155335223,0.0385295924774339,0.0025660577787635,-0.0234989715591781,-0.00275990130131604,-0.100277226260881,0.436995947646208
18.75,-0.0301527679307732,0.277912776618872,1.26154348529124,-0.038724359130036,0.00488751266742037,0.00308277544640585,0.0384328851100767,0.000513193777196286,-0.0203355443673123,-0.00290150728374055,-0.100278434691503,0.437026273363322
18.76,-0.0305380979809475,0.277961089222975,1.26157408234411,-0.0383426571028791,0.00477689790946711,0.00303458066600599,0.0380957608306293,-0.0108598893511229,-0.00498247352209734,-0.00304177638796117,-0.100279831274957,0.437055948197993
18.77,-0.0309196210728307,0.278008314577061,1.26160417690456,-0.0379624439134234,0.00467031488039792,0.0029831259759639,0.0379718505813203,-0.0104570664935526,-0.00524941680790669,-0.00318071600168975,-0.100281407355183,0.437084973238217
18.78,-0.031297346859216,0.278054495520583,1.26163374486363,-0.0375832200912527,0.00456775657959606,0.00292959232984786,0.0378706498596547,-0.0100782663108039,-0.00542729012065226,-0.0033183282638346,-0.10028315249897,0.437113358356602
18.79,-0.0316712854746558,0.278099669708653,1.26166276875115,-0.0372050309162303,0.00446874955418185,0.00287458017355086,0.0377651362607112,-0.00974269971462703,-0.00555085723219518,-0.00345461540598234,-0.100285057352851,0.437141113674864
18.8,-0.0320414474775406,0.278143870511666,1.2616912364671,-0.0368279173660385,0.00437290258530352,0.00281857518520396,0.0376556540678798,-0.00944285765834229,-0.00563050656656995,-0.00358957975542257,-0.10028711346278,0.437168249475252
18.81,-0.0324078438219765,0.278187127760359,1.26171914025486,-0.0364519178348727,0.004279892401015,0.00276197004221946,0.0375424407698891,-0.00917254752014081,-0.00567466418632736,-0.00372322374364932,-0.100289313124981,0.437194776136106
18.82,-0.0327704858342381,0.278229468359687,1.26174647586795,-0.0360770685506406,0.00418945163490068,0.00270508190147739,0.0374256959575947,-0.00892668022316591,-0.00569017630067461,-0.0038555499124219,-0.10029164926279,0.437220704083648
18.83,-0.0331293851929893,0.278270916793057,1.26177324189289,-0.0357034039157209,0.00410135879655169,0.00264816651620598,0.0373055884963899,-0.00870108315315124,-0.00568261137201567,-0.00398656091810932,-0.100294115325324,0.437246043755141
18.84,-0.0334845539125525,0.278311495535618,1.26179943919827,-0.0353309567807128,0.00401542997183766,0.00259142967403708,0.037066098997082,-0.017510648808173,0.00621978841874897,-0.00411625953476686,-0.100296705204314,0.437270805570269
18.85,-0.0338360043286036,0.278351225392494,1.26182507048637,-0.0349620819357792,0.00375114582038824,0.00277256228458095,0.0368913524093265,-0.015655580966057,0.00406989282164556,-0.00424464865623478,-0.100299413165952,0.437294999908652
18.86,-0.0341837955512681,0.278386518452026,1.26185489044396,-0.0345931297325263,0.00370231835251652,0.00267282753046999,0.0370254248269386,0.00391903649768505,-0.0214150623145679,-0.00437165983322475,-0.10030295706656,0.437318864062371
18.87,-0.0345278669232541,0.278425271759544,1.26187852703698,-0.0342215734392405,0.00382952655034194,0.0023442610382896,0.037014852653582,0.00187687741331505,-0.0184270445030767,-0.00449746270381203,-0.100305753056143,0.437341911635994
18.88,-0.0348682270200529,0.278463108983032,1.26190177566473,-0.0338528326794547,0.00373985590078282,0.00230428664040847,0.036721575345367,-0.00878500327969203,-0.00409819779278953,-0.00462195049961786,-0.100308674965039,0.437364431008139
18.89,-0.0352049235768433,0.27850006887756,1.26192461276978,-0.033487141932333,0.00365382648474807,0.0022622970824338,0.0365017293539213,-0.00844253157685814,-0.00427034345604951,-0.00474514007631007,-0.100311714833685,0.437386430101292
18.9,-0.0355379698586995,0.278536185512727,1.26194702160638,-0.0331227980923762,0.00357100526924566,0.00221887977128748,0.036365182773461,-0.00813984545391978,-0.00439078635727803,-0.00486703518844481,-0.100314864454983,0.437407917677075
18.91,-0.0358673795386908,0.278571488982945,1.26196899036521,-0.0327598382768638,0.00349102957566968,0.00217448135528824,0.0362251647585008,-0.00787026022033877,-0.00447082895815872,-0.00498763968159121,-0.100318116458735,0.437428902627032
18.92,-0.0361931666242368,0.278606006104241,1.26199051123348,-0.0323982947972062,0.00341360006483889,0.0021294631921243,0.0360820180319803,-0.00762801742465491,-0.00451820852898098,-0.005106957481853,-0.100321464170028,0.437449393920665
18.93,-0.0365153454346349,0.278639760984242,1.26201157962905,-0.0320381979162242,0.00333846922717658,0.00208411718470862,0.0359359297593728,-0.00740840478657998,-0.00453922452126075,-0.00522499260129857,-0.10032490149462,0.437469400563755
18.94,-0.0368339305825613,0.278672775488784,1.26203219357718,-0.0316795762020188,0.00326543196910729,0.00203867870169909,0.0358656775224627,-0.013844329899288,0.00422464777882789,-0.00534174914211755,-0.100328422825023,0.43748893156566
18.95,-0.0371489369586753,0.278705069623624,1.26205235320309,-0.031320884365775,0.00306158262919083,0.00216861014028518,0.0355130524894526,-0.0124443764389087,0.00261963786218912,-0.00545723129974581,-0.100332022963591,0.437507995913481
18.96,-0.0374603482698768,0.278734007141368,1.26207556577998,-0.0309693151522298,0.00301654444032913,0.00209107145894287,0.0352254259729018,0.00199917331547591,-0.0161917477370548,-0.0055713639734191,-0.100336226763685,0.437526773651497
18.97,-0.0377683232617198,0.27876540051243,1.26209417463227,-0.030616375846317,0.00310156609550034,0.00184477518554409,0.0354896299811905,0.000545126071643745,-0.0139781122326913,-0.00568435328438237,-0.100339876119688,0.437544896672873
18.98,-0.0380726757868032,0.278796038463278,1.26211246128369,-0.0302595225526058,0.003027446961762,0.001811509214289,0.0357776340756645,-0.0108953289445775,0.00142628770795607,-0.00579604488426558,-0.100343604545521,0.437562589272911
18.99,-0.038373513712772,0.278825949451666,1.26213040481655,-0.0299008231648037,0.0028836595166088,0.00187330093970321,0.0351778811728661,-0.00997795711443804,0.000418349402342441,-0.005906478795591,-0.10034740875335,0.437579855264253
19,-0.0386706922500993,0.27885371165361,1.26214992730249,-0.0295559649291485,0.00282788781947325,0.00181987620233585,0.0342448552778839,-0.00195843998199172,-0.0100204859937452,-0.00601556110175481,-0.100351565810603,0.437596804721802
19.01,-0.0389646330113549,0.278882507208055,1.2621668023406,-0.029215926059246,0.00284449071696897,0.00167289121982831,0.0345324021776126,-0.00260979912417037,-0.00886749856432483,-0.00612353323842645,-0.100355454077702,0.437613219983844
19.02,-0.0392550107712842,0.27891060146795,1.26218338512689,-0.0288653168855963,0.00277569183698984,0.00164252623104936,0.034734899294569,-0.00674556990612503,-0.00312469155494557,-0.00623022428209272,-0.100359406304496,0.437629240555739
19.03,-0.0395419393490668,0.278938021044795,1.26219965286522,-0.0285212280733547,0.00270957931884647,0.0016103973887294,0.0345246715120082,-0.00997537433655756,0.0013763842254822,-0.00633567675325952,-0.1003634199901,0.437644868641298
19.04,-0.0398254353327512,0.278964793054327,1.26221559307466,-0.0281748234553561,0.00257618435025869,0.001670053915559,0.034092562968114,-0.00906167396425056,0.000359730055188319,-0.0064398959576904,-0.100367488822323,0.4376601114922
19.05,-0.0401054358181739,0.2789895447318,1.26223305394353,-0.0278393768139924,0.00252834583956146,0.00161759198983317,0.0335352308251789,-0.00131132203306567,-0.00970875333629293,-0.0065428202965314,-0.100371883235783,0.437675071769415
19.06,-0.0403822228690311,0.279015359971118,1.26224794491446,-0.0275041188388526,0.00254995790959738,0.00147587884883315,0.0338984751650911,-0.00202387307829372,-0.00846260688358466,-0.00664463664771339,-0.100375996357493,0.437689541742052
19.07,-0.0406555181949511,0.279040543889992,1.26226257152051,-0.0271614073106905,0.00248786837799558,0.00144833985216145,0.0339042226172107,-0.00609621666783893,-0.00283493927165456,-0.0067451922075148,-0.100380154546265,0.437703659005876
19.08,-0.0409254510152449,0.279065117338678,1.2622769117115,-0.0268260343865084,0.0024280335762406,0.00141918006340006,0.0334488346033515,-0.00586952451281398,-0.00295898755164903,-0.00684453560412838,-0.100384357295997,0.437717423340389
19.09,-0.0411920388826812,0.279089104561517,1.26229095512178,-0.0264924306186235,0.0023704778877393,0.00138916010112847,0.0332706574631567,-0.00565479211678289,-0.0030291742336709,-0.00694267258180754,-0.100388599033285,0.437730841514141
19.1,-0.0414552996276173,0.279112526896433,1.26230469491352,-0.0261606212372453,0.00231493773390495,0.00135859657872664,0.0330901253010031,-0.00546397432577031,-0.00307095722629227,-0.00703960894260736,-0.100392874800963,0.437743920357968
19.11,-0.0417152513074261,0.279135403316195,1.26231812705335,-0.0258306281126034,0.0022611984012239,0.00132774095660263,0.0329074815662141,-0.00529266062837563,-0.00309020431021892,-0.00713535054110366,-0.100397180148036,0.437756666727279
19.12,-0.0419719121898694,0.279157750864457,1.26233124973265,-0.025502471605921,0.00220908452133744,0.00129679249252226,0.032722863705144,-0.00513730094563732,-0.00309161709345391,-0.00722990328900113,-0.100401511041791,0.437769087472658
19.13,-0.0422253007395445,0.279179585006622,1.2623440629032,-0.0251761708385005,0.00215845238231116,0.00126590861473355,0.0325363855654047,-0.00499503917200594,-0.00307896314000147,-0.00732327315863302,-0.100405863797015,0.437781189416978
19.14,-0.0424754356066395,0.279200919912103,1.26235656790495,-0.0248517438946128,0.0021091837378973,0.00123521322972222,0.0323481431292251,-0.00486357779603588,-0.00305526176801462,-0.00741546618553542,-0.100410235018964,0.437792979337549
19.15,-0.0427223356174368,0.27922176868138,1.26236876716779,-0.0245292079759161,0.00206118082639044,0.00120480337937326,0.0321582187222058,-0.00474106864420419,-0.00302293262699495,-0.00750648847025343,-0.100414621557426,0.437804463952184
19.16,-0.0429660197661578,0.279242143528631,1.26238066397254,-0.0242085795201687,0.00201436236501322,0.00117475457718233,0.0319666841251169,-0.00462602480363913,-0.00298391462594261,-0.00759634617951616,-0.100419020469693,0.437815649908351
19.17,-0.0432065072078401,0.27926205592868,1.26239226225934,-0.0238898742934137,0.00196866033031766,0.00114512508685441,0.0317736028989705,-0.00451724968500453,-0.00293976116949602,-0.0076850455468935,-0.100423428990705,0.437826543774739
19.18,-0.0434438172520261,0.279281516735237,1.26240356647427,-0.0235731074621893,0.00192401737131313,0.00111595935379241,0.0315790321477584,-0.00441377994028788,-0.00289171646128418,-0.0077725928730344,-0.100427844508951,0.437837152034747
19.19,-0.0436779693570839,0.279300536276106,1.26241458144641,-0.0232582936504586,0.0018803847315119,0.00108729075762872,0.0313830238498846,-0.00431483954829743,-0.00284077666945505,-0.00785899452556334,-0.100432264547,0.43784748108149
19.2,-0.0439089831250352,0.279319124429868,1.26242531228943,-0.0229454469851916,0.00183772058034719,0.00105914382040331,0.0311856258813754,-0.00421980290155073,-0.00278773896189589,-0.00794425693870376,-0.100436686745749,0.437857537214026
19.21,-0.0441368782967877,0.279337290687713,1.26243576432282,-0.0226345811328311,0.00179598867348089,0.00103153597839081,0.0309868828178313,-0.00412816515098413,-0.00273324082368036,-0.00802838661268252,-0.10044110885165,0.437867326634539
19.22,-0.0443616747476918,0.279355044203337,1.26244594300899,-0.022325709328835,0.0017551572773275,0.0010044790039297,0.0307868365406361,-0.00403951837327167,-0.00267779160179024,-0.00811139011295888,-0.100445528706341,0.437876855446308
19.23,-0.0445833924833645,0.27937239383326,1.2624558539029,-0.0220188444020183,0.00171519830601545,0.000977980146354994,0.0305855267218541,-0.00395353243141784,-0.00262179780051948,-0.00819327406931575,-0.100449944238195,0.437886129652287
19.24,-0.0448020516357322,0.279389348169458,1.26246550261192,-0.0217139987943979,0.00167608662869915,0.000952043047919313,0.0303829912137397,-0.00386993961654109,-0.00256558337574664,-0.00827404517484268,-0.100454353455408,0.437895155154191
19.25,-0.0450176724592525,0.279405915565834,1.26247489476386,-0.0214111845777435,0.00163779951368463,0.000926668478840062,0.0301792663402583,-0.0037885223093394,-0.00250940602020144,-0.0083537101848336,-0.100458754440336,0.437903937751978
19.26,-0.045230275327287,0.279422104159731,1.2624840359815,-0.0211104134675928,0.00160031618251236,0.000901854927515286,0.029974387137558,-0.00370910307162535,-0.00245347022864727,-0.00843227591561933,-0.100463145344813,0.437912483143652
19.27,-0.0454398807286043,0.279437921889484,1.26249293186241,-0.0208116968349923,0.00156361745225212,0.000877599074267118,0.0297683875547322,-0.0036315367027419,-0.00239793779222018,-0.00850974924335154,-0.100467524386278,0.437920796925338
19.28,-0.0456465092639869,0.279453376508776,1.26250158796298,-0.0205150457164982,0.00152768544845753,0.000853896171670883,0.0295613005976011,-0.00355570385829355,-0.00234293620449143,-0.00858613710274857,-0.100471889844527,0.437928884591552
19.29,-0.0458501816429343,0.279468475598453,1.26251000978584,-0.0202204708230403,0.00149250337508625,0.00083074035017729,0.0293531584539416,-0.00348150592868761,-0.00228856541495413,-0.00866144648581529,-0.100476240058998,0.437936751535652
19.3,-0.0460509186804477,0.279483226576278,1.26251820276999,-0.0199279825474193,0.00145805532988378,0.000808124863371801,0.029143992601561,-0.00340886093715024,-0.00223490325746575,-0.00873568444054448,-0.100480573426446,0.437944403050422
19.31,-0.0462487412938826,0.279497636705051,1.26252617228311,-0.0196375909710091,0.00142432615634325,0.000786042285027976,0.0289338338835746,-0.00333770023883083,-0.00218200980173193,-0.00880885806960546,-0.10048488839896,0.437951844328774
19.32,-0.0464436704998679,0.279511713099405,1.26253392361569,-0.0193493058697478,0.00139130132510715,0.000764484667337156,0.0287227125778808,-0.00326796587470227,-0.00212993084169199,-0.0088809745290267,-0.100489183482246,0.437959080464534
19.33,-0.0466357274112776,0.279525462731553,1.26254146197646,-0.0190631367194515,0.0013589668388492,0.000743443668194137,0.0285106584518176,-0.00319960845748827,-0.00207870069934843,-0.00895204102687476,-0.100493457234113,0.437966116453305
19.34,-0.0468249332342569,0.279538892436182,1.26254879248905,-0.0187790927007114,0.00132730915595739,0.000722910653350188,0.0282977008084402,-0.00313258546505449,-0.00202834448737041,-0.00902206482193482,-0.100497708263137,0.437972957193396
19.35,-0.0470113092652918,0.279552008914672,1.26255592018952,-0.0184971827032827,0.00129631512954811,0.00070287677844673,0.028083868526906,-0.00306685987397372,-0.00197887991326704,-0.0090910532223932,-0.10050193522746,0.43797960748679
19.36,-0.0471948768883226,0.279564818738773,1.26256285002462,-0.0182174153301733,0.00126597195847791,0.000683333055084848,0.0278691900946182,-0.00300239907297118,-0.00193031872930413,-0.00915901358452601,-0.100506136833692,0.437986072040164
19.37,-0.0473756575718953,0.279577328353841,1.26256958685063,-0.0179397989013904,0.00123626714808869,0.000664270403860648,0.0276536936316358,-0.0029391739789328,-0.00188266790047158,-0.00922595331139357,-0.100510311835916,0.437992355465935
19.38,-0.0475536728663504,0.279589544081735,1.2625761354327,-0.0176643414575406,0.00120718847889926,0.000645679697075418,0.0274374069160786,-0.0028771583386596,-0.0018359305442581,-0.00929187985154319,-0.100514459034741,0.437998462283337
19.39,-0.0477289444010461,0.279601472123419,1.26258250044457,-0.0173910507630687,0.00117872398131549,0.00062755179297548,0.0272203574104919,-0.00281632816538974,-0.00179010668787661,-0.00935680069772071,-0.100518577276435,0.438004396919516
19.4,-0.0479014938816118,0.279613118561361,1.26258868646856,-0.0171199343093308,0.00115086191559146,0.000609877563317886,0.0270025722732593,-0.00275666128313214,-0.00174519386997314,-0.00942072338559125,-0.100522665452085,0.438010163710653
19.41,-0.0480713430872327,0.279624489361731,1.26259469799583,-0.0168509993176035,0.00112359075565285,0.000592647915576018,0.0267840783764646,-0.00269813697398325,-0.00170118762743428,-0.0094836554924697,-0.100526722496807,0.438015766903091
19.42,-0.0482385138679638,0.279635590376474,1.26260053942687,-0.0165842527418015,0.0010968991761118,0.000575853810769201,0.0265649023220931,-0.00264073568637124,-0.00165808189123158,-0.00954560463606195,-0.100530747388976,0.438021210654482
19.43,-0.0484030281420688,0.279646427345254,1.26260621507205,-0.0163197012711617,0.00107077604192543,0.000559486277751387,0.0263450704558754,-0.00258443880088455,-0.00161586930058639,-0.00960657847321561,-0.100534739149484,0.438026499034942
19.44,-0.048564907893387,0.279657005897312,1.26261172915242,-0.016057351332684,0.00104521040009411,0.000543536424757474,0.0261246088787738,-0.00252922844945502,-0.00157454145610643,-0.00966658469868253,-0.100538696841018,0.438031636028215
19.45,-0.0487241751687224,0.279667331553255,1.26261708580054,-0.0157972090935862,0.00102019147293633,0.000527995448629259,0.0259035434577876,-0.00247508737255553,-0.00153408912795256,-0.0097256310438899,-0.100542619567352,0.438036625532843
19.46,-0.0488808520752588,0.279677409726771,1.2626222890614,-0.0155392804635283,0.000995708652643001,0.000512854642198424,0.0256818998394471,-0.00242199879763912,-0.0014945024201563,-0.00978372527572396,-0.100546506472653,0.438041471363341
19.47,-0.049034960777993,0.279687245726308,1.26262734289339,-0.0152835710967973,0.000971751496983545,0.000498105400226134,0.0254597034542309,-0.00236994634680822,-0.00145577090493434,-0.00984087519532189,-0.100550356740797,0.438046177251378
19.48,-0.0491865234971948,0.279696844756711,1.2626322511694,-0.0150300863944436,0.000948309725706829,0.000483739224099732,0.0252369795345319,-0.00231891396611762,-0.00141788372764581,-0.0098970886368758,-0.100554169594693,0.438050746846957
19.49,-0.0493355625058819,0.279706211920822,1.26263701767787,-0.0147788315061067,0.000925373217661194,0.000469747725673219,0.0250137531196241,-0.00226888586446492,-0.00138082969891601,-0.00995237346644533,-0.100557944295616,0.438055183719602
19.5,-0.0494821001273169,0.279715352221064,1.26264164612391,-0.0145298113320511,0.000902932008417531,0.000456122630121412,0.0247900490624186,-0.0022198464730284,-0.00134459736789167,-0.0100067375807804,-0.100561680142545,0.438059491359545
19.51,-0.0496261587325229,0.279724270560991,1.26264614013047,-0.0142830305248583,0.000880976288200627,0.000442855778315386,0.0245658920438121,-0.00217178040426434,-0.00130917507001899,-0.0100601889061541,-0.100565376471509,0.43806367317891
19.52,-0.049767760737814,0.279732971746828,1.26265050323948,-0.0140384934911749,0.000859496400332245,0.000429939128721033,0.0243413065749095,-0.00212467242827206,-0.00127455098419832,-0.0101127353972039,-0.100569032654934,0.4380677325129
19.53,-0.0499069286023464,0.279741460488997,1.26265473891305,-0.0137962043933601,0.000838482839635186,0.00041736475863142,0.024116317013206,-0.00207850745254099,-0.00124071317275659,-0.0101643850357833,-0.100572648100997,0.438071672620986
19.54,-0.0500436848256812,0.279749741403621,1.26265885053465,-0.0135561671509107,0.000817926251281426,0.000405124865265902,0.0238909475651545,-0.00203327049683186,-0.00120764960476199,-0.0102151458298205,-0.100576222252985,0.438075496688086
19.55,-0.0501780519453646,0.279757819014023,1.26266284141035,-0.013318385442057,0.00079781742969855,0.000393211766536181,0.0236652222926827,-0.00198894669318362,-0.00117534818766873,-0.0102650258121872,-0.10057975458865,0.438079207825753
19.56,-0.0503100525345224,0.279765697752215,1.26266671476998,-0.0130828627050571,0.000778147317417755,0.000381617901512528,0.0234391651290012,-0.00194552127422117,-0.00114379679116967,-0.010314033039575,-0.100583244619582,0.438082809073351
19.57,-0.0504397091994658,0.279773381960371,1.26267047376838,-0.0128496021394769,0.000758907004214121,0.000370335830712784,0.0232127998772938,-0.00190297956017421,-0.00111298326110564,-0.0103621755913795,-0.10058669189057,0.438086303399237
19.58,-0.0505670445773119,0.279780875892299,1.2626741214866,-0.0126186067075112,0.000740087726214272,0.000359358236290416,0.0229861502222723,-0.00186130695897798,-0.00108289543609979,-0.0104094615685926,-0.100590095978973,0.43808969370193
19.59,-0.050692081333616,0.279788183714896,1.26267766093311,-0.0123898791350315,0.000721680865034562,0.000348677921990788,0.0227592397437231,-0.00182048896971162,-0.00105352116586137,-0.0104558990927023,-0.1005934564941,0.438092982811285
19.6,-0.0508148421600125,0.2797953095096,1.26268109504504,-0.0121634219126368,0.00070367794682004,0.000338287812973189,0.0225320919124669,-0.0017805111733605,-0.00102484831399079,-0.0105014963045991,-0.10059677307658,0.43809617348966
19.61,-0.0509353497718687,0.279802257273832,1.26268442668937,-0.0119392372967822,0.000686070641567353,0.000328180955710973,0.0223047301027577,-0.00174135923125547,-0.000996864771285509,-0.0105462613634892,-0.100600045397747,0.438099268433074
19.62,-0.0510536269059482,0.279809030922431,1.26268765866415,-0.0117173273105816,0.000668850762194931,0.000318350517547479,0.0220771776066737,-0.00170301889757561,-0.00096955847128933,-0.0105902024458156,-0.100603273159022,0.43810227027237
19.63,-0.0511696963180803,0.279815634289076,1.26269079369972,-0.0114976937446487,0.000652010263615841,0.000308789786285187,0.0218494576275136,-0.00166547601015954,-0.000942917385282498,-0.0106333277441832,-0.100606456091303,0.438105181574361
19.64,-0.0512835807808412,0.279822071127703,1.26269383445988,-0.0112803381580313,0.000635541241991735,0.000299492169841826,0.021621593295828,-0.00162871649264079,-0.000916929533409457,-0.010675645466292,-0.100609593954349,0.438108004842978
19.65,-0.051395303081241,0.279828345113916,1.26269678354312,-0.0110652618787322,0.000619435933763026,0.000290451195616998,0.0213936076792427,-0.00159272636302006,-0.000891582994655453,-0.0107171638338756,-0.100612686536181,0.438110742520415
19.66,-0.0515048860184158,0.279834459846379,1.26269964348379,-0.0108524660044465,0.000603686714731335,0.000281660509948717,0.0211655237787609,-0.00155749173155757,-0.000866865912385643,-0.0107578910816434,-0.100615733652473,0.438113396988255
19.67,-0.0516123524013299,0.27984041884821,1.26270241675331,-0.010641951403157,0.000588286099131875,0.000273113877369286,0.0209373645444428,-0.00152299880651359,-0.000842766495479134,-0.0107978354562308,-0.100618735145959,0.438115970568604
19.68,-0.051717725046479,0.279846225568361,1.26270510576134,-0.0104337187135576,0.000573226738601064,0.000264805180039135,0.0207091528779341,-0.00148923389439732,-0.00081927301553989,-0.010837005215152,-0.10062169088583,0.438118465525208
19.69,-0.051821026775601,0.279851883382982,1.26270771285692,-0.0102277683455983,0.00055850142124393,0.000256728417058488,0.0204809116372178,-0.00145618339969517,-0.000796373826883501,-0.0108754086257586,-0.100624600767151,0.438120884064567
19.7,-0.0519222804133909,0.279857395596786,1.26271024032968,-0.0100241004808133,0.000544103070607161,0.000248877703501465,0.0202526636514282,-0.00142383383708317,-0.000774057365426938,-0.0109130539642026,-0.100627464710265,0.438123228337043
19.71,-0.0520215087852173,0.279862765444395,1.26271269041099,-0.00982271507256973,0.000530024744502267,0.00024124726974995,0.020024431719098,-0.0013921718305989,-0.000752312140919087,-0.0109499495144027,-0.100630282660213,0.438125500437955
19.72,-0.0521187347148423,0.279867996091676,1.26271506527507,-0.00962361184643131,0.000516259633995183,0.000233831460683084,0.0197962386126885,-0.00136118410973255,-0.000731126753583568,-0.0109861035670151,-0.100633054586155,0.438127702408667
19.73,-0.0522139810221459,0.279873090637074,1.2627173670402,-0.00942679030031589,0.000502801062307611,0.000226624734678276,0.0195681070947113,-0.00133085752320841,-0.000710489896913642,-0.0110215244184084,-0.10063578048079,0.438129836237676
19.74,-0.0523072705208486,0.279878052112922,1.26271959776977,-0.00923224970453709,0.000489642483531016,0.000219621662744811,0.0193400599157569,-0.00130117903909827,-0.000690390350999189,-0.0110562203696406,-0.100638460359788,0.438131903861678
19.75,-0.0523986260162367,0.279882883486745,1.26272175947345,-0.00903998910200077,0.000476777481525647,0.000212816927658293,0.0191121198195664,-0.00127213573966617,-0.000670816990289176,-0.0110901997254402,-0.10064109426122,0.438133907166637
19.76,-0.0524880703028886,0.279887587662553,1.26272385410832,-0.00885000730814577,0.000464199768737693,0.000206205322939028,0.0188843095539842,-0.00124371483473112,-0.000651758792491491,-0.0111234707931901,-0.100643682244996,0.438135847988834
19.77,-0.0525756261623996,0.27989216748212,1.26272588357991,-0.00866230291092109,0.000451903184831025,0.000199781751808463,0.0186566518742279,-0.00121590366483631,-0.00063320483523202,-0.0111560418819134,-0.100646224392306,0.438137728115919
19.78,-0.0526613163611071,0.27989662572625,1.26272784974336,-0.00847687427066122,0.000439881695440967,0.000193541226234388,0.0184291695501216,-0.00118868969556379,-0.000615144298277164,-0.011187921301263,-0.100648720805064,0.438139549287939
19.79,-0.0527451636478128,0.279900965116029,1.26272975440444,-0.00829371951991867,0.000428129390919749,0.00018747886584292,0.0182018853674839,-0.00116206052128148,-0.000597566467974733,-0.0112191173605116,-0.100651171605361,0.43814131319837
19.8,-0.0528271907515054,0.279905188314068,1.26273159932067,-0.00811283656331156,0.000416640485015338,0.000181589896874894,0.0179748221359519,-0.00113600387902456,-0.000580460736700404,-0.0112496383675453,-0.100653576934918,0.438143021495127
19.81,-0.052907420379079,0.279909297925729,1.26273338620238,-0.00793422307719963,0.000405409313339259,0.000175869651108912,0.0177480026949232,-0.00111050764556294,-0.000563816610621361,-0.0112794926278578,-0.100655936954546,0.438144675781575
19.82,-0.0529858752130494,0.279913296500335,1.2627351167137,-0.00775787650941304,0.000394430332104076,0.000170313564662465,0.0175214499168252,-0.00108555982730385,-0.000547623711931304,-0.011308688443547,-0.10065825184361,0.438146277617518
19.83,-0.0530625779092673,0.279917186532371,1.26273679247367,-0.00758379407886314,0.000383698116793182,0.000164917176870286,0.017295186714815,-0.00106114857942323,-0.000531871773290527,-0.0113372341123122,-0.100660521799498,0.438147828520184
19.84,-0.0531375510946267,0.279920970462671,1.26273841505723,-0.00741197277511674,0.000373207360515612,0.000159676129196654,0.0170692360473852,-0.00103726220751503,-0.000516550641704882,-0.0113651379264526,-0.100662747037097,0.438149329965199
19.85,-0.0532108173647696,0.279924650679581,1.26273998599625,-0.00724240935791544,0.000362952872642882,0.000154586164036189,0.0168436209191388,-0.00101388916110006,-0.000501650289641575,-0.011392408171867,-0.100664927788268,0.438150783387551
19.86,-0.053282399281785,0.279928229520123,1.26274150678051,-0.00707510035673397,0.000352929577293611,0.000149643123403823,0.0166183643872393,-0.000991018040547063,-0.000487160811690778,-0.0114190531270536,-0.100667064301335,0.438152190182533
19.87,-0.0533523193719043,0.279931709271127,1.26274297885872,-0.00691004207017066,0.000343132511831941,0.000144842947802374,0.0163934895696087,-0.000968637594442552,-0.000473072421792886,-0.0114450810621114,-0.10066915684057,0.438153551706687
19.88,-0.0534206001231884,0.27993509217036,1.26274440363947,-0.00674723056534181,0.000333556825404761,0.000140181674967965,0.0161690196453178,-0.000946736728041227,-0.00045937545822821,-0.0114705002377403,-0.10067120568569,0.438154869278731
19.89,-0.0534872639832112,0.279938380407635,1.26274578249222,-0.00658666167726425,0.000324197777271114,0.000135655438637808,0.0159449778622184,-0.000925304509260945,-0.000446060384738818,-0.0114953189042431,-0.100673211131354,0.438156144180471
19.9,-0.0535523333567337,0.279941576125905,1.26274711674824,-0.00642833100809745,0.000315050735219542,0.000131260467273189,0.0157213875382277,-0.000904330159645677,-0.000433117798293044,-0.0115195453005256,-0.100675173486671,0.438157377657706
19.91,-0.0536158306033731,0.27994468142234,1.26274840770157,-0.00627223392649971,0.000306111174078201,0.000126993082671947,0.0154982720631566,-0.00088380305990347,-0.000420538424084089,-0.0115431876530982,-0.100677093074705,0.43815857092112
19.92,-0.0536777780352637,0.279947698349387,1.2627496566099,-0.00611836556683432,0.000297374674021473,0.000122849698791508,0.0152756549083768,-0.000863712753956837,-0.000408313113320364,-0.011566254175076,-0.100678970231997,0.438159725147157
19.93,-0.0537381979147098,0.27995062891582,1.26275086469554,-0.00596672082833218,0.000288836918999064,0.00011882682040554,0.0150535596319535,-0.000844048948095459,-0.000396432853766466,-0.0115887530651788,-0.100680805308079,0.43816084147889
19.94,-0.0537971124518303,0.279953475087767,1.2627520331463,-0.00581729437419526,0.000280493695059564,0.000114921041716179,0.0148320098759299,-0.000824801519444566,-0.000384888766413754,-0.0116106925067301,-0.100682598665006,0.438161921026873
19.95,-0.0538545438021937,0.279956238789721,1.26275316311638,-0.00567008063081359,0.000272340888610173,0.000111129045077265,0.0146110293687211,-0.000805960508193404,-0.000373672106590577,-0.0116320806666548,-0.10068435067688,0.438162964869983
19.96,-0.0539105140644466,0.279958921905539,1.26275425572721,-0.00552507378682084,0.000264374484895696,0.000107447599584367,0.0143906419374089,-0.000787516118013846,-0.000362774266738747,-0.0116529256944774,-0.100686061729396,0.438163974056246
19.97,-0.0539650452779301,0.279961526279419,1.26275531206837,-0.00538226779206541,0.000256590566249897,0.00010387355974249,0.0141708715076913,-0.000769458728538848,-0.000352186775298643,-0.011673235721317,-0.100687732219379,0.438164949603654
19.98,-0.0540181594202879,0.279964053716864,1.2627563331984,-0.00524165635666697,0.000248985310324917,0.000100403864078393,0.0139517421040479,-0.000751778891220329,-0.000341901299493388,-0.0116930188588824,-0.10068936255433,0.438165892500967
19.99,-0.0540698784050634,0.279966505985626,1.26275732014565,-0.00510323294998446,0.00024155498842549,9.70355337526228e-05,0.0137332778541241,-0.000734467326679621,-0.00033190964310316,-0.0117122831984646,-0.100690953151986,0.4381668037085
20,-0.0541202240792876,0.279968884816633,1.26275827390908,-0.0049669907995845,0.000234295963791325,9.37656712163302e-05,0.0135155029920743,-0.00071751492566888,-0.000322203751457209,-0.0117310368099288,-0.100692504439874,0.438167684158899
20.01,-0.0541692182210551,0.279971191904902,1.26275919545907,-0.00483292289014298,0.000227204689912113,9.05914587234788e-05,0.0132984418659525,-0.000700912755197155,-0.000312775715327631,-0.0117492877407037,-0.100694016854878,0.438168534757907
20.02,-0.0542168825370905,0.279973428910431,1.26276008573825,-0.00470102196226545,0.000220277708687382,8.75101569097777e-05,0.0130821189369036,-0.000684652059213005,-0.000303617759822585,-0.0117670440147694,-0.100695490842809,0.438169356385106
20.03,-0.0542632386603004,0.279975597459075,1.26276094566221,-0.00457128051140492,0.000213511648727853,8.45191035270272e-05,0.0128665587766265,-0.000668724254721004,-0.000294722250493442,-0.0117843136316425,-0.10069692685798,0.438170149894661
20.04,-0.0543083081473186,0.279977699143406,1.26276177612032,-0.00444369078673293,0.000206903223592962,8.1615711899909e-05,0.0126517860783373,-0.000653120935528745,-0.000286081704437015,-0.0118011045653603,-0.10069832536279,0.438170916116034
20.05,-0.0543521124760351,0.279979735523547,1.26276257797645,-0.00431824478983817,0.000200449230017279,7.8797469438287e-05,0.0124378256595999,-0.000637833871415892,-0.000277688777528672,-0.011817424763462,-0.100699686827306,0.438171655854701
20.06,-0.0543946730431153,0.279981708128006,1.26276335206971,-0.00419493427354093,0.000194146546164645,7.60619363493357e-05,0.0122247024586676,-0.000622855009096895,-0.000269536263863798,-0.0118332821459667,-0.100701011728865,0.438172369892837
20.07,-0.0544360111615059,0.279983618454471,1.26276409921518,-0.00407375074066478,0.000187992129835339,7.34067441610102e-05,0.0120124415390624,-0.00060817647584529,-0.000261617108531678,-0.0118486846043507,-0.100702300551662,0.438173058990009
20.08,-0.0544761480579286,0.279985467970603,1.26276482020459,-0.00395468544275969,0.000181983016647739,7.08295941787022e-05,0.0118010680942413,-0.0005937905761533,-0.000253924397619631,-0.0118636400005201,-0.100703553786363,0.438173723883832
20.09,-0.0545151048703611,0.279987258114803,1.26276551580706,-0.00383772937877996,0.000176116318312273,6.83282562086177e-05,0.0115906074482299,-0.000579689789226314,-0.000246451358210119,-0.0118781561657831,-0.10070477192971,0.438174365290633
20.1,-0.0545529026455042,0.279988990296969,1.26276618676972,-0.0037228732937951,0.000170389220863213,6.59005670144999e-05,0.0113810850567967,-0.000565866773299974,-0.000239191368933699,-0.0118922408998165,-0.100705955484139,0.438174983906087
20.11,-0.054589562336237,0.279990665899221,1.2627668338184,-0.00361010767764403,0.000164798982846274,6.35444288299438e-05,0.0111725265124039,-0.000552314367158215,-0.000232137948308352,-0.0119059019696324,-0.100707104957398,0.43817558040584
20.12,-0.0546251047990571,0.279992286276626,1.26276745765829,-0.00349942276354702,0.000159342933520049,6.1257808048333e-05,0.0109649575432684,-0.000539025591246581,-0.000225284758071355,-0.0119191471085389,-0.100708220862178,0.438176155446132
20.13,-0.054659550791508,0.279993852757891,1.26276805897456,-0.00339080852677867,0.000154018471021342,5.90387336685168e-05,0.0107584040139038,-0.000525993639061068,-0.000218625607062398,-0.0119319840151003,-0.100709303715744,0.438176709664387
20.14,-0.0546929209695927,0.279995366646046,1.26276863843297,-0.00328425468326891,0.000148823060738826,5.68852959070843e-05,0.0105528919300666,-0.000513211879381345,-0.0002121544462325,-0.0119444203520922,-0.100710354039571,0.438177243679801
20.15,-0.0547252358851733,0.279996829219106,1.26276919668048,-0.00317975068817734,0.000143754233433716,5.47956447438669e-05,0.0103484474430105,-0.00050067386722643,-0.000205865371416545,-0.0119564637454543,-0.10071137235899,0.438177758093919
20.16,-0.0547565159833562,0.279998241730715,1.26276973434586,-0.00307728573440871,0.000138809583394298,5.27679884787535e-05,0.0101450968446712,-0.000488373331358781,-0.000199752621110613,-0.0119681217832398,-0.100712359202839,0.438178253491188
20.17,-0.0547867815998615,0.279999605410774,1.26277025204025,-0.00297684875128392,0.00013398676680654,5.08005923216548e-05,0.00994286656867378,-0.000476304173879802,-0.000193810578141837,-0.0119794020145602,-0.100713315103113,0.438178730439501
20.18,-0.0548160529583819,0.280000921466051,1.26277075035771,-0.00287842840303524,0.000129283499916702,4.88917769159169e-05,0.00974178319908299,-0.000464460477855885,-0.000188033765780035,-0.0119903119485285,-0.100714240594628,0.438179189490733
20.19,-0.0548443501679222,0.280002191080772,1.26277122987579,-0.00278201308730227,0.000124697557249423,4.70399170060541e-05,0.00954187346653047,-0.00045283650038088,-0.00018241685162402,-0.0120008590531971,-0.100715136214687,0.438179631181257
20.2,-0.0548716932201279,0.280003415417196,1.26277169115605,-0.00268759093370463,0.000120226769909085,4.52434398834366e-05,0.00934316425053911,-0.000441426674518982,-0.000176954648711821,-0.012011050754493,-0.10071600250275,0.438180056032446
20.21,-0.0548981019865963,0.28000459561617,1.26277213474458,-0.00259514980229149,0.000115869023759043,4.35008240318178e-05,0.00891907901311346,-0.000504030350096829,-0.000233743527866907,-0.0120208944351492,-0.10071684000011,0.438180464551165
20.22,-0.0549235962161738,0.280005732797671,1.26277256117253,-0.00250920935344237,0.000110146162907148,4.05685693260985e-05,0.00874029893673891,-0.000485060798471816,-0.000223856732040032,-0.0120303974336314,-0.100717649249578,0.43818085723025
20.23,-0.0549482861736652,0.280006798539428,1.26277294611597,-0.00242034382355668,0.000106167807789606,3.90236893910165e-05,0.00900519084087619,-0.000324100110775806,-9.38138400293541e-05,-0.01203960404044,-0.10071844171587,0.438181211092124
20.24,-0.0549720030926449,0.280007856153827,1.26277334164632,-0.00232910553662485,0.000103664160691632,3.86922925255115e-05,0.00878378922205447,-0.000326765444702573,-9.71279962014334e-05,-0.012048444614948,-0.100719195057105,0.438181575716212
20.25,-0.0549948682843977,0.280008871822642,1.26277371996182,-0.0022446680391156,9.96324988955543e-05,3.70811294669878e-05,0.00835858275810946,-0.000392760301226608,-0.000154740950608641,-0.0120569680721088,-0.100719922483758,0.438181924301713
20.26,-0.0550168964534272,0.280009848803805,1.26277408326891,-0.00216193388146266,9.58089546671002e-05,3.55974735133387e-05,0.00817766221584658,-0.000377537809903588,-0.000146395923161797,-0.0120651796495972,-0.10072062382024,0.43818225897524
20.27,-0.0550381069620269,0.280010788001736,1.26277443191129,-0.00208111479479867,9.20817426974827e-05,3.4153211003752e-05,0.00798752628247724,-0.000367678972823542,-0.000142245270562397,-0.0120730865620845,-0.100721299652607,0.43818258006532
20.28,-0.0550585187493232,0.280011690438659,1.26277476633313,-0.00200218335581312,8.84553752106295e-05,3.27525681020908e-05,0.00779943962405901,-0.000357708790504911,-0.000137945693756697,-0.0120806958533927,-0.10072195052203,0.438182887994906
20.29,-0.0550781506291432,0.28001255710924,1.26277508696265,-0.00192512600231749,8.49275668873846e-05,3.13942971286181e-05,0.00761276526151131,-0.000347943248657516,-0.000133754740616615,-0.0120880145225066,-0.100722576972153,0.438183183169758
20.3,-0.0550970212693695,0.280013388989997,1.26277539421907,-0.0018499280505829,8.14965102374793e-05,3.00774732897586e-05,0.00742757105522004,-0.000338356534041616,-0.000129656993475264,-0.0120950495149449,-0.100723179545912,0.438183465985441
20.31,-0.0551151491901548,0.280014187039445,1.26277568851212,-0.00177657458121309,7.81604362065524e-05,2.88011572591129e-05,0.00724388328676966,-0.000328943821625804,-0.000125652647175994,-0.0121018077221056,-0.100723758785385,0.43818373682727
20.32,-0.0551325527609938,0.280014952198721,1.26277597024221,-0.00170505038484748,7.49176338049622e-05,2.75644203462383e-05,0.00706173085753873,-0.000319699647310253,-0.000121740516556306,-0.0121082959801294,-0.100724315231468,0.438183996070671
20.33,-0.0551492501978518,0.280015685392121,1.26277623980053,-0.00163533996406232,7.17664432603475e-05,2.63663469279868e-05,0.00688114266712866,-0.000310619130000647,-0.00011791916498805,-0.0121145210687876,-0.100724849423578,0.4381842440815
20.34,-0.0551652595602751,0.280016387527586,1.26277649756915,-0.00156742753150491,6.87052512049494e-05,2.52060370464774e-05,0.00670214778633633,-0.000301697815618964,-0.000114186915478603,-0.0121204897103644,-0.100725361899367,0.438184481216363
20.35,-0.0551805987484819,0.280017059497145,1.26277674392127,-0.0015012970083356,6.57324869479684e-05,2.40826086184148e-05,0.00652477543399241,-0.000292931619239058,-0.000110541911735323,-0.0121262085685318,-0.100725853194448,0.438184707822915
20.36,-0.0551952855004418,0.280017702177325,1.26277697922132,-0.00143693202282507,6.28466188201684e-05,2.2995198811771e-05,0.00634905497903473,-0.00028431680107467,-0.000106982182557229,-0.0121316842472216,-0.100726323842128,0.438184924240155
20.37,-0.0552093373889384,0.280018316429521,1.26277720382524,-0.00137431590875491,6.00461509264751e-05,2.19429649672702e-05,0.00617501595456967,-0.000275849926096272,-0.000103505681803474,-0.0121369232894924,-0.100726774373147,0.43818513079871
20.38,-0.0552227718186169,0.280018903100343,1.26277741808062,-0.00131343170373368,5.73296202982431e-05,2.09250851757015e-05,0.00600268804622483,-0.000267527835023892,-0.000100110328915535,-0.0121419321763906,-0.100727205315432,0.438185327821108
20.39,-0.0552356060230131,0.280019463021927,1.26277762232695,-0.00125426214783039,5.46955942259964e-05,1.99407583889592e-05,0.00583210109297054,-0.000259347606029249,-9.6794021131426e-05,-0.0121467173258076,-0.10072761719385,0.438185515622036
20.4,-0.0552478570615735,0.280019997012228,1.26277781689579,-0.00119678968187427,5.21426681776582e-05,1.8989204753073e-05,0.00566328509660926,-0.00025130654571216,-9.35546595748387e-05,-0.012151285091333,-0.100728010529972,0.438185694508593
20.41,-0.0552595418166505,0.280020505875291,1.26277800211104,-0.00114099644589821,4.96694633117533e-05,1.80696651974625e-05,0.00549627021218686,-0.000243402182853469,-9.0390185891746e-05,-0.0121556417611005,-0.100728385841843,0.438185864780534
20.42,-0.0552706769904914,0.280020990401494,1.2627781782891,-0.00108686427763053,4.7274624520589e-05,1.71814010352382e-05,0.0053310867515271,-0.000235632230533033,-8.72985794764284e-05,-0.0121597935566324,-0.100728743643752,0.438186026730492
20.43,-0.0552812791022032,0.280021451367781,1.26277834573906,-0.00103437471086767,4.49568187010928e-05,1.6323693607934e-05,0.00516776518586317,-0.000227994578771994,-8.42778657972368e-05,-0.0121637466316767,-0.100729084446017,0.438186180644205
20.44,-0.0552913644847088,0.280021889537868,1.26277850476297,-0.000983508973913271,4.27147329451492e-05,1.54958437192935e-05,0.00500633614328194,-0.00022048730480285,-8.13261380461263e-05,-0.0121675070710414,-0.100729408754767,0.438186326800722
20.45,-0.0553009492816814,0.28002230566244,1.26277865565594,-0.000934247988002033,4.05470726050359e-05,1.46971708470115e-05,0.00484683041115257,-0.000213108653363001,-7.84415643551061e-05,-0.0121710808894217,-0.10072971707173,0.438186465472603
20.46,-0.0553100494444688,0.28002270047932,1.26277879870638,-0.000886572365690221,3.84525598778892e-05,1.39270124321914e-05,0.00468927893622077,-0.000205857008523157,-7.56223766941271e-05,-0.0121744740302264,-0.10073000989403,0.438186596926104
20.47,-0.0553186807289952,0.280023074713638,1.26277893419619,-0.000840462409277619,3.64299324345728e-05,1.3184723313129e-05,0.00453371281445716,-0.000198730903677697,-7.2866880862489e-05,-0.0121776923643945,-0.100730287713983,0.438186721421363
20.48,-0.0553268586926544,0.280023429077969,1.26277906240085,-0.000795898109401064,3.44779418043347e-05,1.24696748149414e-05,0.00438016330001034,-0.0001917290225192,-7.01734731433059e-05,-0.0121807416892115,-0.100730551018901,0.438186839212565
20.49,-0.0553345986911832,0.280023764272474,1.26277918358968,-0.000752859143277414,3.25953519841889e-05,1.17812538502629e-05,0.00422866181388707,-0.000184850194595584,-6.75406358618986e-05,-0.0121836277271187,-0.100730800290897,0.438186950548102
20.5,-0.0553419158755199,0.280024080985009,1.26277929802593,-0.000711324873123324,3.07809379124231e-05,1.11188620977034e-05,0.00407923992262072,-0.00017809336713693,-6.49669229524391e-05,-0.0121863561245183,-0.100731036006696,0.438187055670726
20.51,-0.0553488251886457,0.280024379891232,1.26277940596692,-0.000671274344825002,2.90334846414503e-05,1.04819153912141e-05,0.00393192934822223,-0.000171457609360333,-6.24509743918394e-05,-0.012188932450573,-0.100731258637448,0.438187154817688
20.52,-0.0553553413624164,0.280024661654701,1.26277950766424,-0.000632686286158881,2.73517857252165e-05,9.86984260986666e-06,0.00378676197544686,-0.000164942127872665,-5.99915184196246e-05,-0.0121913621960032,-0.100731468648549,0.438187248220873
20.53,-0.0553614789143689,0.280024926926946,1.26277960336378,-0.000595539105316066,2.57346420839971e-05,9.28208502282166e-06,0.00364376984004018,-0.000158546246686882,-5.7587366542047e-05,-0.0121936507718758,-0.100731666499459,0.438187336106922
20.54,-0.0553672521445228,0.280025176347543,1.26277969330594,-0.000559810889358079,2.41808607914789e-05,8.71809527902575e-06,0.00350298513309229,-0.000152269395425903,-5.5237408536082e-05,-0.0121958035083918,-0.100731852643525,0.438187418697347
20.55,-0.055372675132156,0.280025410544162,1.26277977772568,-0.000525479402654222,2.26892541754791e-05,8.17733685210004e-06,0.00336444019665324,-0.000146111121535259,-5.29406141148307e-05,-0.0121978256536664,-0.100732027527814,0.438187496208638
20.56,-0.0553777617325758,0.280025630132627,1.26277985685267,-0.000492522085425016,2.12586383607738e-05,7.65928299672916e-06,0.00322816752660769,-0.000140071090420894,-5.06960456947357e-05,-0.0121997223725059,-0.100732191592939,0.438187568852367
20.57,-0.0553825255738645,0.280025835716929,1.26277993091134,-0.000460916052122058,1.98878323670608e-05,7.16341593820517e-06,0.00309419977250889,-0.000134149044511517,-4.85028267548821e-05,-0.0122014987451798,-0.100732345272894,0.438187636835267
20.58,-0.0553869800536183,0.280026027889274,1.26278000012099,-0.000430638089974839,1.85756574705435e-05,6.68922646163153e-06,0.00296256973843583,-0.000128344841004996,-4.63601623756935e-05,-0.0122031597661871,-0.100732488994894,0.438187700359329
20.59,-0.055391138335664,0.280026207230079,1.26278006469587,-0.000401664657353343,1.73209355469609e-05,6.23621269069132e-06,0.00283331038167604,-0.000122658452700325,-4.42673436795734e-05,-0.0122047103430183,-0.100732623179209,0.438187759621868
20.6,-0.0553950133467653,0.280026374307985,1.26278012484525,-0.00037397188234132,1.61224884165371e-05,5.80387958804009e-06,0.00270645480323848,-0.000117089926365837,-4.2223720631009e-05,-0.0122061552949128,-0.10073274823901,0.438187814815596
20.61,-0.0553986177733109,0.280026529679847,1.26278018077346,-0.000347535561288575,1.49791370196442e-05,5.39173827807116e-06,0.00258203625534356,-0.0001116394014733,-4.02287214651426e-05,-0.0122074993516115,-0.100732864580214,0.438187866128683
20.62,-0.0554019640579911,0.280026673890725,1.26278023268001,-0.00032233115723445,1.38897003870711e-05,4.99930515873725e-06,0.00246008814545477,-0.000106307110059441,-3.82818426958736e-05,-0.0122087471521044,-0.100732972601328,0.438187913744809
20.63,-0.0554050643964556,0.280026807473855,1.26278028075957,-0.00029833379837948,1.28529948184555e-05,4.6261014241537e-06,0.00234064402913524,-0.000101093370202796,-3.6382640788974e-05,-0.0122099032433735,-0.100733072693302,0.438187957843214
20.64,-0.0554079307339587,0.280026930950622,1.26278032520204,-0.000275518276651738,1.18678329830149e-05,4.27165234295766e-06,0.00222373760889413,-9.59985829717134e-05,-3.45307460402781e-05,-0.0122109720791304,-0.10073316523938,0.438187998598743
20.65,-0.0554105747619886,0.280027044830515,1.26278036619261,-0.000253859046201599,1.09330231590212e-05,3.93548650334816e-06,0.00210940273382221,-9.10232253459359e-05,-3.27258486976248e-05,-0.0122119580185499,-0.100733250614954,0.438188036181873
20.66,-0.0554130079148827,0.280027149611085,1.26278040391177,-0.000233330221975294,1.00473684760962e-05,3.61713536900517e-06,0.001997673396894,-8.61678481345366e-05,-3.09676911891556e-05,-0.0122128653249981,-0.100733329187417,0.438188070758753
20.67,-0.0554152413664281,0.280027245777884,1.26278043853532,-0.00021390557826372,9.20966619633054e-06,3.31613267956506e-06,0.00188858374244879,-8.14330779197493e-05,-2.92560797809939e-05,-0.012213698164756,-0.10073340131603,0.438188102491219
20.68,-0.055417286026448,0.280027333804409,1.26278047023442,-0.000195558547126319,8.41870691770126e-06,3.03201377338531e-06,0.00178216806461664,-7.68196178890822e-05,-2.75908812463766e-05,-0.012214460605739,-0.100733467351771,0.43818813153682
20.69,-0.0554191525373706,0.280027414152022,1.2627804991756,-0.000178262216971388,7.67327383854893e-06,2.76431505463754e-06,0.00167846079491767,-7.23282259085276e-05,-2.59720034367927e-05,-0.0122151566162093,-0.100733527637204,0.438188158048825
20.7,-0.0554208512707874,0.280027487269886,1.26278052552072,-0.000161989331227966,6.97214239953074e-06,2.51257370464947e-06,0.00193180545166394,-0.000437841942285707,-0.000299337692966097,-0.012215790063486,-0.100733582506341,0.438188182176236
20.71,-0.0554223923239952,0.28002755359487,1.26278054942707,-0.00013962610793811,-1.08356500716502e-06,-3.22243880468427e-06,0.00149202755674856,-5.96085461546642e-05,-2.05134237374534e-05,-0.0122163647126491,-0.100733632284504,0.438188204063791
20.72,-0.0554236437929462,0.280027465598585,1.26278046107195,-0.000132148780092996,5.77997147643748e-06,2.10230522990041e-06,0.000970242222206882,0.000376995404893725,0.000302330230850204,-0.0122168447063042,-0.100733706633556,0.438188118184313
20.73,-0.055425035299597,0.2800276691943,1.26278059147317,-0.000120221263493969,6.45634309071066e-06,2.82416581232076e-06,0.00127765059950115,-5.40398231718207e-05,-1.8630093578924e-05,-0.0122173501091812,-0.100733717222905,0.438188242815319
20.74,-0.0554260482182161,0.280027594725447,1.26278051755526,-0.000106595768102973,4.69917501300109e-06,1.72970335832194e-06,0.00121157539462879,-6.07285076392764e-05,-2.48943243796884e-05,-0.0122177389094768,-0.100733778175864,0.438188170957184
20.75,-0.0554271672149591,0.2800277631778,1.26278062606724,-9.59897556013937e-05,5.24177293792516e-06,2.326279324727e-06,0.00111533845322675,-4.96078982059632e-05,-1.81763931683684e-05,-0.0122181448877632,-0.100733785560487,0.438188274656921
20.76,-0.0554279680133281,0.280027699560906,1.26278056408085,-8.42889990384389e-05,3.70701704888185e-06,1.36617549495458e-06,0.00103729508538213,-5.21433714262298e-05,-2.14874906756544e-05,-0.0122184527097674,-0.100733834882768,0.438188214402288
20.77,-0.0554288529949399,0.280027837318141,1.26278065339075,-7.52438538937516e-05,4.19890550940059e-06,1.89652951121393e-06,0.00266471128664373,-0.0003197986650494,-0.000196757050097149,-0.0122187733574087,-0.100733839638635,0.43818829974559
20.78,-0.055429472890406,0.280027783539016,1.26278060201144,-3.09947733055655e-05,-2.68895625210602e-06,-2.56896550698832e-06,0.000759326829764155,-3.14976768278643e-05,-1.14465092959653e-05,-0.0122190120644878,-0.100733878902451,0.438188249808443
20.79,-0.055429472890406,0.280027783539016,1.26278060201144,-6.00573172984688e-05,3.56895197284331e-06,1.66759932529462e-06,-0.00145312719964519,0.000312895411247474,0.000211828241614152,-0.0122190120644878,-0.100733878902451,0.438188249808443
20.8,-0.055430674036752,0.280027854918056,1.26278063536343,-6.00573172984688e-05,3.56895197284331e-06,1.66759932529462e-06,0.000865910925810093,-3.96699245675244e-05,-1.48632484098371e-05,-0.0122194581288236,-0.100733913002167,0.438188281160007
20.81,-0.055430674036752,0.280027854918056,1.26278063536343,-4.27390987822673e-05,2.77555348149284e-06,1.37033435709789e-06,0.00086591092580956,-3.96699245674927e-05,-1.48632484098223e-05,-0.0122194581288236,-0.100733913002167,0.438188281160007
20.82,-0.0554315288187276,0.280027910429125,1.26278066277012,-4.27390987822749e-05,2.77555348149334e-06,1.37033435709813e-06,0.00213695493911341,-0.000138777674074645,-6.85167178548958e-05,-0.0122197751170671,-0.100733936139884,0.438188306950554
20.83,-0.0554315288187276,0.280027910429125,1.26278066277012,0,0,0,7.50337250665674e-05,-9.77579915628676e-05,-7.28888116530189e-05,-0.0122197751170671,-0.100733936139884,0.438188306950554
20.84,-0.0554315288187276,0.280027910429125,1.26278066277012,-4.12384242809436e-05,8.20393650236024e-07,-8.7441875962215e-08,-0.00206192121404722,4.10196825118021e-05,-4.37209379811084e-06,-0.0122197751170671,-0.100733936139884,0.438188306950554
20.85,-0.0554323535872132,0.280027926836998,1.26278066102128,-4.12384242809436e-05,8.20393650236024e-07,-8.7441875962215e-08,0.00206192121404722,-4.10196825118021e-05,4.37209379811084e-06,-0.0122200844639458,-0.100733967349932,0.438188304699899
20.86,-0.0554323535872132,0.280027926836998,1.26278066102128,0,0,0,0.00206192121404722,-4.10196825118021e-05,4.37209379811084e-06,-0.0122200844639458,-0.100733967349932,0.438188304699899
20.87,-0.0554323535872132,0.280027926836998,1.26278066102128,0,0,0,0,0,0,-0.0122200844639458,-0.100733967349932,0.438188304699899
20.88,-0.0554323535872132,0.280027926836998,1.26278066102128,0,0,0,0,0,0,-0.0122200844639458,-0.100733967349932,0.438188304699899
20.89,-0.0554323535872132,0.280027926836998,1.26278066102128,0,0,0,0,0,0,-0.0122200844639458,-0.100733967349932,0.438188304699899
20.9,-0.0554323535872132,0.280027926836998,1.26278066102128,0,0,0,-0.00188438870040935,0.000159745115468908,8.88017925859723e-05,-0.0122200844639458,-0.100733967349932,0.438188304699899
20.91,-0.0554323535872132,0.280027926836998,1.26278066102128,-3.76877740081863e-05,3.19490230937809e-06,1.77603585171941e-06,-0.00188438870040935,0.000159745115468908,8.88017925859723e-05,-0.0122200844639458,-0.100733967349932,0.438188304699899
20.92,-0.0554331073426934,0.280027990735044,1.26278069654199,-3.76877740081863e-05,3.19490230937809e-06,1.77603585171941e-06,0.00188438870040935,-0.000159745115468908,-8.88017925859723e-05,-0.0122203625831571,-0.100733984178836,0.438188338363361
20.93,-0.0554331073426934,0.280027990735044,1.26278069654199,0,0,0,0.00188438870040935,-0.000159745115468908,-8.88017925859723e-05,-0.0122203625831571,-0.100733984178836,0.438188338363361
20.94,-0.0554331073426934,0.280027990735044,1.26278069654199,0,0,0,0,0,0,-0.0122203625831571,-0.100733984178836,0.438188338363361
20.95,-0.0554331073426934,0.280027990735044,1.26278069654199,0,0,0,0,0,0,-0.0122203625831571,-0.100733984178836,0.438188338363361
20.96,-0.0554331073426934,0.280027990735044,1.26278069654199,0,0,0,0,0,0,-0.0122203625831571,-0.100733984178836,0.438188338363361
20.97,-0.0554331073426934,0.280027990735044,1.26278069654199,0,0,0,0,0,0,-0.0122203625831571,-0.100733984178836,0.438188338363361
20.98,-0.0554331073426934,0.280027990735044,1.26278069654199,0,0,0,0,0,0,-0.0122203625831571,-0.100733984178836,0.438188338363361
20.99,-0.0554331073426934,0.280027990735044,1.26278069654199,0,0,0,5.10706586742704e-05,-0.000257990479257686,-0.00116340297395828,-0.0122203625831571,-0.100733984178836,0.438188338363361
21,-0.0554331073426934,0.280027990735044,1.26278069654199,1.02141317348539e-06,-5.15980958515361e-06,-2.3268059479165e-05,0.0004065204035897,-0.00205359391283752,-0.00926064121276089,-0.0122203625831571,-0.100733984178836,0.438188338363361
21.01,-0.0554330869144299,0.280027887538853,1.26278023118081,8.13040807179383e-06,-4.10718782567496e-05,-0.000185212824255214,0.00126298210062151,-0.00638012835535467,-0.0287710628754668,-0.0122203874016878,-0.100734015338386,0.43818811530641
21.02,-0.0554329447345319,0.280027169297479,1.26277699228551,2.6281055185915e-05,-0.000132762376692244,-0.000598689316988489,0.00240653596678835,-0.0121569485045386,-0.0548215193058056,-0.0122205601374183,-0.100734232211041,0.438186562839126
21.03,-0.0554325612933262,0.280025232291319,1.26276825739447,5.62611274075598e-05,-0.000284210848347516,-0.0012816432103713,0.00357736531697934,-0.0180715545249074,-0.0814933184034618,-0.0122210259816467,-0.100734817119094,0.438182376032805
21.04,-0.0554318195119838,0.280021485080512,1.2627513594213,9.78283615255003e-05,-0.000494193467190384,-0.00222855568505769,0.0047240504692967,-0.0238641927985405,-0.107615106352825,-0.0122219271656301,-0.100735948769517,0.43817427650627
21.05,-0.0554306047260957,0.280015348421975,1.26272368628076,0.000150742136793492,-0.000761494704318316,-0.00343394533742776,0.00584675567002869,-0.0295356930376994,-0.133190624725905,-0.0122234029730287,-0.100737802381454,0.438161012252115
21.06,-0.0554288046692479,0.280006255186426,1.26268268051455,0.000214763474926072,-0.00108490732794436,-0.00489236817957574,0.00694564516534855,-0.0350868849546779,-0.158223615097076,-0.0122255897497059,-0.100740549849766,0.43814135746495
21.07,-0.0554263094565972,0.279993650275416,1.26262583891717,0.000289655040100484,-0.00146323240341198,-0.00659841763936978,0.00802088320156369,-0.0405185982624403,-0.182717819038387,-0.0122286209110899,-0.100744359941804,0.438114112371492
21.08,-0.0554230115684459,0.279976990538358,1.26255071216177,0.000375181138957342,-0.00189527929319315,-0.0085467245603434,0.00907263402488739,-0.04583166267322,-0.206676978120055,-0.0122326269472969,-0.100749398524659,0.438078103062395
21.09,-0.055418805833818,0.279955744689552,1.26245490442597,0.000471107720598228,-0.00237986565687636,-0.0107319572017708,0.01010106188153,-0.0510269078997394,-0.230104833917065,-0.0122377354262059,-0.100755828820266,0.438032181325729
21.1,-0.055413589414034,0.27992939322522,1.26233607301773,0.000577202376587939,-0.00291581745118791,-0.0131488212386846,0.0111063310177973,-0.0561051636549538,-0.253005128000871,-0.01224407099467,-0.100763811685775,0.437975224482027
21.11,-0.0554072617862863,0.279897428340529,1.26219192800119,0.000693234340954169,-0.00350196892997542,-0.0157920597617881,0.0120886056799446,-0.0610672596507182,-0.275381601942971,-0.0122517553780418,-0.100773505916735,0.437906135220851
21.12,-0.0553997247272149,0.279859353846621,1.2620202318225,0.000818974490186825,-0.00413716264420225,-0.0186564532775439,0.0130480501141322,-0.0659140255998158,-0.297237997317443,-0.0122609073781816,-0.100785068570691,0.437823841438839
21.13,-0.0553908822964825,0.279814685087645,1.26181879893564,0.000954195343236808,-0.0048202494419717,-0.0217368197081368,0.0139848285666386,-0.0706462912151888,-0.318578055695752,-0.0122716428701127,-0.100798655308884,0.437727296079237
21.14,-0.0553806408203501,0.279762948857781,1.26158549542833,0.00109867106151964,-0.00555008846850625,-0.0250280143914599,0.0148991052837792,-0.0752648862090604,-0.339405518650845,-0.0122840747974791,-0.100814420753832,0.437615476972907
21.15,-0.0553689088752521,0.279703683318274,1.26131823864781,0.00125217744891239,-0.00632554716615288,-0.0285249300811536,0.0157910445117155,-0.0797706402939947,-0.359724127755327,-0.0122983131669555,-0.100832518860641,0.437487386680873
21.16,-0.0553555972713719,0.279636437914458,1.26101499682671,0.00141449195175395,-0.00714550127438611,-0.0322224969465663,0.0166608104966791,-0.0841643831826813,-0.379537624580222,-0.0123144650417516,-0.100853103299982,0.437342052338431
21.17,-0.0553406190362171,0.279560773292787,1.26067378870888,0.00158539365884596,-0.00800883482980647,-0.0361156825727579,0.0175085674849515,-0.0884469445879037,-0.398849750699054,-0.012332634534348,-0.100876327850733,0.437178525500917
21.18,-0.055323889398195,0.279476261217862,1.26029268317525,0.00176466330145297,-0.00891444016614415,-0.0401994919605472,0.0183344797228057,-0.0926191542216554,-0.417664247684986,-0.0123529227985923,-0.100902346800375,0.436995881991223
21.19,-0.055305325770188,0.279382484489464,1.25986979886967,0.00195208325330207,-0.00986121791423954,-0.0444689675264574,0.0191387114564624,-0.0966818417966238,-0.435984857109514,-0.0123754280212808,-0.100931315351306,0.436793221749167
21.2,-0.0552848477331289,0.279279036859577,1.25940330382472,0.00214743753058221,-0.0108480770020766,-0.0489191891027373,0.0199214269321424,-0.100635837026052,-0.453815320544134,-0.0124002454133424,-0.100963390031276,0.43656966868285
21.21,-0.0552623770195763,0.279165522949422,1.25889141508762,0.00235051179194491,-0.0118739346547605,-0.0535452739373399,0.0206827903960611,-0.10448196962154,-0.471159379561494,-0.0124274672007367,-0.10099872910628,0.436324370522139
21.22,-0.05523783749729,0.279041558166482,1.25833239834598,0.00256109333850342,-0.0129377163945073,-0.058342376693967,0.0214229660945731,-0.10822106929624,-0.488020775737331,-0.0124571826151737,-0.101037492994247,0.436056498674431
21.23,-0.0552111551528063,0.278906768621532,1.25772456755374,0.00277897111383644,-0.0140383560406857,-0.063305689452088,0.0221421182738825,-0.111853965763084,-0.504403250641256,-0.012489477884755,-0.101079844677979,0.435765248082869
21.24,-0.0551822580750133,0.278760791045668,1.25706628455694,0.00300393570398106,-0.015174795709769,-0.0684304417067919,0.0228404111801184,-0.115381488733778,-0.520310545844027,-0.0125244362246335,-0.101125950115839,0.435449837087187
21.25,-0.0551510764387267,0.278603272707337,1.2563559587196,0.00323577933743879,-0.0163459858153612,-0.0737119003689684,0.0235180090596431,-0.118804467921096,-0.535746402921556,-0.0125621378277806,-0.10117597864876,0.435109507287349
21.26,-0.0551175424882645,0.278433871329361,1.25559204654956,0.00347429588517391,-0.0175508850681908,-0.0791453697652228,0.0241750761586893,-0.122123733037887,-0.550714563445377,-0.0126026598559489,-0.101230103402203,0.434743523410203
21.27,-0.0550815905210232,0.278252255005973,1.2547730513243,0.00371928086061257,-0.0187884604761189,-0.0847261916378757,0.0248117767234779,-0.125340113796701,-0.565218768986432,-0.0126460764309104,-0.101288501681764,0.434351173179314
21.28,-0.0550431568710523,0.278058102119839,1.2538975227168,0.00397053141964346,-0.0200576873441248,-0.0904497451449512,0.0254282750002468,-0.128454439909947,-0.57926276111733,-0.0126924586260469,-0.101351355361186,0.433931767188187
21.29,-0.0550021798926303,0.27785110125909,1.2529640564214,0.00422784636061749,-0.0213575492743178,-0.096311446860222,0.0260247352352517,-0.131467541090313,-0.592850281412341,-0.0127418744583669,-0.101418851261587,0.433484638777068
21.3,-0.0549585999438399,0.277630951134352,1.2519712937796,0.00449102612434848,-0.022687038165931,-0.102306750773198,0.0266013216746885,-0.134380247049995,-0.605985071442001,-0.0127943888810158,-0.10149118152078,0.433009143913514
21.31,-0.0549123593701433,0.277397360495772,1.25091792140593,0.00475987279411125,-0.0240451542153176,-0.108431148289062,0.0271581985649172,-0.137193387502436,-0.618670872780585,-0.0128500637763455,-0.101568543951612,0.432504661076927
21.32,-0.0548634024879577,0.277150048050046,1.24980267081381,0.00503419009564691,-0.0254309059159802,-0.114680168228811,0.0276955301521579,-0.139907792159552,-0.630911427000215,-0.0129089579496045,-0.10165114238832,0.431970591147223
21.33,-0.0548116755682304,0.276888742377452,1.24862431804136,0.0053137833971544,-0.0268433100585086,-0.121049376829066,0.0282134806825323,-0.142524290733254,-0.642710475671243,-0.0129711271233053,-0.101739187019923,0.431406357297814
21.34,-0.0547571268200146,0.276613181848876,1.24738168327723,0.00559845970929755,-0.0282813917306452,-0.127534377742236,0.028712214402341,-0.14504371293731,-0.654071760367608,-0.0130366239323256,-0.101832894709751,0.430811404893078
21.35,-0.0546997063740445,0.276323114542839,1.24607363048651,0.00588802768520121,-0.0297441843172548,-0.134130812036418,0.0291918955578665,-0.147466888483778,-0.664999022660956,-0.0131054979197926,-0.101932489300264,0.430185201390443
21.36,-0.0546393662663106,0.276018298162531,1.2446990670365,0.00618229762045486,-0.0312307295003207,-0.140834358195455,0.0296526883953817,-0.149794647085345,-0.675496004125004,-0.0131777955338006,-0.10203820190233,0.429527236247255
21.37,-0.0545760604216354,0.275698499952833,1.2432569433226,0.00648108145310883,-0.0327400772589616,-0.147640732118918,0.0300947571609776,-0.152027818454394,-0.685566446330433,-0.0132535601250076,-0.102150271168233,0.428837020832527
21.38,-0.0545097446372484,0.275363496617352,1.24174625239413,0.0067841927636744,-0.0342712858694085,-0.154545687122063,0.0305182661011199,-0.154167232303805,-0.695214090853842,-0.0133328319451531,-0.102268943547667,0.428114088343694
21.39,-0.0544403765663619,0.275013074235445,1.24016602958016,0.00709144677513132,-0.0358234219050382,-0.161545013935997,0.0309233794619597,-0.156213718345877,-0.704442679264354,-0.0134156481465391,-0.102394473526085,0.42735799372846
21.4,-0.0543679157017458,0.274647028179251,1.23851535211541,0.00740266035291358,-0.037395560236326,-0.16863454070735,0.031310261489581,-0.158168106292746,-0.713255953130906,-0.0135020427825134,-0.10252712384475,0.426568313611797
21.41,-0.0542923233593036,0.274265163030718,1.23679333876601,0.00771765200492293,-0.038986784030893,-0.175810132998614,0.0316790764304429,-0.160031225857761,-0.721657654032013,-0.0135920468089898,-0.102667165701942,0.425744646228163
21.42,-0.0542135626616473,0.273867292498633,1.23499914945543,0.00803624188152243,-0.0405961847534811,-0.18306769378799,0.0320299885307233,-0.161803906753168,-0.729651523537797,-0.0136856880870422,-0.10281487893477,0.424886611358948
21.43,-0.0541315985216731,0.273453239335649,1.23313198489025,0.00835825177553738,-0.0422228621659563,-0.19040316346937,0.0323631620366256,-0.163486978691653,-0.737241303220313,-0.0137829913866032,-0.102970552181102,0.423993850275177
21.44,-0.0540463976261366,0.273022835255314,1.23119108618605,0.00868350512225493,-0.0438659243273141,-0.197812519852396,0.0326787611944053,-0.165081271385766,-0.744430734653278,-0.0138839783913,-0.103134483021166,0.423066025685418
21.45,-0.053957928419228,0.272575920849102,1.22917573449321,0.00901182699942547,-0.0455244875936715,-0.205291778162435,0.0329769502503699,-0.166587614547638,-0.751223559408185,-0.0139886677044559,-0.103306978098417,0.422102821688888
21.46,-0.0538661610861481,0.27211234550344,1.2270852506228,0.00934304412726231,-0.0471976766182668,-0.212836991040559,0.0332578934506196,-0.168006837889662,-0.757623519054023,-0.0140970748562845,-0.103488353219285,0.421103943733663
21.47,-0.0537710675366828,0.271631967316737,1.2249189946724,0.00967698486843785,-0.0488846243514647,-0.220444248543515,0.0335217550416097,-0.169339771126075,-0.763634355170803,-0.0142092123123058,-0.103678933431487,0.420069118579902
21.48,-0.0536726213887793,0.271134653016411,1.22267636565193,0.0100134792280946,-0.0505844720407888,-0.228109678143978,0.0337686992695283,-0.17058724396837,-0.76925980932873,-0.0143250894830061,-0.103879053080606,0.418998094267969
21.49,-0.0535707979521209,0.270620277875921,1.22035680110952,0.0103523588538284,-0.052296369230832,-0.23582944473009,0.0339988903804239,-0.171750086127861,-0.774503623093314,-0.0144447127347668,-0.10408905584467,0.4178906400913
21.5,-0.0534655742117027,0.270088725631794,1.21795977675733,0.0106934570357031,-0.054019473763346,-0.243599750605844,0.0342124926207118,-0.172829127318704,-0.779369538043174,-0.0145680854020858,-0.104309294746525,0.41674654657384
21.51,-0.0533569288114069,0.269539888400654,1.2154848060974,0.0110366087062426,-0.055752951777206,-0.251416835490953,0.0344096702365787,-0.173825197253432,-0.783861295750622,-0.014695207801111,-0.104540132143801,0.415565625451843
21.52,-0.0532448420375779,0.26897366659625,1.21293144004751,0.0113816504404346,-0.0574959777084145,-0.259276976520856,0.034590587474332,-0.174739125644038,-0.787982637787155,-0.0148260772445067,-0.104781939696338,0.414347709659799
21.53,-0.0531292958025982,0.268389968846486,1.21029926656698,0.0117284204557292,-0.0592477342900867,-0.267176488246696,0.0347554085801755,-0.175571742202792,-0.791737305724827,-0.0149606880576737,-0.105035098310936,0.413092653320246
21.54,-0.0530102736284633,0.267788711910449,1.20758791028257,0.0120767586120381,-0.0610074125524703,-0.275111722635352,0.0349042978003125,-0.176323876643077,-0.795129041136245,-0.0150990315963391,-0.105299998063369,0.411800331737152
21.55,-0.0528877606303574,0.267169820595437,1.20479703211428,0.0124265064117355,-0.0627742118229482,-0.28307906906942,0.035037419380937,-0.176996358676729,-0.798161585591428,-0.0152410962655342,-0.105577038097598,0.410470641392577
21.56,-0.0527617435002286,0.26653322767399,1.20192632890118,0.0127775069996569,-0.0645473397260048,-0.29107495434718,0.0351549375686385,-0.177590018017569,-0.800838680671159,-0.015386867539977,-0.105866626502174,0.409103499946256
21.57,-0.0526322104903642,0.265878873800916,1.19897553302733,0.0131296051631084,-0.0663260121833001,-0.299095842682846,0.0352570166093953,-0.178105684377509,-0.803164067941631,-0.0155363279858738,-0.106169180163852,0.407698846237736
21.58,-0.0524991513969664,0.265206707430324,1.19594441204753,0.0134826473318447,-0.0681094534135549,-0.307138235706013,0.0353438207492168,-0.178544187467579,-0.805141488970407,-0.0156894572841541,-0.106485124598467,0.406256640290685
21.59,-0.0523625575437273,0.264516684732645,1.19283276831321,0.0138364815780927,-0.0698968959326516,-0.315198672462254,0.0354155142347227,-0.178906357002081,-0.806774685337997,-0.015846232255153,-0.106814893759141,0.404776863318929
21.6,-0.0522224217654046,0.263808769511671,1.18964043859828,0.0141909576165392,-0.0716875805535964,-0.323273729412772,0.0354722613120204,-0.179193022693544,-0.808067398613866,-0.0160066268847522,-0.107158929821961,0.40325951773379
21.61,-0.0520787383913966,0.263082933121573,1.18636729372496,0.0145459268043331,-0.0734807563865224,-0.331360020434531,0.0355142262273305,-0.179405014253961,-0.809023370371176,-0.0161706123519916,-0.107517682949249,0.401704627152244
21.62,-0.0519315032293179,0.26233915438394,1.18301323818959,0.0149012421410858,-0.0752756808386756,-0.339454196820195,0.0355415732268076,-0.179543161395196,-0.809646342177784,-0.0163381570581619,-0.107891611030624,0.400112236405413
21.63,-0.0517807135485749,0.2615774195048,1.17957820978855,0.0152567582688692,-0.0770716196144263,-0.347552947278086,0.0355544665571078,-0.179608293832376,-0.809940055616524,-0.0165092266573858,-0.108281179402045,0.398482411546867
21.64,-0.0516263680639405,0.260797721991652,1.17606217924403,0.015612331472228,-0.0788678467153237,-0.355652997932528,0.035553070464182,-0.179601241276221,-0.809908252254813,-0.0166837840886981,-0.108686860543102,0.396815239860205
21.65,-0.0514684669191303,0.260000062570494,1.1724651498299,0.0159678196781528,-0.0806636444399506,-0.363751112323182,0.035537549193996,-0.179522833438092,-0.809554673656988,-0.0168617896096297,-0.109109133752796,0.395110829865363
21.66,-0.0513070116703774,0.259184449102853,1.16878715699757,0.0163230824561079,-0.0824583033840854,-0.371844091405668,0.0355080669932007,-0.179373900032761,-0.808883061404509,-0.0170432008313021,-0.109548484804144,0.393369311323058
21.67,-0.0511420052700082,0.258350896502812,1.16502826800179,0.0166779810180168,-0.0842511224406057,-0.379928773551272,0.035464788107899,-0.179155270771677,-0.80789715706745,-0.0172279727550363,-0.110005405577922,0.3915908352368
21.68,-0.0509734520500171,0.25749942665404,1.16118858152654,0.0170323782182659,-0.0860414087995189,-0.388002034547016,0.0354078767843632,-0.178867775367944,-0.806600702219529,-0.0174160578104801,-0.110480393675911,0.38977557385184
21.69,-0.0508013577056428,0.256630068326822,1.15726822731085,0.0173861385537041,-0.0878284779479645,-0.396060787595662,0.0353374972688316,-0.178512243533832,-0.804997438432243,-0.0176074058952545,-0.110973952014067,0.387923720650447
21.7,-0.050625729278943,0.255742857095081,1.15326736577463,0.0177391281636425,-0.0896116536701954,-0.404101983315661,0.0352538138075253,-0.178089504981751,-0.803091107275978,-0.0178019644161207,-0.111486588396005,0.386035490342879
21.71,-0.05044657514237,0.254837835253418,1.14918618764453,0.0180912148298546,-0.0913902680475995,-0.412122609741181,0.0351569906465011,-0.177600389423839,-0.800885450322387,-0.0179996783316654,-0.112018815067291,0.384111118853393
21.72,-0.050263904982346,0.253915051734129,1.1450249135798,0.0184422679765725,-0.0931636614586722,-0.420119692322108,0.0350471920325689,-0.177045726574958,-0.798384209154571,-0.0182004901965041,-0.112571148251,0.382150863300654
21.73,-0.0500777297828385,0.252974562024244,1.14078379379809,0.0187921586705061,-0.0949311825790992,-0.428090293924275,0.0349245822116583,-0.176426346145955,-0.795591125335882,-0.018404340206995,-0.113144107665084,0.380155001971858
21.74,-0.0498880618089358,0.252016428082547,1.13646310770132,0.0191407596208057,-0.0966921883815912,-0.436031514828826,0.0347893254295568,-0.175743077847492,-0.792509940432707,-0.0186111662484611,-0.113738216022075,0.378123834289933
21.75,-0.0496949145904224,0.251040718256612,1.13206316350151,0.0194879451790972,-0.0984460441360489,-0.443940492732929,0.034641585933052,-0.174996751395186,-0.789144396027875,-0.0188209039439109,-0.114353998511727,0.376057680773117
21.76,-0.0494983029053539,0.250047507199826,1.12758429784666,0.0198335913394667,-0.100192123409495,-0.451814402749383,0.0344815279683053,-0.17418819650076,-0.785498233690821,-0.0190334867042491,-0.114991982267178,0.373956882986255
21.77,-0.0492982427636331,0.249036875788422,1.12302687544653,0.0201775757384633,-0.101929808066064,-0.459650457406745,0.0343093157815375,-0.173318242876065,-0.781575194993589,-0.0192488457799678,-0.115652695815295,0.371821803483141
21.78,-0.0490947513905847,0.248008911038505,1.11839128869853,0.0205197776550974,-0.103658488267016,-0.467445906649254,0.0341251136189172,-0.17238772023407,-0.777379021508237,-0.0194669103143022,-0.116336668511849,0.369652825739226
21.79,-0.0488878472105311,0.246963706023082,1.11367795731354,0.0208600780108416,-0.105377562470745,-0.475198037836909,0.0339290857267173,-0.171397458287599,-0.772913454808488,-0.0196876073978396,-0.11704442996223,0.367450354074038
21.8,-0.0486775498303678,0.24590135978909,1.10888732794179,0.0211983593696318,-0.107086437432768,-0.482904175745424,0.0337213963510021,-0.170348286748097,-0.768182236460921,-0.0199108621245632,-0.117776509428417,0.365214813562636
21.81,-0.0484638800231385,0.244821977274427,1.10401987379863,0.0215345059378616,-0.108784528205707,-0.490561682566127,0.0335022097385774,-0.16924103533098,-0.763189108051629,-0.0201365976493119,-0.11853343522296,0.362946649935465
21.82,-0.0482468597116105,0.243725669224976,1.09907609429046,0.0218684035644034,-0.110471258139388,-0.498167957906459,0.0332716901353687,-0.168076533746676,-0.757937811144918,-0.0203647352466363,-0.119315734090751,0.360646329465957
21.83,-0.0480265119518504,0.242612552111639,1.09405651464051,0.022199939740569,-0.112146058880641,-0.505720438789025,0.0330300017871793,-0.166855611705992,-0.75243208730317,-0.0205951943710277,-0.12012393057939,0.358314338845245
21.84,-0.0478028609167992,0.241482748047363,1.08896168551468,0.022529003600147,-0.113808370373508,-0.513216599652522,0.0327773089408269,-0.165579098924749,-0.74667567811385,-0.020827892718495,-0.120958546398982,0.355951185043389
21.85,-0.0475759318798475,0.240336384704169,1.08379218264746,0.0228554859193855,-0.115457640859136,-0.520653952351302,0.0325137758423411,-0.164247825113907,-0.740672325142993,-0.0210627462894633,-0.121820099772216,0.353557395156505
21.86,-0.0473457511984115,0.23917359523018,1.07854860646766,0.0231792791169938,-0.117093326875786,-0.528030046155381,0.0322395667379946,-0.162862619986291,-0.73442576996322,-0.0212996694529638,-0.12270910477562,0.35113351623922
21.87,-0.0471123462975076,0.237994518166653,1.07323158172435,0.0235002772541454,-0.118714893258861,-0.535342467750566,0.0319548458738836,-0.161424313253798,-0.727939754145078,-0.0215385750120842,-0.123626070672882,0.348680115121888
21.88,-0.0468757456533286,0.236799297365003,1.06784175711265,0.0238183760344715,-0.120321813140862,-0.542588841238282,0.0316597774967882,-0.159933734631391,-0.721218019271623,-0.0217793742706467,-0.124571501241183,0.346197778212044
21.89,-0.0466359787768181,0.235588081903836,1.06237980489958,0.0241334728040813,-0.12191356795149,-0.549766828136001,0.0313545258525579,-0.158391713830051,-0.714264306906763,-0.022021977101076,-0.125545894091487,0.343687111279567
21.9,-0.0463930761972469,0.234361026005973,1.05684642054993,0.0244454665515226,-0.123489647417463,-0.556874127376417,0.0310392551870431,-0.156799080560453,-0.7070823586153,-0.0222662920134212,-0.126549739983756,0.341148739225082
21.91,-0.0461470694457877,0.233118288955486,1.05124232235205,0.0247542579078221,-0.125049549562699,-0.563908475308307,0.0307141297470697,-0.155156664537615,-0.699675915981666,-0.0225122262254898,-0.127583522138086,0.338583305831135
21.92,-0.0458979910390905,0.23186003501472,1.04556825104376,0.025059749146464,-0.126592780708215,-0.57086764569605,0.0303793137787167,-0.153465295473504,-0.692048720574188,-0.0227596857340517,-0.128647715542783,0.335991473495715
21.93,-0.0456458744628584,0.230586433341322,1.03982496943813,0.0253618441833964,-0.128118855472169,-0.57774944971979,0.030034971528222,-0.151725803080878,-0.684204513965473,-0.0230085753870694,-0.129742786260386,0.333373922947734
21.94,-0.0453907541554226,0.229297657905276,1.03401326204936,0.0256604485770284,-0.129627296769833,-0.58455173597536,0.0296812672418064,-0.149939017071797,-0.6761470377287,-0.0232587989569054,-0.130869190732712,0.330731352944105
21.95,-0.0451326654913179,0.227993887405926,1.02813393471862,0.0259554695282325,-0.131117635813605,-0.591272390474364,0.0293183651657603,-0.148105767158949,-0.667880033435906,-0.0235102592144602,-0.132027375085944,0.328064479948088
21.96,-0.044871644764858,0.226675305189004,1.02218781423988,0.0262468158803436,-0.132589412113011,-0.597909336644077,0.0289464295460167,-0.146226883053971,-0.659407242652108,-0.0237628580041875,-0.133217774436871,0.325374037788622
21.97,-0.044607729173711,0.225342099163665,1.01617574798574,0.0265343981191529,-0.134042173474684,-0.604460535327406,0.0285656246295677,-0.144303194473027,-0.650732406969244,-0.0240164963199346,-0.134440812201336,0.322660777300393
21.98,-0.0443409568024748,0.22399446171951,1.01009860353333,0.0268181283729351,-0.135475476002472,-0.610923984783464,0.0281761146622472,-0.142335531126084,-0.641859267947867,-0.0242710743815524,-0.135696899405995,0.319925465944437
21.99,-0.0440713666062523,0.222632589643616,1.00395726829007,0.0270979204123978,-0.136888884097206,-0.617297720686363,0.0277780638897375,-0.140324722723231,-0.632791567147825,-0.024526491712217,-0.136986434004488,0.317168887409097
22,-0.0437989983942269,0.221256684037566,0.997752649119601,0.0273736896507298,-0.138281970456937,-0.623579816126421,0.0273716365589891,-0.138271598980755,-0.62353304615961,-0.0247826472164043,-0.138309800199129,0.314391841191234
22.01,-0.0435238928132377,0.219866950234477,0.991485671967546,0.0276453531435776,-0.139654316076821,-0.629768381609555,0.0269569969160559,-0.136176989610012,-0.614087446548808,-0.0250394392584562,-0.139667367769218,0.311595142157586
22.02,-0.0432460913313553,0.21846359771603,0.98515728148741,0.0279128295890509,-0.141005510249137,-0.635861565057396,0.0265343092071939,-0.134041724323622,-0.604458509889407,-0.025296765741675,-0.141059491407105,0.30877962008627
22.03,-0.0429656362214567,0.217046840029495,0.978768440666398,0.0281760393277214,-0.142335150563293,-0.641857551807342,0.0261037376786238,-0.131866632834132,-0.594649977753738,-0.0255545241878824,-0.142486510063096,0.305946119188418
22.04,-0.0426825705448009,0.215616894704764,0.972320130451264,0.0284349043426234,-0.14364284290582,-0.647754564612471,0.0256654465765487,-0.129652544854023,-0.584665591712465,-0.0258126118173746,-0.143948746300341,0.303095497610018
22.05,-0.0423969381346043,0.214173983171378,0.965813349374149,0.0286893482592524,-0.144928201460373,-0.653550863641592,0.0252196001470022,-0.127400290094683,-0.574509093334287,-0.026070925629208,-0.145446505660785,0.300228626914064
22.06,-0.0421087835796159,0.212718330675556,0.959249113178432,0.0289392963455634,-0.146190848707713,-0.659244746479156,0.0247663626370237,-0.125110698272601,-0.564184224208714,-0.0263293624817444,-0.146980076043306,0.297346391543175
22.07,-0.0418181522076929,0.211250166197224,0.952628454444564,0.029184675511993,-0.147430415425826,-0.664834548125768,0.0243058982922636,-0.122784599097313,-0.553694725894444,-0.0265878191733858,-0.148549727095122,0.294449688262882
22.08,-0.041525090069376,0.20976972236704,0.945952422215917,0.0294254143114087,-0.14864654068966,-0.670318640997045,0.0238383713585023,-0.12042282227919,-0.543044339954025,-0.0268461925234252,-0.150155709617554,0.291539425585841
22.09,-0.0412296439214647,0.20827723538343,0.939222081624623,0.029661442939163,-0.14983887187141,-0.675695434924848,0.0233639460828053,-0.118026197535042,-0.532236807978559,-0.0271043794529429,-0.151798254987224,0.288616523177282
22.1,-0.0409318612105928,0.206772944929612,0.93243851351742,0.0298926932330648,-0.15100706464036,-0.680963377156616,0.0228827867110672,-0.115595554575498,-0.521275871532578,-0.0273622770656708,-0.15347757459373,0.285681911242032
22.11,-0.0406317900568035,0.205257094090623,0.925602814081491,0.0301190986733843,-0.152150782962919,-0.686120952355499,0.0223950574895605,-0.113131723113313,-0.510165272188967,-0.0276197827287519,-0.155193859294848,0.282736529893531
22.12,-0.0403294792371251,0.203729929270354,0.918716094470311,0.030340594382856,-0.153269699102627,-0.691166682600395,0.0219009226643045,-0.110635532859665,-0.498908751514703,-0.0278767941533176,-0.15694727889029,0.279781328505284
22.13,-0.0400249781691464,0.202191700108571,0.911779480429484,0.0305571171266704,-0.154363493620113,-0.696099127385793,0.021400546482278,-0.108107813531195,-0.487510051100028,-0.028133209474806,-0.158737981614993,0.276817265045248
22.14,-0.0397183368945916,0.200642659397951,0.904794111922593,0.0307686053125016,-0.155431855373251,-0.700916883622397,0.0208940931892397,-0.105549394838118,-0.475972912505711,-0.0283889273329451,-0.160566093652939,0.273845305393719
22.15,-0.0394096060628963,0.199083063001106,0.897761142757036,0.0309749989904552,-0.156474481516875,-0.705618585635907,0.0203817270308912,-0.102961106489834,-0.464301077290912,-0.0286438469513206,-0.16243171867244,0.270866422645296
22.16,-0.0390988369147825,0.197513169767613,0.890681740209875,0.0311762398531194,-0.157491077503047,-0.710202905168215,0.0198636122542534,-0.100343778202885,-0.452498287046597,-0.0288978682164533,-0.164334937383812,0.267881596395583
22.17,-0.038786081265834,0.195933241451045,0.883557084653672,0.0313722712355402,-0.158481357080933,-0.714668551376839,0.0193399131053457,-0.0976982396891403,-0.440568283341123,-0.0291508917563044,-0.166275807120339,0.264891812013311
22.18,-0.0384713914900717,0.194343542625995,0.876388369182338,0.0315630381152263,-0.15944504229683,-0.719014270835038,0.0188107938303543,-0.0950253206606667,-0.428514807744605,-0.0294028190181331,-0.16825436144336,0.261898059898622
22.19,-0.0381548205035295,0.192744340605108,0.869176799236972,0.0317484871121473,-0.160381863494146,-0.723238847531731,0.0182764186755336,-0.0923258508295269,-0.416341601828538,-0.0296535523456257,-0.170270609772334,0.258901334728292
22.2,-0.0378364217478288,0.191135905356112,0.861923592231704,0.031928566488737,-0.161291559313421,-0.727341102871608,0.0177369518872269,-0.0896006599094465,-0.404052407168856,-0.0299029950552205,-0.172324537040639,0.255902634688722
22.21,-0.0375162491737547,0.18951850941884,0.85462997717954,0.0321032261498919,-0.162173876692335,-0.731319895675108,0.0171925577112812,-0.0868505776110408,-0.391650965329429,-0.0301510515115478,-0.174416103377873,0.25290296069755
22.22,-0.037194357224831,0.187892427822265,0.847297194318202,0.0322724176429626,-0.163028570865642,-0.735174122178197,0.016643400394809,-0.0840764336509113,-0.379141017902103,-0.0303976272019101,-0.176545243819347,0.249903315614803
22.23,-0.0368708008208954,0.186257938001527,0.839926494735974,0.0324360941577881,-0.163855405365353,-0.738902716033151,0.0160896441835361,-0.0812790577390327,-0.366526306447176,-0.0306426288097241,-0.178711868043451,0.246904703444524
22.24,-0.0365456353416752,0.184615319714958,0.832519139997539,0.0325942105266333,-0.164654152020422,-0.74250464830714,0.0155314533230664,-0.0784592795845976,-0.353810572522053,-0.0308859642868496,-0.180915860137489,0.243908128527851
22.25,-0.0362189166103627,0.182964854961118,0.825076401769831,0.0327467232242494,-0.165424590957045,-0.745978927483592,0.0149689920606051,-0.0756179289056235,-0.340997557722058,-0.0311275429247285,-0.183157078392578,0.24091459472857
22.26,-0.0358907008771902,0.181306827895817,0.817599561447868,0.0328935903678454,-0.166166510598535,-0.749324599461581,0.0144024246419991,-0.0727558354124443,-0.328091003611321,-0.031367275424261,-0.185435355128118,0.237925104612177
22.27,-0.0355610448030058,0.179641524749148,0.8100899097806,0.0330347717170894,-0.166879707665294,-0.752540747555818,0.0138319153134704,-0.0698738288168494,-0.315094651759397,-0.031605073964346,-0.187750496546314,0.234940658619536
22.28,-0.0352300054428485,0.177969233742512,0.802548746496752,0.0331702286741148,-0.167563987174872,-0.755626492496769,0.013257628321412,-0.066972738832774,-0.302012243742506,-0.0318408522690124,-0.190102282617176,0.231962254236225
22.29,-0.0348976402295235,0.17629024500565,0.794977379930665,0.0332999242835176,-0.16821916244195,-0.758580992430668,0.0126797279120627,-0.0640533951727667,-0.288847521134906,-0.0320745256730718,-0.192490466994363,0.228990885158714
22.3,-0.0345640069571781,0.174604850493673,0.787377126648139,0.033423823232356,-0.168845055078327,-0.761403442919467,0.0120983783312062,-0.0611166275470392,-0.275604225497434,-0.0323060111862239,-0.194914776962191,0.226027540458509
22.31,-0.0342291637648764,0.172913343904084,0.779749311072276,0.0335418918501417,-0.16944149499289,-0.764093076940617,0.0115137438259377,-0.0581632656723653,-0.262286098421902,-0.032535227555546,-0.197374913414071,0.223073203745457
22.32,-0.0338931691201752,0.171216020593814,0.772095265109324,0.0336540981088748,-0.170008320391774,-0.766649164887906,0.0109259886421841,-0.0551941392595649,-0.248896881473587,-0.0327620953263019,-0.19987055086258,0.220128852331383
22.33,-0.033556081802699,0.169513177496249,0.764416327774518,0.0337604116229854,-0.170545377778082,-0.769071014570088,0.0103352770254936,-0.0522100780180068,-0.235440316208879,-0.0329865369010057,-0.202401337481316,0.217195456395276
22.34,-0.0332179608877155,0.167805113038253,0.756713844817923,0.0338608036493847,-0.171052521952134,-0.771357971212083,0.00974177322284421,-0.0492119116636571,-0.221920144217191,-0.033208476596678,-0.20496689517864,0.214273978151242
22.35,-0.0328788657297113,0.166092127057206,0.748989168350277,0.0339552470874423,-0.171529616011355,-0.773509417454432,0.00914564148033327,-0.0462004699085274,-0.208340107067672,-0.0334278407002369,-0.207566819703325,0.211365371020454
22.36,-0.0325388559459667,0.164374520718026,0.741243656468834,0.0340437164789914,-0.171976531350305,-0.775524773353436,0.00854704604412848,-0.0431765824648193,-0.19470394633098,-0.0336445575219623,-0.210200680782116,0.208470578808325
22.37,-0.0321979914001315,0.1626525964302,0.733478672883208,0.0341261880083249,-0.172393147660651,-0.777403496381052,0.00794615116023345,-0.0401410790436202,-0.181015403573097,-0.0338585574469807,-0.212868022289091,0.205590534888155
22.38,-0.0318563321858002,0.160926657764813,0.725695586541214,0.034202639502196,-0.172779352931177,-0.779145081424898,0.00734312107584952,-0.0370947893625584,-0.167278220389013,-0.0340697729847167,-0.215568362446709,0.202726161392489
22.39,-0.0315139386100874,0.159197009371576,0.717895771254708,0.0342730504298419,-0.173135043447902,-0.780749060788832,0.006738120036359,-0.034038543129953,-0.153496138332863,-0.034278138816259,-0.218301194058344,0.199878368413422
22.4,-0.0311708711772034,0.157463956895855,0.710080605325437,0.0343374019029232,-0.173460123793776,-0.782215004191555,0.00613131228764884,-0.030973170056376,-0.139672898967494,-0.0344835918395937,-0.221065984772037,0.197048053213087
22.41,-0.030827190572029,0.1557278068957,0.702251471170877,0.0343956766755949,-0.17375450684903,-0.783542518768182,0.00552286207694761,-0.0278994998593344,-0.125812243887144,-0.0346860712126585,-0.223862177375181,0.194236099445552
22.42,-0.0304829576436915,0.153988866758874,0.694409754950074,0.0344478591444622,-0.174018113790963,-0.784731249069298,0.00491293364987728,-0.0248183622485207,-0.111917914651657,-0.0348855183941747,-0.226689190119737,0.191443376391345
22.43,-0.0301382333891398,0.152247444619881,0.686556846189491,0.0344939353485924,-0.174250874094,-0.785780877061215,0.00430169125288484,-0.0217305869372469,-0.0979936528372492,-0.0350818771822154,-0.229546417077586,0.188670738205802
22.44,-0.0297930789367197,0.150503849276994,0.67869413740885,0.0345338929695199,-0.174452725529708,-0.786691122126043,0.00368929913228616,-0.0186370036384113,-0.0840432000179265,-0.035275093750474,-0.232433228525518,0.18591902318243
22.45,-0.0294475555297494,0.148758390109287,0.670823023746971,0.0345677213312381,-0.174623614166769,-0.787461741061574,0.00307592153409384,-0.0155384420636593,-0.0700702977615723,-0.0354651166821956,-0.235348971359324,0.183189053032448
22.46,-0.0291017245100949,0.147011376993659,0.662944902587619,0.0345954114002017,-0.174763494370981,-0.788092528081275,0.00246172270439478,-0.0124357319245416,-0.0560786876357367,-0.0356518970017402,-0.238292969536415,0.180481632181655
22.47,-0.0287556473017454,0.145263120221867,0.655061173185346,0.034616955785326,-0.174872328805259,-0.788583314814288,0.0018468668904617,-0.00932970293888856,-0.0420721112370726,-0.0358353882037481,-0.241264524546299,0.177797547085738
22.48,-0.0284093853943883,0.143513930417553,0.647173236291331,0.034632348738011,-0.174950088429759,-0.788933970306016,0.00123151833769343,-0.00622118481517649,-0.0280543101194969,-0.0360155462798808,-0.244262915908257,0.175137565565112
22.49,-0.0280630003269852,0.141764118453272,0.639282493779226,0.0346415861520799,-0.174996752501563,-0.789144401016678,0.000615841291790402,-0.00311100726298203,-0.014029025841861,-0.0361923297431141,-0.247287401695446,0.172502436160365
22.5,-0.0277165536713467,0.140013995367522,0.631390348270997,0.0346446655638468,-0.175012308575019,-0.789214550822853,-3.46944695195369e-14,2.08166817117221e-13,8.32667268468885e-13,-0.036365699649562,-0.250337219084661,0.169892887509316
22.51,-0.0273701070157082,0.138263872281772,0.623498202762769,0.0346415861520792,-0.174996752501559,-0.789144401016662,-0.000615841291781729,0.00311100726291265,0.0140290258415835,-0.0365356196178144,-0.253411584930903,0.167309627746703
22.52,-0.0270237219483051,0.136514060317491,0.615607460250664,0.0346323487380111,-0.17495008842976,-0.788933970306022,-0.0012315183372993,0.00622118481313785,0.0280543101105541,-0.036702055845774,-0.256509696365884,0.164753343927439
22.53,-0.026677460040948,0.134764870513177,0.607719523356649,0.0346169557853332,-0.174872328805296,-0.788583314814451,-0.00184686689045335,0.00932970293889022,0.0420721112370801,-0.0368649771249797,-0.25963073141955,0.162224701474358
22.54,-0.0263313828325985,0.133016613741385,0.599835793954376,0.0345954114002021,-0.174763494370983,-0.78809252808128,-0.00246172270477156,0.0124357319264415,0.0560786876441245,-0.0370243548524095,-0.262773849663639,0.159724343651332
22.55,-0.025985551812944,0.131269600625757,0.591957672795024,0.0345677213312378,-0.174623614166767,-0.787461741061568,-0.00307592153441789,0.0155384420652788,0.0700702977688387,-0.037180163039755,-0.265938192876309,0.157252891062574
22.56,-0.0256400284059737,0.12952414145805,0.584086559133145,0.0345338929695137,-0.174452725529677,-0.786691122125903,-0.00368929913223346,0.0186370036381998,0.0840432000170789,-0.0373323783201672,-0.26912288572677,0.154810941178923
22.57,-0.0252948739535536,0.127780546115163,0.576223850352503,0.0344939353485931,-0.174250874094003,-0.785780877061226,-0.00430169125258682,0.0217305869356967,0.0979936528302604,-0.0374809799524719,-0.272327036478869,0.152399067891847
22.58,-0.0249501496990019,0.12603912397617,0.568370941591921,0.034447859144462,-0.174018113790963,-0.784731249069298,-0.00491293364992932,0.0248183622487288,0.11191791465249,-0.0376259498228595,-0.275549737712531,0.150017821095835
22.59,-0.0246059167706644,0.124300183839344,0.560529225371117,0.0343956766755945,-0.173754506849029,-0.783542518768177,-0.00552286207693894,0.0278994998593344,0.125812243887144,-0.0377672724440537,-0.278790067061926,0.147667726299838
22.6,-0.02426223616549,0.12256403383919,0.552700091216557,0.0343374019029232,-0.173460123793776,-0.782215004191555,-0.00613131228768354,0.0309731700565148,0.139672898968049,-0.0379049349519709,-0.282047087969215,0.145349284268317
22.61,-0.0239191687326059,0.120830981363469,0.544884925287287,0.0342730504298408,-0.173135043447898,-0.780749060788816,-0.00673812003605508,0.0340385431284875,0.153496138326218,-0.0380389270998788,-0.285319850452707,0.143062970692443
22.62,-0.0235767751568932,0.119101332970232,0.537085110000781,0.0342026395022021,-0.172779352931207,-0.779145081425031,-0.00734312107610201,0.037094789363957,0.16727822039567,-0.0381692412500726,-0.288607391888226,0.140809235891916
22.63,-0.0232351159425619,0.117375394304845,0.529302023658786,0.0341261880083188,-0.172393147660619,-0.777403496380902,-0.00794615116057066,0.0401410790452867,0.181015403580542,-0.0382958723630843,-0.291908737802502,0.138588504547826
22.64,-0.0228942513967267,0.115653470017019,0.521537040073161,0.0340437164789907,-0.171976531350301,-0.77552477335342,-0.00854704604375586,0.0431765824628028,0.194703946321577,-0.0384188179844462,-0.29522290267734,0.136401175466908
22.65,-0.0225542416129821,0.113935863677839,0.513791528191718,0.0339552470874437,-0.171529616011363,-0.773509417454471,-0.00914564148028123,0.0462004699082498,0.208340107066284,-0.0385380782290326,-0.298548890763356,0.134247621377509
22.66,-0.0222151464549779,0.112222877696792,0.506066851724072,0.0338608036493851,-0.171052521952136,-0.771357971212094,-0.00974177322293095,0.0492119116641428,0.221920144219689,-0.0386536557630042,-0.30188569690203,0.132128188757495
22.67,-0.0218770255399944,0.110514813238796,0.498364368767477,0.0337604116229851,-0.17054537777808,-0.769071014570077,-0.0103352770254416,0.0522100780176599,0.235440316207768,-0.0387655557833856,-0.305232307354845,0.130043197694313
22.68,-0.0215399382225182,0.10881197014123,0.490685431432671,0.0336540981088762,-0.170008320391783,-0.766649164887939,-0.0109259886419382,0.0551941392584075,0.24889688146763,-0.0388737859953056,-0.308587700638254,0.127992941777297
22.69,-0.0212039435778169,0.10711464683096,0.483031385469718,0.0335418918501463,-0.169441494992912,-0.764093076940725,-0.0115137438261132,0.0581632656732776,0.262286098426112,-0.0389783565869345,-0.311950848363246,0.125977688022335
22.7,-0.0208691003855153,0.105423140241372,0.475403569893856,0.033423823232354,-0.168845055078317,-0.761403442919417,-0.0120983783313307,0.0611166275475721,0.275604225500614,-0.0390792802021555,-0.315320716078252,0.123997676828876
22.71,-0.0205354671131699,0.103737745729394,0.46780331661133,0.0332999242835197,-0.168219162441961,-0.758580992430713,-0.0126797279122184,0.0640533951735619,0.288847521138564,-0.0391765719110075,-0.318696264114191,0.122053121969239
22.72,-0.0202031018998449,0.102058756992533,0.460231950045243,0.0331702286741096,-0.167563987174846,-0.755626492496646,-0.0132576283216005,0.066972738833803,0.302012243746616,-0.0392702491779406,-0.322076448430397,0.120144210610135
22.73,-0.0198720625396876,0.100386465985897,0.452690786761395,0.0330347717170877,-0.166879707665284,-0.752540747555779,-0.0138319153132105,0.0698738288155685,0.315094651752685,-0.0393603318279284,-0.325460221460246,0.118271103366224
22.74,-0.0195424064655031,0.0987211628392271,0.445181135094127,0.0328935903678454,-0.166166510598535,-0.749324599461592,-0.0144024246418777,0.0727558354117504,0.328091003608545,-0.0394468420104816,-0.328846532955283,0.116433934385494
22.75,-0.0192141907323307,0.0970631357739261,0.437704294772164,0.0327467232242501,-0.165424590957049,-0.745978927483609,-0.0149689920605877,0.0756179289056235,0.340997557722613,-0.0395298041616108,-0.33223433082666,0.114632811466197
22.76,-0.0188874720010182,0.0954126710200862,0.430261556544455,0.0325942105266337,-0.164654152020422,-0.74250464830714,-0.0155314533230838,0.0784592795847364,0.353810572522608,-0.039609244963788,-0.335622561982755,0.112867816205008
22.77,-0.018562306521798,0.0937700527335177,0.422854201806021,0.0324360941577884,-0.163855405365355,-0.738902716033156,-0.0160896441832842,0.0812790577376547,0.366526306440648,-0.0396851933039589,-0.339010173161819,0.111139004176022
22.78,-0.0182387501178624,0.0921355629127791,0.415483502223793,0.032272417642968,-0.163028570865669,-0.735174122178327,-0.0166434003948987,0.0840764336512732,0.379141017903836,-0.0397576802296589,-0.342396111758558,0.109446405140167
22.79,-0.0179168581689387,0.0905094813162044,0.408150719362455,0.0321032261498905,-0.162173876692329,-0.73131989567508,-0.0171925577115158,0.0868505776122107,0.391650965335402,-0.0398267389032885,-0.345779326643575,0.107790023284539
22.8,-0.0175966855948646,0.0888920853789326,0.400857104310291,0.0319285664887377,-0.161291559313425,-0.727341102871619,-0.0177369518873875,0.0896006599105234,0.404052407173059,-0.0398924045546051,-0.349158768974615,0.10616983749112
22.81,-0.0172782868391639,0.087283650129936,0.393603897305023,0.0317484871121427,-0.160381863494119,-0.723238847531619,-0.0182764186755997,0.0923258508298574,0.416341601829574,-0.0399547144314898,-0.35253339299862,0.104585801634318
22.82,-0.0169617158526217,0.0856844481090497,0.386392327359657,0.0315630381152256,-0.159445042296827,-0.719014270835026,-0.0188107938300896,0.0950253206590347,0.428514807737904,-0.0400137077490502,-0.355902156843586,0.103037844906669
22.83,-0.0166470260768594,0.0840947492839995,0.379223611888323,0.0313722712355409,-0.158481357080938,-0.714668551376861,-0.0193399131052937,0.0976982396890015,0.440568283340291,-0.0400694256371198,-0.359264023299316,0.101525872172053
22.84,-0.0163342704279109,0.082514820967431,0.37209895633212,0.0311762398531197,-0.157491077503047,-0.710202905168221,-0.0198636122543402,0.10034377820344,0.452498287049095,-0.0401219110862188,-0.362617960586135,0.100049764345699
22.85,-0.016023501279797,0.0809449277339386,0.365019553784958,0.0309749989904541,-0.156474481516869,-0.705618585635879,-0.0203817270308912,0.102961106489696,0.464301077290912,-0.0401712088920388,-0.365962943110728,0.0986093788002085
22.86,-0.0157147704481018,0.0793853313370937,0.357986584619402,0.0307686053125019,-0.155431855373254,-0.700916883622403,-0.0208940931888641,0.105549394836192,0.475972912496752,-0.04021736559852,-0.369297952208264,0.0972045497968267
22.87,-0.015408129173547,0.0778362906264736,0.351001216112511,0.0305571171266769,-0.154363493620146,-0.696099127385944,-0.0214005464826033,0.108107813533062,0.487510051107642,-0.0402604294395849,-0.372621976870044,0.0958350889411007
22.88,-0.0151036281055683,0.0762980614646909,0.344064602071684,0.0303405943828499,-0.153269699102592,-0.69116668260025,-0.0219009226646935,0.110635532861571,0.498908751523574,-0.0403004502795987,-0.375934014455928,0.0945007856620774
22.89,-0.0148013172858899,0.0747708966444213,0.337177882460504,0.0301190986733829,-0.152150782962914,-0.686120952355471,-0.0223950574892391,0.113131723111466,0.510165272181162,-0.0403374795526244,-0.379233071390861,0.0932014077141242
22.9,-0.0145012461321006,0.0732550458054327,0.330342183024575,0.0298926932330651,-0.151007064640363,-0.680963377156627,-0.0228827867108243,0.115595554574318,0.521275871527582,-0.0403715702005424,-0.382518163844864,0.0919367017004514
22.91,-0.0142034634212286,0.0717507553516141,0.323558614917371,0.0296614429391665,-0.149838871871428,-0.67569543492492,-0.0233639460828227,0.118026197535042,0.532236807979114,-0.0404027766101061,-0.385788318395888,0.0907063936173707
22.92,-0.0139080172733173,0.0702582683680042,0.316828274326077,0.0294254143114087,-0.148646540689662,-0.670318640997045,-0.0238383713588145,0.120422822280855,0.543044339960963,-0.0404311545490045,-0.389042572674997,0.0895101894183061
22.93,-0.0136149551350005,0.0687778245378209,0.310152242097431,0.0291846755119902,-0.147430415425811,-0.664834548125701,-0.0243058982921106,0.122784599096709,0.553694725891086,-0.0404567611010028,-0.392279975993384,0.0883477755965461
22.94,-0.0133243237630775,0.067309660059488,0.303531583363563,0.0289392963455665,-0.146190848707728,-0.659244746479224,-0.0247663626369413,0.125110698272068,0.564184224206316,-0.0404796546002363,-0.395499589950782,0.0872188197857051
22.95,-0.0130361692080892,0.0658540075636664,0.296967347167846,0.0286893482592514,-0.144928201460369,-0.653550863641575,-0.0252196001470164,0.127400290094662,0.574509093334037,-0.0404998945647275,-0.398700489024863,0.0861229713768491
22.96,-0.0127505367978925,0.0644110960302807,0.290460566090732,0.0284349043426261,-0.143642842905835,-0.647754564612543,-0.0256654465766948,0.12965254485487,0.584665591716223,-0.0405175416292019,-0.401881761141302,0.0850598621512112
22.97,-0.0124674711212366,0.0629811507055497,0.284012255875596,0.0281760393277175,-0.142335150563272,-0.641857551807251,-0.0261037376788794,0.131866632835497,0.594649977760016,-0.0405326574772764,-0.405042508224196,0.0840291069274202
22.98,-0.0121870160113381,0.0615643930190148,0.277623415054585,0.0279128295890485,-0.141005510249125,-0.635861565057341,-0.0265343092070304,0.134041724322774,0.604458509885926,-0.0405453047730925,-0.408181846726605,0.083030304222148
22.99,-0.0119092145294557,0.0601610405005673,0.271295024574449,0.0276453531435769,-0.139654316076816,-0.629768381609532,-0.0269569969158824,0.13617698960918,0.614087446545199,-0.0405555470924703,-0.411298908141034,0.0820630369230689
23,-0.0116341089484665,0.0587713066974785,0.265028047422394,0.0273736896507308,-0.138281970456941,-0.623579816126437,-0.0273716365589023,0.1382715989802,0.623533046156834,-0.0405634488536564,-0.414392839489685,0.0811268729730229
23.01,-0.0113617407364411,0.0573954010914285,0.258823428251921,0.0270979204123988,-0.136888884097213,-0.617297720686396,-0.0277780638896681,0.140324722722885,0.632791567145882,-0.0405690752477405,-0.417462803794414,0.0802213660642651
23.02,-0.0110921505402186,0.0560335290155344,0.252682093008667,0.0268181283729375,-0.135475476002484,-0.61092398478352,-0.0281761146621676,0.142335531125795,0.641859267946384,-0.040572492168814,-0.420507980526344,0.079346056341678
23.03,-0.0108253781689823,0.0546858915713789,0.246604948556251,0.0265343981191555,-0.134042173474697,-0.604460535327469,-0.0285656246298504,0.144303194474302,0.650732406975466,-0.0405737661439448,-0.423527566035122,0.0785004711138286
23.04,-0.0105614625778355,0.0533526855460405,0.240592882302118,0.0262468158803405,-0.132589412112998,-0.597909336644011,-0.0289464295460617,0.14622688305426,0.65940724265359,-0.0405729642630426,-0.426520773957895,0.0776841255707462
23.05,-0.0103004418513755,0.052034103329119,0.234646761823371,0.0259554695282343,-0.131117635813612,-0.591272390474397,-0.029318365165728,0.148105767158991,0.667880033435545,-0.0405701541086871,-0.429486835608087,0.0768965235073026
23.06,-0.0100423531872708,0.0507303328297683,0.22876743449263,0.0256604485770259,-0.129627296769818,-0.5845517359753,-0.0296812672419052,0.149939017072118,0.676147037730801,-0.0405654036859914,-0.432425000344125,0.0761371580510865
23.07,-0.00978723287983494,0.0494415573937223,0.222955727103863,0.0253618441833961,-0.128118855472169,-0.577749449719779,-0.0300349715281502,0.151725803080351,0.684204513963613,-0.0405587813525753,-0.435334535918299,0.0754055123936553
23.08,-0.00953511630360288,0.048167955720325,0.217212445498234,0.025059749146463,-0.126592780708211,-0.570867645696028,-0.030379313778734,0.153465295473713,0.692048720574743,-0.0405503557487179,-0.438214728805993,0.0747010605240751
23.09,-0.00928603789690569,0.0469097017795581,0.211538374189943,0.0247542579078214,-0.125049549562695,-0.563908475308284,-0.030714129747035,0.155156664537476,0.699675915981111,-0.0405401957277622,-0.44106488451555,0.0740232679636534
23.1,-0.00904003114544646,0.0456669647290711,0.205934275992069,0.0244454665515223,-0.123489647417461,-0.556874127376406,-0.031039255186991,0.156799080560176,0.707082358613635,-0.0405283702868415,-0.443884327879082,0.0733715925007941
23.11,-0.00879712856587526,0.0444399088312089,0.200400891642415,0.0241334728040816,-0.121913567951491,-0.549766828136012,-0.0313545258522597,0.158391713828636,0.714264306899724,-0.0405149484979985,-0.446672403324583,0.0727454849249042
23.12,-0.00855736168936484,0.0432286933700414,0.194938939429349,0.0238183760344771,-0.120321813140889,-0.542588841238412,-0.0316597774969679,0.159933734632334,0.721218019275953,-0.0404999994397644,-0.449428475129721,0.0721443897583113
23.13,-0.00832076104518573,0.0420334725683912,0.189549114817647,0.0235002772541423,-0.118714893258844,-0.535342467750493,-0.0319548458741935,0.161424313255254,0.727939754152543,-0.0404835921292682,-0.452151927657738,0.0715677459851549
23.14,-0.00808735614428192,0.0408543955048641,0.184232090074337,0.0231792791169931,-0.117093326875783,-0.528030046155359,-0.032239566737838,0.162862619985376,0.734425769959017,-0.0404657954549421,-0.454842165575905,0.0710149877762389
23.15,-0.00785717546284587,0.0396916060308756,0.17898851389454,0.0228554859193855,-0.115457640859137,-0.520653952351313,-0.0325137758422543,0.164247825113491,0.740672325140217,-0.0404466781098894,-0.457498614057032,0.0704855452088501
23.16,-0.00763024642589422,0.0385452426876814,0.173819011027311,0.022529003600148,-0.113808370373513,-0.513216599652555,-0.0327773089407749,0.165579098924541,0.746675678113295,-0.040426308525981,-0.460120718964521,0.0699788449805688
23.17,-0.00740659539084292,0.0374154386234054,0.168724181901489,0.02219993974057,-0.112146058880646,-0.505720438789048,-0.033030001787266,0.166855611706547,0.752432087305945,-0.0404047548087428,-0.46270794702154,0.0694943111161151
23.18,-0.00718624763108282,0.0363023215100685,0.163704602251531,0.0218684035644027,-0.110471258139383,-0.498167957906436,-0.0332716901352816,0.168076533746266,0.757937811142783,-0.0403820846731,-0.465259785964859,0.0690313656663029
23.19,-0.00696922731955488,0.0352060134606178,0.15876082274336,0.0215345059378644,-0.108784528205721,-0.490561682566192,-0.0335022097385139,0.169241035330386,0.763189108049544,-0.0403583653800368,-0.467775744683952,0.068589429398192
23.2,-0.00675555751232555,0.0341266309459542,0.153893368600207,0.0211983593696325,-0.107086437432775,-0.482904175745446,-0.0337213963513321,0.170348286749618,0.768182236468051,-0.0403336636742343,-0.470255353345977,0.0681679224755549
23.21,-0.00654526013216224,0.0330642847119623,0.149102739228452,0.0208600780108378,-0.105377562470729,-0.475198037836832,-0.0339290857271772,0.171397458290116,0.772913454819299,-0.0403080457227446,-0.472698163507268,0.0677662651288004
23.22,-0.0063383559521088,0.0320190796965396,0.144389407843471,0.0205197776550889,-0.103658488266973,-0.46744590664906,-0.0341251136186162,0.17238772023286,0.777379021502548,-0.0402815770547606,-0.475103748211981,0.0673838783135206
23.23,-0.00613486457906039,0.0309911149466225,0.139753821095469,0.0201775757384654,-0.101929808066071,-0.459650457406778,-0.0343093157809215,0.173318242873063,0.781575194980003,-0.0402543225025356,-0.477471702078582,0.0670201843568555
23.24,-0.0059348044373395,0.0299804835352183,0.135196398695335,0.0198335913394705,-0.100192123409511,-0.45181440274946,-0.0344815279683747,0.174188196500829,0.785498233691931,-0.0402263461435102,-0.479801641374819,0.0666746075908968
23.25,-0.00573819275227099,0.0289872724784324,0.13071753304048,0.0194879451790979,-0.0984460441360545,-0.44394049273294,-0.0346415859333295,0.174996751396296,0.789144396032871,-0.040197711243699,-0.482093204081911,0.0663465749723779
23.26,-0.00554504553375755,0.0280115626524972,0.126317588840677,0.019140759620804,-0.0966921883815856,-0.436031514828803,-0.0347893254296782,0.175743077848186,0.792509940434927,-0.0401684802023886,-0.48434604994861,0.0660355166879269
23.27,-0.00535537755985492,0.0270534287108007,0.121996902743904,0.0187921586705043,-0.0949311825790909,-0.428090293924242,-0.0349245822114252,0.176426346144989,0.795591125332152,-0.0401387144981993,-0.486559860535883,0.0657408667441902
23.28,-0.00516920236034747,0.0261129390009154,0.117755782962192,0.0184422679765755,-0.0931636614586859,-0.420119692322161,-0.0350471920323323,0.17704572657374,0.798384209149161,-0.0401084746365574,-0.488734339252883,0.0654620635421567
23.29,-0.00498653220032342,0.025190155481627,0.113594508897461,0.0180912148298577,-0.0913902680476161,-0.412122609741259,-0.0351569906465781,0.17760038942425,0.800885450323341,-0.0400778200986266,-0.490869211384955,0.0651985504350474
23.3,-0.00480737806375033,0.0242851336399632,0.109513330767367,0.0177391281636439,-0.089611653670201,-0.404101983315694,-0.0352538138077143,0.178089504982808,0.803091107280605,-0.0400468092917445,-0.49296422411437,0.0649497762691654
23.31,-0.00463174963705055,0.023397922408223,0.105512469231147,0.0173861385537034,-0.08782847794796,-0.396060787595647,-0.0353374972687386,0.178512243533106,0.804997438429879,-0.0400154995014067,-0.495019146534506,0.0647151959071233
23.32,-0.0044596552926762,0.0225285640810037,0.101592115015453,0.017032378218269,-0.0860414087995383,-0.388002034547094,-0.0354078767844343,0.178867775368274,0.806600702221009,-0.0399839468448414,-0.497033769658187,0.0644942707329048
23.33,-0.00429110207268518,0.0216770942322323,0.0977524285402056,0.0166779810180148,-0.0842511224405946,-0.379928773551227,-0.0354647881081939,0.179155270773481,0.807897157075222,-0.0399522062262164,-0.499007906420868,0.0642864691382374
23.34,-0.00412609567231591,0.0208435416321918,0.0939935395444285,0.0163230824561052,-0.0824583033840688,-0.37184409140559,-0.0355080669932354,0.179373900032899,0.808883061405619,-0.0399203312935133,-0.500941391679383,0.0640912669897939
23.35,-0.00396464042356308,0.020027928164551,0.090315546712094,0.0159678196781501,-0.0806636444399367,-0.363751112323115,-0.0355375491938051,0.17952283343712,0.809554673651436,-0.03988837439711,-0.502834082206927,0.063908148076759
23.36,-0.00380673927875292,0.0192302687433931,0.0867185172979663,0.0156123314722291,-0.0788678467153264,-0.355652997932562,-0.0355530704636302,0.179601241273455,0.80990825224229,-0.0398563865501027,-0.504685856684949,0.0637366045383364
23.37,-0.0036523937941185,0.0184505712302445,0.0832024867534429,0.0152567582688775,-0.0770716196144677,-0.34755294727827,-0.0355544665572985,0.179608293833216,0.809940055621903,-0.0398244173904021,-0.506496615692619,0.0635761372707985
23.38,-0.00350160411337538,0.0176888363511038,0.0797674583524011,0.0149012421410831,-0.0752756808386622,-0.339454196820124,-0.0355415732272837,0.179543161397514,0.809646342188498,-0.0397925151446342,-0.508266281694521,0.0634262563137095
23.39,-0.00335436895129679,0.016945057613471,0.0764134028170393,0.0145459268043317,-0.0734807563865169,-0.331360020434497,-0.0355142262273022,0.179405014253569,0.809023370369272,-0.0397607265938743,-0.5099947990272,0.063286481214987
23.4,-0.00321068557728875,0.0162192212233735,0.0731402579437113,0.0141909576165371,-0.0716875805535909,-0.323273729412739,-0.035472261312003,0.179193022693544,0.808067398613311,-0.0397290970412403,-0.511682133885183,0.0631563413744934
23.41,-0.00307054979896606,0.0155113060023992,0.0699479282287847,0.0138364815780916,-0.0698968959326461,-0.315198672462231,-0.0354155142345839,0.178906357001803,0.806774685335777,-0.039697670281372,-0.513328274307053,0.0630353763658824
23.42,-0.00293395594572692,0.0148212833047206,0.0668362844944668,0.0134826473318454,-0.0681094534135549,-0.307138235706024,-0.0353438207492689,0.178544187467857,0.805141488971517,-0.0396664885718154,-0.514933230162179,0.0629231362364538
23.43,-0.00280089685232916,0.0141491169341281,0.0638051635146644,0.0131296051631063,-0.066326012183289,-0.299095842682801,-0.0352570166092645,0.178105684376658,0.803164067938489,-0.0396355926063359,-0.516497033138619,0.0628191817847999
23.44,-0.0026713638424648,0.0134947630610548,0.0608543676408109,0.0127775069996602,-0.0645473397260218,-0.291074954347254,-0.0351549375685233,0.177590018016907,0.800838680669081,-0.0396050214901754,-0.518019736732771,0.0627230848160589
23.45,-0.00254534671233596,0.0128581701396077,0.0579836644277194,0.0124265064117358,-0.062774211822951,-0.28307906906942,-0.0350374193811372,0.176996358677719,0.798161585595681,-0.0395748127172701,-0.519501416241232,0.0626344283746237
23.46,-0.00242283371423009,0.0122392788245959,0.0551927862594226,0.0120767586120374,-0.0610074125524675,-0.275111722635341,-0.0349042978003473,0.176323876643464,0.795129041136397,-0.0395450021494427,-0.520942168755378,0.0625528069541771
23.47,-0.00230381154009521,0.0116380218885584,0.0524814299750127,0.0117284204557289,-0.0592477342900817,-0.267176488246692,-0.0347554085800652,0.175571742202344,0.791737305722466,-0.0395156239975787,-0.522342113159113,0.0624778266849637
23.48,-0.00218826530511548,0.011054324138794,0.0498492564944879,0.011381650440436,-0.0574959777084201,-0.259276976520889,-0.0345905874744881,0.174739125644483,0.787982637790888,-0.0394867108047957,-0.523701390130208,0.0624091054982364
23.49,-0.0020761785312865,0.01048810233439,0.047295890444595,0.0110366087062392,-0.0557529517771922,-0.251416835490875,-0.0344096702367869,0.173825197254265,0.783861295755063,-0.0394582934316117,-0.525020162145631,0.062346273267846
23.5,-0.0019675331309907,0.00993926510325022,0.0448209197846705,0.0106934570357003,-0.0540194737633349,-0.243599750605788,-0.0342124926205384,0.172829127318149,0.779369538039844,-0.039430401043115,-0.526298613491255,0.0622889719289729
23.51,-0.0018623093905725,0.00940771285912334,0.0424238954324794,0.0103523588538284,-0.0522963692308293,-0.235829444730079,-0.0339988903803372,0.171750086127583,0.774503623092204,-0.0394030610981368,-0.527536950276273,0.0622368555740381
23.52,-0.00176048595391413,0.00889333771863365,0.040104330890069,0.0100134792280936,-0.0505844720407833,-0.228109678143944,-0.0337686992691995,0.17058724396641,0.769259809320111,-0.039376299340423,-0.528735400452625,0.0621895905258531
23.53,-0.00166203980601063,0.0083960234183077,0.0378617018696006,0.00967698486844443,-0.0488846243515011,-0.220444248543677,-0.0335217550413727,0.169339771124995,0.763634355165388,-0.0393501397918024,-0.529894213839757,0.062146855388108
23.54,-0.00156694625654525,0.00791564523160365,0.0356954459191956,0.00934304412726613,-0.0471976766182835,-0.212836991040637,-0.0332578934510351,0.168006837892178,0.757623519064863,-0.0393246047473407,-0.531013662154927,0.0621083410733272
23.55,-0.00147517892346531,0.00745206988594205,0.0336049620487879,0.00901182699942374,-0.0455244875936577,-0.20529177816238,-0.0329769502506378,0.166587614548721,0.751223559413273,-0.0392997147724711,-0.532094039049294,0.0620737508084576
23.56,-0.00138670971655678,0.00700515547973052,0.0315896103559481,0.00868350512225339,-0.0438659243273091,-0.197812519852372,-0.0326787611943301,0.165081271384904,0.744430734649815,-0.039275488702087,-0.533135660150011,0.0620428001182827
23.57,-0.00130150882102022,0.00657475139939573,0.0296487116517399,0.00835825177553703,-0.0422228621659591,-0.190403163469381,-0.0323631620366005,0.16348697869168,0.737241303220221,-0.0392519436415794,-0.534138863108443,0.0620152167868998
23.58,-0.00121954468104604,0.00616069823641135,0.0277815470865606,0.00803624188152139,-0.0405961847534756,-0.183067693787968,-0.0320299885308274,0.161803906754,0.729651523541128,-0.039229094969799,-0.535104007654668,0.0619907407975218
23.59,-0.00114078398338979,0.00576282770432623,0.0259873577759806,0.0077176520049205,-0.0389867840308791,-0.175810132998559,-0.0316790764303562,0.160031225857345,0.721657654030347,-0.039206956343919,-0.536031475658368,0.0619691242509101
23.6,-0.00106519164094764,0.00538096255579379,0.0242653444265895,0.00740266035291428,-0.0373955602363287,-0.168634540707361,-0.031310261489182,0.158168106290664,0.713255953122024,-0.0391855397061714,-0.536921671196176,0.0619501312627759
23.61,-0.00099273077633151,0.00501491649959968,0.0226146669618335,0.00709144677513687,-0.0358234219050659,-0.161545013936119,-0.0309233794619688,0.156213718345989,0.704442679264092,-0.0391648552924269,-0.537775020625529,0.0619335378405279
23.62,-0.000923362705444901,0.00466449411769249,0.0210344441478671,0.00678419276367492,-0.034271285869409,-0.15454568712208,-0.0305182661015471,0.154167232305788,0.695214090863048,-0.0391449116425827,-0.538591972665044,0.0619191317397819
23.63,-0.000857046921058015,0.00432949078221151,0.0195237532193919,0.00648108145310594,-0.0327400772589502,-0.147640732118858,-0.0300947571612234,0.152027818455504,0.68556644633668,-0.0391257156127215,-0.539372998481405,0.0619067123010834
23.64,-0.000793741076382762,0.00400969257251338,0.0180816295054895,0.00618229762045035,-0.0312307295002985,-0.140834358195344,-0.0296526883953588,0.14979464708547,0.675496004125358,-0.0391072723889991,-0.540118591782746,0.0618960902673423
23.65,-0.00073340096864901,0.00370487619220555,0.0167070660554851,0.00588802768519878,-0.0297441843172409,-0.134130812036351,-0.0291918955575543,0.147466888482112,0.664999022653185,-0.039089585503215,-0.540829268918428,0.0618870875825124
23.66,-0.000675980522678789,0.00341480888616857,0.0153990132647626,0.00559845970929928,-0.0282813917306563,-0.12753437774228,-0.0287122144022543,0.145043712936894,0.654071760364833,-0.0390726568500162,-0.541505568985173,0.061879537172094
23.67,-0.000621431774463027,0.00313924835759244,0.0141563785006396,0.0053137833971537,-0.0268433100585031,-0.121049376829055,-0.0282134806826364,0.142524290733948,0.642710475673463,-0.0390564867056795,-0.542148053939396,0.0618732827060816
23.68,-0.000569704854735717,0.00287794268499852,0.0129780257281815,0.00503419009564656,-0.0254309059159774,-0.114680168228811,-0.0276955301520462,0.139907792158922,0.630911426998142,-0.0390410737484144,-0.542757308715652,0.061868178345023
23.69,-0.000520747972550098,0.0026306302392729,0.0118627751360634,0.00475987279411279,-0.0240451542153247,-0.108431148289092,-0.0271581985648873,0.137193387502183,0.618670872780695,-0.039026415080124,-0.543333941351009,0.0618640884699001
23.7,-0.000474507398853463,0.00239703960069204,0.0108094027623997,0.00449102612434883,-0.0226870381659338,-0.102306750773198,-0.0266013216747654,0.134380247050209,0.605985071442964,-0.0390125062495549,-0.54387858311519,0.0618608873965933
23.71,-0.000430927450063123,0.00217688947595424,0.00981664012059946,0.00422784636061749,-0.0213575492743206,-0.0963114468602331,-0.0260247352351829,0.131467541090075,0.592850281410369,-0.038999341276766,-0.544391888646291,0.0618584590757325
23.72,-0.000389950471641115,0.00196988861520564,0.0088831738251951,0.00397053141964518,-0.0200576873441324,-0.0904497451449907,-0.0254282750002076,0.128454439909925,0.579262761117227,-0.038986912678837,-0.544874536091874,0.0618566967787955
23.73,-0.000351516821670207,0.00177573572907153,0.00800764521769937,0.00371928086061326,-0.0187884604761217,-0.0847261916378868,-0.0248117767235987,0.125340113797217,0.56521876898896,-0.0389752114967366,-0.545327227255193,0.0618555027713618
23.74,-0.000315564854428851,0.00159411940568321,0.0071886499924374,0.00347429588517322,-0.0175508850681881,-0.0791453697652117,-0.0241750761585505,0.122123733037193,0.550714563442047,-0.0389642273232607,-0.545750687746356,0.061854787974478
23.75,-0.000282030903966744,0.00142471802770777,0.00642473782239517,0.00323577933744226,-0.0163459858153778,-0.0737119003690461,-0.0235180090593135,0.118804467919431,0.53574640291434,-0.038953948331951,-0.546145667138127,0.0618544716151566
23.76,-0.000250849267680008,0.00126719968937566,0.00571441198505651,0.00300393570398696,-0.0151747957097995,-0.0684304417069252,-0.0228404111803786,0.115381488735027,0.520310545850133,-0.038944361306893,-0.546512939126159,0.0618544808670728
23.77,-0.000221952189887006,0.00112122211351179,0.00505612898825669,0.0027789711138347,-0.0140383560406773,-0.0633056894520436,-0.0221421182742413,0.111853965765051,0.504403250649065,-0.0389354516732929,-0.546853301693353,0.0618547504825885
23.78,-0.000195269845403315,0.000986432568562123,0.00444829819601567,0.00256109333850214,-0.0129377163944985,-0.0583423766939441,-0.021422966094681,0.108221069296953,0.488020775739638,-0.038927203528721,-0.547167577278108,0.0618552224172872
23.79,-0.000170730323116965,0.000862467785621823,0.00388928145437784,0.00235051179194109,-0.0118739346547383,-0.0535452739372511,-0.02068279039624,0.10448196962221,0.471159379567008,-0.0389195996749096,-0.547456612946165,0.0618558454482707
23.8,-0.000148259609564494,0.000748953875467362,0.00337739271727067,0.00214743753057735,-0.0108480770020544,-0.0489191891026041,-0.0199214269319689,0.100635837025029,0.453815320540089,-0.0389126216499814,-0.547721280565763,0.0618565747875162
23.81,-0.000127781572505418,0.00064550624558074,0.00291089767232577,0.00195208325330172,-0.00986121791423779,-0.0444689675264495,-0.0191387114558866,0.0966818417939699,0.435984857095003,-0.0389062497609832,-0.547962476985863,0.061857371691672
23.82,-0.000109217944498453,0.000551729517182575,0.00248801336674154,0.00176466330145956,-0.00891444016617468,-0.0401994919607027,-0.0183344797226496,0.0926191542207352,0.41766424768126,-0.0389004631165896,-0.548181124217118,0.0618582030697204
23.83,-9.2488306476228e-05,0.000467217442257251,0.00210690783311174,0.00158539365884874,-0.00800883482982312,-0.0361156825728245,-0.0175085674854199,0.0884469445899854,0.398849750709601,-0.0388952396598377,-0.548378169615359,0.0618590410900122
23.84,-7.75100713214794e-05,0.000391552820586116,0.00176569971528506,0.00141449195175117,-0.00714550127437501,-0.0322224969465108,-0.0166608104967485,0.0841643831830976,0.379537624581333,-0.038890556200745,-0.548554586067296,0.0618598627882393
23.85,-6.41984674412052e-05,0.000324307416769753,0.00146245789418153,0.00125217744891377,-0.00632554716616121,-0.028524930081198,-0.0157910445117849,0.0797706402945498,0.359724127756993,-0.038886388448657,-0.548711372178203,0.0618606496779855
23.86,-5.24665223432044e-05,0.000265041877262895,0.00119520111366112,0.00109867106151548,-0.00555008846848404,-0.0250280143913711,-0.0148991052839268,0.0752648862098503,0.339405518655092,-0.0388827110441649,-0.548849552461305,0.061861387365562
23.87,-4.22250462108961e-05,0.000213305647400075,0.000961897606354123,0.000954195343235243,-0.00482024944196423,-0.0217368197080963,-0.0139848285664055,0.0706462912139891,0.318578055690979,-0.038879497590423,-0.548970177528651,0.0618620651709098
23.88,-3.33826154785e-05,0.000168636888423612,0.000760464719499199,0.000818974490187374,-0.00413716264420429,-0.0186564532775517,-0.0130480501141557,0.0659140256001245,0.297237997318138,-0.0388767206836945,-0.549074324283229,0.0618626757564228
23.89,-2.58455564071461e-05,0.000130562394515976,0.000588768540803031,0.000693234340952088,-0.00350196892996154,-0.0157920597617326,-0.0120886056798159,0.0610672596499875,0.275381601940029,-0.0388743519429398,-0.549163096112098,0.0618632147656253
23.9,-1.95179286594585e-05,9.8597509824383e-05,0.000444623524264554,0.000577202376591061,-0.00291581745120457,-0.0131488212387512,-0.0111063310175371,0.0561051636534273,0.25300512799421,-0.0388723620382587,-0.549237623080362,0.061863680473708
23.91,-1.43015088753251e-05,7.22460454918861e-05,0.000325792116028012,0.000471107720601351,-0.00237986565689302,-0.0107319572018485,-0.0101010618816862,0.051026907900572,0.230104833920396,-0.0388707207179894,-0.549299062125762,0.061864073452011
23.92,-1.00957742474317e-05,5.10001966865237e-05,0.000229984380227588,0.000375181138957342,-0.00189527929319315,-0.0085467245603434,-0.00907263402545985,0.0458316626762731,0.206676978133933,-0.038869396834257,-0.549348597253734,0.0618643962486181
23.93,-6.79788609617843e-06,3.43404596280239e-05,0.000154857624821148,0.000289655040092158,-0.00146323240336757,-0.00659841763916994,-0.00802088320152709,0.0405185982622919,0.182717819036679,-0.038868358366759,-0.549387439732781,0.0618646530873129
23.94,-4.30267344558866e-06,2.17355486191728e-05,9.80160274441921e-05,0.000214763474926804,-0.00108490732794733,-0.00489236817960991,-0.00694564516475997,0.0350868849514922,0.158223615083226,-0.0388675724445658,-0.549416828289993,0.0618648495872262
23.95,-2.50261659764245e-06,1.26423130690778e-05,5.70102612289514e-05,0.000150742136796961,-0.000761494704337745,-0.00343394533750548,-0.0058467556702908,0.029535693038958,0.133190624733165,-0.0388670053657053,-0.549438029306637,0.0618649925055889
23.96,-1.2878307096495e-06,6.50565453241825e-06,2.9337120694084e-05,9.782836152099e-05,-0.00049419346716818,-0.00222855568494667,-0.00472405046947067,0.0238641927995145,0.107615106356167,-0.0388666226142944,-0.549452337013636,0.0618650895060946
23.97,-5.4604936722269e-07,2.75844372571443e-06,1.2439147530019e-05,5.62611274075498e-05,-0.000284210848347466,-0.00128164321038218,-0.00357736531645829,0.0180715545224062,0.0814933183912349,-0.0388663888749678,-0.549461073686957,0.0618651489554614
23.98,-1.62608161498323e-07,8.21437565468042e-07,3.70425648643646e-06,2.6281055191813e-05,-0.00013276237672,-0.000598689317121716,-0.00240653596663173,0.0121569485037034,0.0548215193030187,-0.0388662680443521,-0.549465589842701,0.061865179750867
23.99,-2.04282633864405e-08,1.03196191314492e-07,4.6536118758489e-07,8.13040807491634e-06,-4.1071878273403e-05,-0.000185212824321827,-0.00121191144265849,0.00612213787942774,0.0276076599181623,-0.0388662232393159,-0.549467264431949,0.0618651911810318
24,0,0,0,2.04282633864374e-06,-1.03196191314476e-05,-4.65361187584817e-05,-0.000608758173627165,0.00307522591419506,0.0138676705563324,-0.0388662168017259,-0.549467505035227,0.0618651928238058
